command;intent
please clean the green canvas boot next to the brown sandal;CLEAN
give the black sandal a quick clean with the rag;CLEAN
clean up the blue sandal;CLEAN
clean the dirty sandal with the rag next to sneaker_12;CLEAN
scrub the dirty spots on the white sandal;CLEAN
clean the mud off the red sneaker;CLEAN
get the dust off the boot_2 next to the cleaning brush with the rag;CLEAN
brush away the sand on the white leather sandal;CLEAN
use a brush on wet_boot_14 to clean it;CLEAN
the sneaker_4 is dirty clean it with the brush;CLEAN
clean the mud off the yellow sneaker next to spray_7;CLEAN
the sandal is dirty clean it with the brush;CLEAN
clean the mud off leather_boot_3;CLEAN
clean the mud off the canvas sandal next to the sole hammer;CLEAN
scrub the red canvas high boot with the brush;CLEAN
can you clean the sandal_3 using the cleaner;CLEAN
remove the dust from the sandal with the cleaner next to the black boot in the drying area;CLEAN
scrub the rubber sandal with the brush;CLEAN
wash the white sneaker with the cleaner;CLEAN
get the dust off the brown sneaker next to rag_4 on the floor with the rag;CLEAN
get the dust off the brown sandal with the rag;CLEAN
get the dust off the green sneaker_4 with the rag;CLEAN
scrub the blue boot with the brush next to cream_5 inside the tool area;CLEAN
scrub the black mid boot with the brush;CLEAN
wipe down brown_boot_6;CLEAN
clean the mud off the rubber boot next to the blue sneaker on the middle shelf;CLEAN
wipe the red rubber low sandal with the rag;CLEAN
use a brush on the sneaker_4 to clean it;CLEAN
wash wet_boot_11 with the cleaner;CLEAN
get the dust off the yellow sandal with the rag next to sole_glue_3 in the tool area;CLEAN
use the brush to clean the red leather sandal;CLEAN
wipe the dirt from the brown boot_8;CLEAN
brush the sneaker in the drying area next to the red boot;CLEAN
use the rag to clean the brown sneaker;CLEAN
the sneaker is dirty clean it with the cleaner;CLEAN
wipe down the black sneaker on the top shelf next to brush_12;CLEAN
make the sandal clean again with the rag;CLEAN
give the yellow boot a quick clean with the rag;CLEAN
clean green_sandal_9 inside the tool area next to the spray bottle with the rag;CLEAN
clean the red sandal with the cleaner;CLEAN
wash the sneaker with the cleaner;CLEAN
please clean the yellow sandal_88 from the middle shelf next to the green sandal;CLEAN
wipe the sandal with the rag;CLEAN
clean the brown sneaker with the brush;CLEAN
please clean canvas_sneaker_9;CLEAN
clean the red sandal on the floor next to cleaner_3 with the rag;CLEAN
wash the red sneaker with the cleaner;CLEAN
scrub the low sneaker with the brush;CLEAN
brush away the sand on the white sandal;CLEAN
make the green sneaker clean again with the rag;CLEAN
clean the mud off the sneaker;CLEAN
wash the canvas sandal next to the canvas boot on the bottom shelf with the red cleaner;CLEAN
wipe the dirt from brown_sandal_4;CLEAN
make the red sneaker clean again with the cleaner;CLEAN
wipe the dirt from the leather boot next to needle_and_yarn_1 in the tool area;CLEAN
please clean the brown sneaker;CLEAN
get the dust off the yellow rubber sandal_88 with the rag;CLEAN
scrub leather_boot_3 next to the brown sandal with the brush;CLEAN
brush away the sand on the boot;CLEAN
make the white sandal clean again with the cleaner;CLEAN
clean up the blue sneaker next to sneaker_12;CLEAN
wipe the dirt from the boot;CLEAN
brush away the sand on the blue sneaker;CLEAN
brush the green sandal clean;CLEAN
scrub the dirty spots on the sneaker next to the cleaning brush;CLEAN
clean dirty_sneaker_6 with the brush;CLEAN
wash the dirty;CLEAN
clean that shoe_8 before putting it away;CLEAN
get the dust off the green canvas boot with yellow the rag next to spray_7;CLEAN
brush away the sand on the red canvas sandal;CLEAN
brush away the sand on the yellow sandal;CLEAN
clean the black suede sandal_88 next to the sole hammer with the cleaner;CLEAN
get the dust off the blue sneaker with the rag;CLEAN
clean the muddy sandal with the rag;CLEAN
scrub rubber_sandal_6 using the brush next to the black boot in the drying area;CLEAN
wipe blue_sneaker_4 with the rag;CLEAN
can you clean the green boot using the rag;CLEAN
get the dust off the sneaker next to rag_4 on the floor with the rag;CLEAN
get the dust off the red suede sandal with the rag;CLEAN
wipe the boot;CLEAN
wash the mid sneaker_12 with the cleaner;CLEAN
use the cleaner next to cream_5 inside the tool area to clean the rubber boot;CLEAN
wash the sandal with the cleaner;CLEAN
clean the shoe;CLEAN
clean the oily boot next to the blue sneaker on the middle shelf with the cleaner;CLEAN
clean the sole of the red leather sandal with the brush;CLEAN
brush black_boot_5 clean;CLEAN
clean it with;CLEAN
wipe the black boot_11 with the rag next to sole_glue_3 in the tool area;CLEAN
the boot is dirty clean it with the rag;CLEAN
wipe the dirt from the yellow boot;CLEAN
clean the sole of the sandal in the drying area next to the red boot with the brush;CLEAN
remove the dust from brown_sandal_4 with the rag;CLEAN
can you clean the red rubber sandal using the brush;CLEAN
give the high boot a quick clean with the rag on the top shelf next to brush_12;CLEAN
can you clean the yellow sneaker_6 using green cleaner;CLEAN
please clean the suede sneaker;CLEAN
wipe down the white sneaker;CLEAN
wipe the dirt from the sneaker_12 inside the tool area next to the spray bottle;CLEAN
brush away the sand on the red rubber sandal;CLEAN
clean up the blue boot_11;CLEAN
wipe the low boot with the rag from the middle shelf next to the green sandal;CLEAN
get the dust off the blue boot_2 with the rag;CLEAN
scrub the blue sandal with the brush;CLEAN
wipe down the green rubber sandal on the floor next to cleaner_3;CLEAN
scrub sandal_3 with the brush;CLEAN
give the yellow leather sneaker_9 a quick clean with the rag;CLEAN
wash the black sneaker with the cleaner next to the hammer inside the drying area next to spray_7;CLEAN
clean the black high sandal with the rag;CLEAN
wipe the dirt from the green leather sneaker_7;CLEAN
remove the sand from the white sneaker next to the canvas boot on the bottom shelf with the brush;CLEAN
wipe the dirt from the green leather sandal_88;CLEAN
clean the;CLEAN
use the brush to clean dirty_sneaker_6;CLEAN
wipe down the sneaker next to needle_and_yarn_1 in the tool area;CLEAN
clean up the brown sneaker;CLEAN
wipe the suede sneaker with the rag;CLEAN
use the rag to clean the white sandal_4;CLEAN
clean sneaker_1 next to the brown sandal with the brush;CLEAN
scrub the dirty spots on the brown canvas sandal;CLEAN
use the brush to clean the leather boot_2;CLEAN
give the yellow canvas sneaker a quick clean with the rag next to sneaker_12;CLEAN
wipe down the red sandal_4;CLEAN
wipe the white leather sandal with the rag;CLEAN
use a brush on the white mid boot_11 next to the cleaning brush to clean it;CLEAN
wipe the blue boot_6 with the rag;CLEAN
make the blue rubber boot clean again with the cleaner;CLEAN
use the brush next to spray_7 to clean the sandal;CLEAN
use the rag to clean the white canvas low boot;CLEAN
clean brown_boot_6 with the rag;CLEAN
wipe the dirt from the sandal next to the sole hammer;CLEAN
can you clean black_boot_5 using the cleaner;CLEAN
wash off the mud on the boot;CLEAN
brush the sandal clean;CLEAN
make the black sandal_6 clean again with the brush next to the black boot in the drying area;CLEAN
clean the dirty boot with the rag;CLEAN
brush away the sand on sandal_88;CLEAN
scrub the dirty spots on the green leather sneaker_6 next to the red rag_4 on the floor;CLEAN
can you clean the white suede sneaker using the rag;CLEAN
the sandal is dirty clean it with the black cleaner;CLEAN
scrub the dirty spots on the sandal next to cream_5 inside the tool area;CLEAN
clean the sole of the green boot with the brush;CLEAN
use cleaner on the dirty sneaker_9;CLEAN
make the brown sandal next to the blue sneaker on the middle shelf clean again with the rag;CLEAN
clean the green sandal with the cleaner;CLEAN
make the sneaker clean again with the rag;CLEAN
please clean the canvas boot next to sole_glue_3 in the tool area;CLEAN
brush the yellow sneaker_4 clean;CLEAN
wipe the yellow leather sandal with the rag;CLEAN
brush away the sand on the black suede boot in the drying area next to the red boot;CLEAN
sneaker_14 needs cleaning please do that with the brush;CLEAN
the shoe should be cleaned with rag_4 before it goes back;CLEAN
could you clean up the brown sandal_6 using the cleaner;CLEAN
please get the dusty marks cleaned off the canvas boot on the top shelf next to brush_12;CLEAN
I want the muddy sneaker brushed clean if that works;CLEAN
make the shoe less dirty with the rag please;CLEAN
this boot inside the tool area next to the spray bottle is waiting to be washed use brush_12;CLEAN
can the red sneaker be cleaned now maybe with cleaner_3;CLEAN
wipe down sandal_9 because it has sand on it;CLEAN
the dirty leather boot from the middle shelf next to the green sandal should get a proper cleaning;CLEAN
prepare the blue sneaker next to the brown sandal for drying;DRY
make black_boot_5 dry again;DRY
air dry the white sandal;DRY
let the boot next to sneaker_12 air out until it is dry;DRY
dry the rubber sandal_6;DRY
leave boot_2 to dry;DRY
leave leather_shoe_4 next to the cleaning brush in a spot where it can dry;DRY
leave the green boot to dry;DRY
dry the;DRY
air dry the red sneaker;DRY
please dry the black canvas sandal;DRY
dry the inside of the white rubber boot next to spray_7;DRY
let that shoe_43 dry before it goes back on the shelf;DRY
let blue_sneaker_4 dry;DRY
dry the sneaker next to the sole hammer;DRY
dry off the sandal;DRY
leave the blue sneaker to dry;DRY
put the damp shoe next to the black boot in the top shelf away to dry;DRY
put canvas_sneaker_9 where it can dry;DRY
dry the red boot;DRY
let the blue sneaker next to rag_4 on the floor dry;DRY
let the green sandal dry;DRY
please dry the white sneaker;DRY
dry off the brown suede sandal_9 next to cream_5 inside the tool area;DRY
dry out the white rubber sneaker_1;DRY
dry the sandal;DRY
air dry the sneaker;DRY
let the brown sneaker_4 next to the blue sneaker on the middle shelf dry;DRY
make the black sandal dry again;DRY
dry the inside of the blue canvas sneaker;DRY
dry it;DRY
leave the green rubber sandal_88 next to sole_glue_3 in the top shelf to dry;DRY
prepare brown_sandal_4 for drying;DRY
let the brown sandal dry;DRY
put the brown canvas boot in the drying area;MOVE
dry the inside of the boot_6;DRY
dry the green sneaker;DRY
put the boot on the top shelf next to brush_12 somewhere to dry;DRY
make that shoe_69 dry;DRY
put the canvas sneaker somewhere to dry;DRY
dry off sandal_3 inside the tool area next to the spray bottle;DRY
dry out the red sandal;DRY
make leather_boot_3 dry again;DRY
get the moisture out of wet_boot_11;DRY
leave the sneaker from the middle shelf next to the green sandal to dry;DRY
prepare the green sandal for drying;DRY
dry the shoe;DRY
get the moisture out of the canvas sandal on the floor next to cleaner_3;DRY
put sneaker_1 somewhere to dry;DRY
prepare the white leather boot for drying;DRY
dry off the black canvas sneaker next to the hammer inside the bottom shelf next to spray_7;DRY
let the sandal dry;DRY
air dry the yellow suede sneaker;DRY
blue_sneaker_4 next to the canvas boot on the bottom shelf is wet dry it;DRY
put the sandal somewhere to dry;DRY
please dry the red boot;DRY
black_boot_5 next to needle_and_yarn_1 in the middle shelf is wet dry it;DRY
dry off the white sneaker_4;DRY
get the moisture out of the yellow sneaker_9;DRY
let the white boot dry;DRY
air dry boot_2 next to the brown sandal;DRY
let red_shoe_8 dry;DRY
dry the inside of the brown sneaker;DRY
move the sneaker next to sneaker_12 so it can dry;DRY
dry the inside of the sandal_6;DRY
leave the brown boot_6 to dry;DRY
dry out the white sneaker_1 next to the cleaning brush;DRY
get the moisture out of the green boot;DRY
set the wet shoe aside to dry;DRY
get the moisture out of the sandal next to spray_7;DRY
let the red sandal_3 dry;DRY
dry out the yellow sneaker;DRY
dry the wet boot next to the sole hammer;DRY
let the red boot_8 dry;DRY
make brown_boot_6 dry again;DRY
prepare the yellow sandal for drying;DRY
move the black leather sandal_88 next to the black boot in the drying area so it can dry;DRY
prepare the blue sandal for drying;DRY
air dry the black canvas boot;DRY
leave the white boot next to rag_4 on the floor to dry;DRY
dry the inside of the yellow sneaker_12;DRY
prepare the red sandal for drying;DRY
dry the inside of the brown sandal next to cream_5 inside the tool area;DRY
wet boot_6 dry;DRY
get the moisture out of brown_boot_6;DRY
dry the boot next to the blue sneaker on the middle shelf;DRY
let the black canvas boot dry;DRY
move the red leather boot so it can dry;DRY
dry off green_sandal_9;DRY
air dry the yellow canvas sandal next to sole_glue_3 in the tool area;DRY
dry out canvas_sneaker_9;DRY
leave the blue leather sandal to dry;DRY
dry the red sneaker_12 in the drying area next to the red boot;DRY
dry the black rubber sneaker;DRY
get the moisture out of the white sneaker_9;DRY
dry off the blue sneaker on the top shelf next to brush_12;DRY
dry sandal_88;DRY
dry out the red sneaker_7;DRY
prepare the sneaker_12 inside the top shelf next to the spray bottle for drying;DRY
leave brown_boot_6 to dry;DRY
dry off the blue sandal;DRY
dry the inside of the white sneaker from the middle shelf next to the green sandal;DRY
make brown_sandal_4 dry again;DRY
please dry the boot;DRY
put the blue leather sneaker somewhere to dry;DRY
prepare the red boot on the floor next to cleaner_3 for drying;DRY
dry the inside of the yellow boot;DRY
air dry the black sneaker;DRY
put the brown sandal next to the hammer inside the drying area next to spray_7 somewhere to dry;DRY
prepare the sandal_6 for drying;DRY
let the yellow boot dry;DRY
dry off the blue boot next to the canvas boot on the bottom shelf;DRY
please dry sneaker_1;DRY
put the blue sneaker somewhere to dry;DRY
move the yellow boot next to needle_and_yarn_1 in the middle shelf so it can dry;DRY
put the yellow sandal somewhere to dry;DRY
move the boot so it can dry;DRY
the sandal next to the brown sandal got wet dry it;DRY
please dry wet_boot_11;DRY
get the moisture out of the sneaker;DRY
get the moisture out of the blue boot_2;DRY
dry the black boot next to sneaker_12;DRY
leave the black sneaker to dry;DRY
move the red sandal_9 so it can dry;DRY
air dry rubber_sandal_6 next to the cleaning brush;DRY
dry off the yellow leather boot;DRY
please dry the blue sneaker;DRY
dry off leather_boot_3 next to spray_7;DRY
take care of the wet boot and dry it;DRY
put the sneaker somewhere to dry;DRY
move the yellow rubber sandal next to the sole hammer so it can dry;DRY
dry the inside of the sneaker;DRY
get the moisture out of the boot;DRY
prepare the green sneaker next to the black boot in the floor box for drying;DRY
please dry the sneaker;DRY
dry the inside of the green canvas sneaker;DRY
dry out the brown boot_11;DRY
move the white boot next to rag_4 in the floor_box so it can dry;DRY
get the moisture out of the yellow boot;DRY
dry the wet sneaker;DRY
dry the green leather boot next to cream_5 inside the floor box;DRY
the sandal is wet dry it;DRY
put brown_sandal_4 somewhere to dry;DRY
dry the inside of the white suede sandal next to the blue sneaker on the middle shelf;DRY
dry off sneaker_1;DRY
make sure the boot dries;DRY
dry the shoe next to sole_glue_3 in the floor box after the rainy walk;DRY
leave the blue boot to dry;DRY
dry out the yellow leather sandal;DRY
dry off the green sneaker in the floor box next to the red boot;DRY
sneaker_14 needs drying please take care of that;DRY
the shoe should be dried before it is stored away;DRY
could you get boot_8 dry somehow;DRY
please let the wet sandal_6 on the top shelf next to brush_12 dry first;DRY
I want the soaked sneaker dried not cleaned;DRY
make the wet leather boot dry again;DRY
can the moisture in brown_sandal_4 inside the tool area beside the spray bottle be dealt with;DRY
the blue shoe is still dripping dry it please;DRY
put sneake_22 where it can dry out;DRY
this boot from the middle shelf next to the green sandal has to be dried before walking;DRY
take a spare rag from the box;GET_NEW_TOOL
fetch a replacement spray;GET_NEW_TOOL
pick up a new brush from the tool area;GET_NEW_TOOL
get an extra cream for the task;GET_NEW_TOOL
bring a replacement tool_8;GET_NEW_TOOL
fetch a repair tool from the tool box;GET_NEW_TOOL
grab a new rag from the infinite tool box;GET_NEW_TOOL
fetch cleaner;GET_NEW_TOOL
get another cleaner from the tool area;GET_NEW_TOOL
grab another needle and yarn;GET_NEW_TOOL
grab a spare sole hammer before we continue;GET_NEW_TOOL
replace the current repair_tool_6 with a new cream;GET_NEW_TOOL
bring me a new brush;GET_NEW_TOOL
get a clean rag from the tool box;GET_NEW_TOOL
get a new repair tool;GET_NEW_TOOL
bring me a tool;GET_NEW_TOOL
get a cleaning tool for me;GET_NEW_TOOL
bring the next glue from the tool area;GET_NEW_TOOL
take sole_glue from the tool box;GET_NEW_TOOL
take a new sole hammer from the tools;GET_NEW_TOOL
please get a fresh needle and yarn;GET_NEW_TOOL
please get a fresh rag;GET_NEW_TOOL
we need another sole hammer inside the tool area;GET_NEW_TOOL
replace the current tool with a new spray;GET_NEW_TOOL
take a brush from the tool box;GET_NEW_TOOL
fetch a replacement rag;GET_NEW_TOOL
grab a new spray from the infinite tool box;GET_NEW_TOOL
grab another red brush;GET_NEW_TOOL
we need another black sole glue;GET_NEW_TOOL
take a spare sole hammer from the box;GET_NEW_TOOL
please fetch a sole hammer from the tool box;GET_NEW_TOOL
find a new spray in the tool box;GET_NEW_TOOL
get the replacement tool ready;GET_NEW_TOOL
fetch the next available cleaner_2;GET_NEW_TOOL
get replacement sole glue;GET_NEW_TOOL
find a new repair_hammer_8 in the tool box;GET_NEW_TOOL
grab another cream;GET_NEW_TOOL
bring me the spare sole hammer;GET_NEW_TOOL
bring yarn_needle_4 inside the tool area;GET_NEW_TOOL
could you get a new cream for this;GET_NEW_TOOL
get another sole glue from the tool area;GET_NEW_TOOL
bring over a new needle and yarn;GET_NEW_TOOL
get a clean cleaner_2 from the tool box;GET_NEW_TOOL
bring me a new rag;GET_NEW_TOOL
pick up shoe_cleaner_5 from the tool area;GET_NEW_TOOL
get another sole hammer from the tool area;GET_NEW_TOOL
replace the current tool with a new sole hammer;GET_NEW_TOOL
grab repair_hammer_8 from the infinite tool box;GET_NEW_TOOL
bring me the spare cleaner;GET_NEW_TOOL
take one more needle and yarn out of the box;GET_NEW_TOOL
I need a new cream;GET_NEW_TOOL
could you get a sole glue for this;GET_NEW_TOOL
grab a tool from the infinite tool box;GET_NEW_TOOL
bring a fresh brush;GET_NEW_TOOL
I need a new brush in the tool area;GET_NEW_TOOL
please fetch a cleaner from the tool box;GET_NEW_TOOL
get an extra cleaner for the task;GET_NEW_TOOL
take a spare sole glue from the box;GET_NEW_TOOL
grab a spare sole glue before we continue;GET_NEW_TOOL
bring me the spare brush;GET_NEW_TOOL
bring me the spare spray;GET_NEW_TOOL
get a new;GET_NEW_TOOL
take one more cleaner out of the box;GET_NEW_TOOL
take a new tool out of the box;GET_NEW_TOOL
please fetch a rag from the tool box;GET_NEW_TOOL
fetch the next available cream;GET_NEW_TOOL
take one more sole glue out of the box;GET_NEW_TOOL
fetch some impregnation cream;GET_NEW_TOOL
get another spray_7 from the tool area;GET_NEW_TOOL
get another needle and yarn from the tool area;GET_NEW_TOOL
pick up a new rag for the tool area;GET_NEW_TOOL
could you get a new needle and yarn for this;GET_NEW_TOOL
fetch the next available sole glue;GET_NEW_TOOL
could you get a new spray for this;GET_NEW_TOOL
find protection_cream_2 in the tool box;GET_NEW_TOOL
grab a spare needle and yarn before we continue;GET_NEW_TOOL
fetch the next available spray;GET_NEW_TOOL
bring me a spare glue;GET_NEW_TOOL
find another sole glue for me;GET_NEW_TOOL
bring over a new cleaner;GET_NEW_TOOL
bring over a new waterproof_spray_4;GET_NEW_TOOL
get a new sole_glue_3 inside the tool area;GET_NEW_TOOL
grab a spare rag before we continue;GET_NEW_TOOL
fetch a replacement sole glue;GET_NEW_TOOL
I need a new needle and yarn;GET_NEW_TOOL
get a tool_8 for repairing the shoe;GET_NEW_TOOL
we need another rag;GET_NEW_TOOL
get another spray from the tool area;GET_NEW_TOOL
new sole glue;GET_NEW_TOOL
we need another protection_cream_2;GET_NEW_TOOL
take a spare needle and yarn from the box;GET_NEW_TOOL
bring me a new cleaner;GET_NEW_TOOL
grab a spare cleaner before we continue;GET_NEW_TOOL
get me brush_1;GET_NEW_TOOL
could you get a new rag;GET_NEW_TOOL
bring me a new yarn_needle_4;GET_NEW_TOOL
get a new sole hammer;GET_NEW_TOOL
get an extra rag inside the tool area for the task;GET_NEW_TOOL
get a fresh tool from the tool area;GET_NEW_TOOL
get tool_1 for waterproofing;GET_NEW_TOOL
find another cream for me;GET_NEW_TOOL
bring over a new rag;GET_NEW_TOOL
take a spare brush from the box;GET_NEW_TOOL
bring a fresh cream;GET_NEW_TOOL
get an extra brush for the task;GET_NEW_TOOL
get an extra sole hammer for the task;GET_NEW_TOOL
I need a new cleaner_8;GET_NEW_TOOL
we need another shoe_cleaner_5;GET_NEW_TOOL
get replacement needle_and_yarn_1;GET_NEW_TOOL
bring the next spray_t_3 from the tool area;GET_NEW_TOOL
grab another waterproof_spray_4;GET_NEW_TOOL
please get another tool;GET_NEW_TOOL
please get a fresh hammer_2;GET_NEW_TOOL
take a spare spray from the box;GET_NEW_TOOL
fetch some sole glue;GET_NEW_TOOL
get an impregnation tool;GET_NEW_TOOL
bring over a new sole glue;GET_NEW_TOOL
bring a fresh cleaner_2;GET_NEW_TOOL
grab another hamme_2;GET_NEW_TOOL
please get a fresh sole glue;GET_NEW_TOOL
fetch the next available rag;GET_NEW_TOOL
fetch a replacement cream;GET_NEW_TOOL
get a repair_tool_6 for cleaning;GET_NEW_TOOL
get replacement;GET_NEW_TOOL
bring the next needle_1 from the tool area;GET_NEW_TOOL
bring me a tool for this step;GET_NEW_TOOL
fetch some cleaner;GET_NEW_TOOL
replace the current tool with a new needle and yarn;GET_NEW_TOOL
please get a fresh spray;GET_NEW_TOOL
get another cream from the tool area;GET_NEW_TOOL
please fetch a brush from the tool box;GET_NEW_TOOL
take a new yarn_needle_4 from the tools;GET_NEW_TOOL
replace the current tool with a new sole glue;GET_NEW_TOOL
please fetch a sole glue from the tool box;GET_NEW_TOOL
replace the current tool with a new rag;GET_NEW_TOOL
find another brush for me;GET_NEW_TOOL
bring me the spare cream_6;GET_NEW_TOOL
take a sole hammer from the tool box;GET_NEW_TOOL
grab brush_1 before we continue;GET_NEW_TOOL
bring a fresh glue_1;GET_NEW_TOOL
find another repair_hammer_8 inside the tool area for me;GET_NEW_TOOL
we need another brush;GET_NEW_TOOL
bring me a new cream_6;GET_NEW_TOOL
grab a spare spray before we continue;GET_NEW_TOOL
please fetch a spray from the tool box;GET_NEW_TOOL
bring the next sole hammer from the tool area;GET_NEW_TOOL
we need another needle and yarn;GET_NEW_TOOL
get a brush;GET_NEW_TOOL
we need another spray;GET_NEW_TOOL
find a new cleaning_brush_3 in the tool box;GET_NEW_TOOL
could you get a cleaning tool maybe like brush_12 from the box;GET_NEW_TOOL
I need a new spray_7 or something similar for waterproofing;GET_NEW_TOOL
please fetch another sole glue for the repair;GET_NEW_TOOL
can you bring in a fresh rag_4 from the infinite tool box;GET_NEW_TOOL
get me a tool that can clean a muddy shoe;GET_NEW_TOOL
I want a replacement needle_and_yarn_2 for fixing material;GET_NEW_TOOL
please find a new cream_5 inside the tool area;GET_NEW_TOOL
bring whatever repair tool is needed for a loose sole;GET_NEW_TOOL
could you take out another cleaner from the tool box;GET_NEW_TOOL
we need a fresh tool before continuing with the boot;GET_NEW_TOOL
go on a run with the green mid sandal_3 next to the brown sandal;GO_ON_WALK
take the canvas sneaker outside for a short walk;GO_ON_WALK
please take brown_sandal_4 on a walk;GO_ON_WALK
go for a walk in the garage wearing the leather sneaker_4 next to sneaker_12;GO_ON_WALK
take rubber_sandal_6 outside for a medium walk;GO_ON_WALK
walk through the park in sunny weather with blue_sneaker_4;GO_ON_WALK
hike through the forest with the blue sandal next to the cleaning brush;GO_ON_WALK
go for a walk in the parking lot wearing the sandal;GO_ON_WALK
take a short walk in rainy weather with the yellow sandal;GO_ON_WALK
go around the garden with the rubber sneaker;GO_ON_WALK
walk through the playground in rainy weather with the black suede sandal next to spray_7;GO_ON_WALK
please take the blue sandal on a walk;GO_ON_WALK
head to the playground with the sandal for a short walk;GO_ON_WALK
please take the black leather sandal next to the sole hammer on a walk;GO_ON_WALK
take the black sneaker out on the trail;GO_ON_WALK
walk through the street in rainy weather with the suede sandal_3;GO_ON_WALK
take a medium walk in rainy weather with the yellow boot next to the black boot in the drying area;GO_ON_WALK
use leather_boot_3 for a walk in the beach;GO_ON_WALK
go walking with the shoe_4;GO_ON_WALK
go for a jog with the white sneaker next to rag_4 on the floor;GO_ON_WALK
go for a walk in the garden wearing the green boot;GO_ON_WALK
take sandal_88 out on the trail;GO_ON_WALK
use the red boot next to the white cream_5 inside the floor box for a walk in the park;GO_ON_WALK
please take the yellow sneaker_6 on a walk;GO_ON_WALK
take a short walk in sunny weather with the sneaker_1;GO_ON_WALK
go on a run with the red canvas high sandal_3 next to the blue sneaker on the middle shelf;GO_ON_WALK
go for a jog with the blue boot_5;GO_ON_WALK
take a walk with the red sneaker on a sunny street;GO_ON_WALK
go for a jog with the white boot;GO_ON_WALK
walk through the street in rainy weather with the rubber sneaker next to sole_glue_3 in the floor box;GO_ON_WALK
go outside with the white suede sandal for a walk;GO_ON_WALK
hike through the street with the brown sandal;GO_ON_WALK
hike through the construction site with the sneaker in the drying area next to the red boot;GO_ON_WALK
take the black sandal outside for a short walk;GO_ON_WALK
go on a run with the blue sneaker;GO_ON_WALK
go strolling in the city with the green sneaker on the top shelf next to brush_12;GO_ON_WALK
go strolling in the city with the brown boot;GO_ON_WALK
take the white sandal outside for a long walk;GO_ON_WALK
take the white sandal inside the tool area next to the spray bottle for a walk;GO_ON_WALK
take a medium walk in sunny weather with the blue boot;GO_ON_WALK
take the black leather sneaker for a walk;GO_ON_WALK
take a medium walk in rainy weather with the white sneaker from the middle shelf next to the green sandal;GO_ON_WALK
go on a medium walk with the brown rubber sandal_4;GO_ON_WALK
take the red sneaker out on the trail;GO_ON_WALK
walk with the brown boot_5 through the meadow;GO_ON_WALK
take the red boot on the floor next to cleaner_3 for a walk;GO_ON_WALK
take the blue boot out on the trail;GO_ON_WALK
walk through the playground in rainy weather with the black sandal;GO_ON_WALK
please take the green sandal_9 next to the hammer inside the drying area next to spray_7 on a walk;GO_ON_WALK
go for a jog with the green sneaker;GO_ON_WALK
go for a walk in the field wearing the brown sneaker;GO_ON_WALK
go for a walk in the city wearing the blue sneaker next to the canvas boot on the bottom shelf;GO_ON_WALK
take the red leather sandal out on the trail;GO_ON_WALK
take the red leather boot outside for a short walk;GO_ON_WALK
go on a run with the red sneaker_1 next to needle_and_yarn_1 in the tool area;GO_ON_WALK
walk through the construction site in rainy weather with the white sneaker;GO_ON_WALK
hike through the workshop with the boot;GO_ON_WALK
walk with the blue sneaker next to the brown sandals through the construction site;GO_ON_WALK
go on a long walk with the black rubber low boots;GO_ON_WALK
use the black sandal_6 for a walk in the garden;GO_ON_WALK
walk through the city in rainy weather with the green boots next to sneaker_12;GO_ON_WALK
hike through the garage with the yellow boot;GO_ON_WALK
hike through the garden with the sneakers;GO_ON_WALK
take the red rubber boot for a walk;GO_ON_WALK
go on a run with the boots next to the cleaning brush;GO_ON_WALK
go for a walk in the field wearing the brown canvas boots;GO_ON_WALK
go for a walk;GO_ON_WALK
take the boot on a rainy forest walk;GO_ON_WALK
please take the canvas boot next to spray_7 on a walk;GO_ON_WALK
make a short trip through the park with the sneakers;GO_ON_WALK
hike through the field with the suede high boot;GO_ON_WALK
go on a run with the white sandals next to the sole hammer;GO_ON_WALK
please take the clean boot on a walk;GO_ON_WALK
go for a walk in the trail wearing the brown rubber sneaker;GO_ON_WALK
hike through the trail with the red sandal_6 next to the black boots in the drying area;GO_ON_WALK
walk with the red leather boot through the city;GO_ON_WALK
go outside with the canvas sandal_88 for a walk;GO_ON_WALK
go on a medium walk with the yellow sneaker next to rag_4 on the floor;GO_ON_WALK
go outside with the sandal for a walk;GO_ON_WALK
hike through the field with the brown sandals;GO_ON_WALK
take sandal_3 outside for a long walk;GO_ON_WALK
go for a walk in the workshop wearing blue_sneaker_4 next to white cream inside the tool area;GO_ON_WALK
use the green boot for a walk in the playground;GO_ON_WALK
take the suede sneakers outside for a short walk;GO_ON_WALK
take a medium walk in rainy weather with the yellow suede boot next to the blue sneakers on the middle shelf;GO_ON_WALK
go for a long walk at the beach with sandal_3;GO_ON_WALK
go on a long walk;GO_ON_WALK
go on a short walk with the dirty sneaker;GO_ON_WALK
go for a jog with the boots next to sole_glue_3 in the tool area;GO_ON_WALK
try the boot on a long rainy trail walk;GO_ON_WALK
take canvas_sneaker_9 for a walk;GO_ON_WALK
walk with the blue sandals in the drying area next to the red boot through the park;GO_ON_WALK
wear the boot_5 for a muddy walk through the field;GO_ON_WALK
walk with the black boot through the street;GO_ON_WALK
wear canvas_sneaker_9 on the top shelf next to brush_12 and walk around the trail;GO_ON_WALK
take the yellow rubber sneaker out on the trail;GO_ON_WALK
take the yellow sneaker out on the trail;GO_ON_WALK
walk with the;GO_ON_WALK
walk through the park in sunny weather with green_sandal_9;GO_ON_WALK
go for a jog with the brown suede boot inside the floor box;GO_ON_WALK
hike through the city with the white sandals;GO_ON_WALK
go for a walk in the playground wearing the red sneaker;GO_ON_WALK
take the black sandal from the middle shelf next to the green sandals for a walk;GO_ON_WALK
wear the black sneaker_7 and walk around the park;GO_ON_WALK
go on a short walk with the blue sneaker_12;GO_ON_WALK
go around the garden with the yellow canvas sandal on the floor;GO_ON_WALK
go on a run with the red boots;GO_ON_WALK
please take the yellow sandal on a walk;GO_ON_WALK
take the sneaker_1 next to the hammer inside the drying area next to spray_7 out on the trail;GO_ON_WALK
take the red rubber sneakers outside for a short walk;GO_ON_WALK
take the blue sandal outside for a medium walk;GO_ON_WALK
please take dirty_sneaker_6 next to the canvas boot on the bottom shelf on a walk;GO_ON_WALK
take the yellow sandal outside for a medium walk;GO_ON_WALK
run with the sneaker_6;GO_ON_WALK
walk through the construction site in rainy weather with the red leather sneaker_1 next to needle_and_yarn_1;GO_ON_WALK
hike through the garage with the black sandal;GO_ON_WALK
go strolling in the city with sneaker_1;GO_ON_WALK
go around the garden with the yellow sneaker;GO_ON_WALK
take the boot_11 next to the brown sandal outside;GO_ON_WALK
wear the red suede sneaker_6 and walk around the garage;GO_ON_WALK
take the boot for a walk;GO_ON_WALK
go for a walk in the field wearing the brown canvas sandal next to sneaker_12;GO_ON_WALK
go on a run with the white suede mid sneaker;GO_ON_WALK
go for a walk in the parking lot wearing the brown boot;GO_ON_WALK
go for a walk in the parking lot wearing the white sneaker next to the cleaning brush;GO_ON_WALK
go around the garden with the sandals;GO_ON_WALK
take the sneaker outside for a short walk;GO_ON_WALK
use the black suede sandal next to spray_7 for a walk in the construction site;GO_ON_WALK
take the boot outside for a short walk;GO_ON_WALK
go on a short walk with blue_sneaker_4;GO_ON_WALK
wear the leather sandal_3 next to the sole hammer and walk around the forest;GO_ON_WALK
go for a walk in the field wearing sandal_88;GO_ON_WALK
go strolling in the city with the black sneaker;GO_ON_WALK
go on a medium walk with the boot;GO_ON_WALK
wear the rubber low sneakers next to the black boot in the drying area and walk around the field;GO_ON_WALK
take the black sneaker_4 outside for a short walk;GO_ON_WALK
go for a jog with the yellow leather sandals;GO_ON_WALK
take a long walk in sunny weather with the sandal next to rag_4 on the floor;GO_ON_WALK
take the rubber sneaker out on the trail;GO_ON_WALK
go on a run with the brown sneaker;GO_ON_WALK
take the yellow sandal next to cream_5 inside the tool area outside for a long walk;GO_ON_WALK
please take the red sandal_88 on a walk;GO_ON_WALK
please take the green sneakers on a walk;GO_ON_WALK
wear the yellow canvas sandal_9 beside the blue sneaker on the middle shelf and walk around the forest;GO_ON_WALK
take the sneaker for a walk;GO_ON_WALK
go on a medium walk with sandal_3;GO_ON_WALK
go for a jog with the green leather sneakers next to sole_glue_3 in the tool area;GO_ON_WALK
hike with the shoe;GO_ON_WALK
go outside with the white sneaker for a walk;GO_ON_WALK
go for a jog with brown_boot_6 in the drying area next to the red boot;GO_ON_WALK
I want to go walking with sneaker_14 through the park;GO_ON_WALK
could you take the boots for a rainy walk on the trail;GO_ON_WALK
let us do a short walk with the brown_sandal_4;GO_ON_WALK
I feel like going for a run in the city with the very dirty sneaker on the top shelf next to brush_12s;GO_ON_WALK
please go out walking in the forest with boot_8;GO_ON_WALK
take the shoe for a medium walk maybe around the street;GO_ON_WALK
can we walk the leather boot inside the tool area next to the spray bottles through the garden;GO_ON_WALK
I want a long hike with the high boot on the trail;GO_ON_WALK
head outside with sneake_22 for a sunny walk;GO_ON_WALK
use the sandal from the middle shelf next to the green sandals for walking around the playground;GO_ON_WALK
seal the black leather sandals next to the brown sandal with the spray;IMPREGNATE
add a protective layer to the black leather sneaker;IMPREGNATE
apply cream to the white leather boots;IMPREGNATE
cover wet_boot_11 with waterproofing cream next to sneaker_12;IMPREGNATE
rub cream into the blue suede sandal for protection;IMPREGNATE
please waterproof the black suede boot_6;IMPREGNATE
please waterproof the black sneaker next to the cleaning brush;IMPREGNATE
coat the green mid boot with the cream;IMPREGNATE
make sure the black boot_5 is protected from water;IMPREGNATE
protect rubber_sandal_6 with the spray;IMPREGNATE
rub cream into canvas_sneaker_9 next to spray_7 for protection;IMPREGNATE
apply spray to sandal_88;IMPREGNATE
impregnate the blue canvas boot_2 with the cream;IMPREGNATE
give the rubber sneakers next to the sole hammer a waterproof treatment;IMPREGNATE
prepare brown_boot_6 for rain with the cream;IMPREGNATE
waterproof the;IMPREGNATE
rub cream into the green sneaker for protection;IMPREGNATE
the shoe is unprotected use the cream next to the black boot in the drying area on it;IMPREGNATE
treat the high boot_2 with waterproofing spray;IMPREGNATE
please waterproof brown_boot_6;IMPREGNATE
cover the green leather sandal next to rag_4 on the floor with waterproofing cream;IMPREGNATE
apply cream to the canvas sneaker;IMPREGNATE
please waterproof the suede sneaker;IMPREGNATE
spray the yellow leather sneaker to protect it;IMPREGNATE
coat the suede boot with the cream next to cream_5 inside the tool area;IMPREGNATE
use impregnation spray on the red canvas boot;IMPREGNATE
use impregnation spray on the rubber sneaker;IMPREGNATE
coat the brown rubber sneakers beside the blue sneaker on the middle shelf with the spray;IMPREGNATE
add a protective layer to the red sandal_9;IMPREGNATE
rub cream into the boots for protection;IMPREGNATE
rub cream next to sole_glue_3 in the tool area into the yellow sneakers for protection;IMPREGNATE
use the cream to impregnate the clean sandal;IMPREGNATE
prepare the high sneakers for rain with the spray;IMPREGNATE
treat the sneaker in the drying area next to the red boot with waterproofing spray;IMPREGNATE
add a protective layer to the brown boot;IMPREGNATE
use the spray on the sandal to protect it;IMPREGNATE
make the sandal on the top shelf next to brush_12 waterproof;IMPREGNATE
apply cream to;IMPREGNATE
prepare the sandal for rain with the spray;IMPREGNATE
cover the green sandal with waterproofing cream;IMPREGNATE
impregnate shoe_1 inside the floor box next to the spray bottle;IMPREGNATE
use impregnation spray on the sneakers;IMPREGNATE
waterproof the boot_2 before the walk;IMPREGNATE
please waterproof the green boot from the middle shelf next to the green sandal;IMPREGNATE
make sneaker_1 waterproof;IMPREGNATE
make sure the high sandal_3 is protected from water;IMPREGNATE
use spray on the floor next to cleaner_3;IMPREGNATE
prepare the green leather boot for rain with the cream;IMPREGNATE
give the brown canvas boots a waterproof treatment;IMPREGNATE
add a protective layer to the leather sneaker next to the hammer inside the drying area next to spray_7;IMPREGNATE
add a protective layer to the yellow sneaker;IMPREGNATE
rub cream into the suede boot for protection;IMPREGNATE
apply cream to the clean sneaker;IMPREGNATE
the shoe next to the canvas boot on the bottom shelf is unprotected use the spray on it;IMPREGNATE
protect the shoe_10;IMPREGNATE
impregnate the red sandal_3 with the spray;IMPREGNATE
treat sandal_88 with waterproofing spray next to needle_and_yarn_1 in the tool area;IMPREGNATE
rub cream into the white boot for protection;IMPREGNATE
protect that shoe with cream;IMPREGNATE
give the sneaker next to the brown sandal a waterproof treatment;IMPREGNATE
add a protective layer to the green boot_2;IMPREGNATE
use the cream to impregnate the red leather sneakers;IMPREGNATE
give the rubber boots next to sneaker_12 a waterproof treatment;IMPREGNATE
cover the red boot with waterproofing cream;IMPREGNATE
spray the boot to protect it;IMPREGNATE
protect the green boot beside the cleaning brush with the spray;IMPREGNATE
please waterproof the yellow sandal;IMPREGNATE
add a protective layer to leather_boot_3;IMPREGNATE
add a protective layer to the sneaker;IMPREGNATE
apply cream to the sandal_6 next to spray_7;IMPREGNATE
please waterproof canvas_sneaker_9;IMPREGNATE
please waterproof dirty_sneaker_6;IMPREGNATE
impregnate leather_boot_3 next to the sole hammer with the spray;IMPREGNATE
use the spray on the boot to protect it;IMPREGNATE
add a protective layer to the leather boots;IMPREGNATE
cover dirty_sneaker_6 with waterproofing cream next to the black boot in the floor box;IMPREGNATE
make the blue sandal waterproof;IMPREGNATE
please waterproof the brown boot;IMPREGNATE
give wet_boot_11 next to rag_4 on the floor a waterproof treatment;IMPREGNATE
give the leather sandal_6 a waterproof treatment;IMPREGNATE
rub cream into the sandal for protection;IMPREGNATE
seal the sneaker with the spray;IMPREGNATE
cover the green canvas boots with waterproofing cream next to cream_5 inside the tool area;IMPREGNATE
make sure dirty_sneaker_6 is protected from water;IMPREGNATE
coat the black sandal with the cream;IMPREGNATE
please waterproof the white rubber sneaker next to the blue sneakers on the middle shelf;IMPREGNATE
coat the boot with the cream;IMPREGNATE
add a protective layer to the black mid sneaker_4;IMPREGNATE
apply spray next to sole_glue_3 in the tool area to the brown rubber mid boots;IMPREGNATE
use the cream to impregnate the suede sandals;IMPREGNATE
give the blue sandal a waterproof treatment;IMPREGNATE
treat the rubber boots in the drying area next to the red boot using the spray;IMPREGNATE
please waterproof the white sandal;IMPREGNATE
rub cream into the suede sneaker for protection;IMPREGNATE
apply cream to the red sandal;IMPREGNATE
waterproof the black sandal with the cream on the top shelf;IMPREGNATE
coat the green sneaker with the cream;IMPREGNATE
seal blue_sneaker_4 with the spray;IMPREGNATE
impregnate the high wet rubber boot next to the spray bottle with the spray;IMPREGNATE
add a protective layer to the high sneaker_4;IMPREGNATE
add a protective layer to the white leather sneaker_9;IMPREGNATE
make the white boot from the middle shelf next to the green sandal waterproof;IMPREGNATE
impregnate the red suede boot with the spray;IMPREGNATE
protect wet_boot_1 with the cream;IMPREGNATE
waterproof the green sandal_6 on the floor next to cleaner_3 with the cream;IMPREGNATE
waterproof the sandal with the cream;IMPREGNATE
make sure the boot_1 is protected from water;IMPREGNATE
use the spray on the green sandal_4 next to the hammer;IMPREGNATE
prepare wet_boot_11 for rain with the spray;IMPREGNATE
prepare the yellow sandal for rain with the spray;IMPREGNATE
coat canvas_sneaker_9 with the spray;IMPREGNATE
apply spray to the boot next to the canvas boot;IMPREGNATE
waterproof the sneaker with the cream;IMPREGNATE
protect the black high boot_6 with the cream;IMPREGNATE
protect the leather boot_2 from rain use the spray next to needle_and_yarn_1;IMPREGNATE
use the spray on the white boot to protect it;IMPREGNATE
give the green canvas low sandal_88 a waterproof treatment;IMPREGNATE
use impregnation spray on the brown sneaker next to the brown sandals;IMPREGNATE
make the sneaker_9 waterproof;IMPREGNATE
rub cream into the sneaker for protection;IMPREGNATE
use the spray next to sneaker_12 on the brown rubber sneaker to protect it;IMPREGNATE
protect the green sneaker with the cream;IMPREGNATE
make the canvas boots waterproof;IMPREGNATE
rub cream into the blue sneaker for protection;IMPREGNATE
spray the black low sandal next to the cleaning brush to protect it;IMPREGNATE
seal the boot_6 with the spray;IMPREGNATE
seal the red sneaker with the spray;IMPREGNATE
use the cream to impregnate leather_boot_3 next to spray_7;IMPREGNATE
treat the boot with waterproofing spray;IMPREGNATE
use impregnation spray on the black boot;IMPREGNATE
spray the suede boot next to the sole hammer against rain;IMPREGNATE
spray the canvas boot_6 to protect it;IMPREGNATE
use impregnation spray on the boot_2;IMPREGNATE
rub cream into the red boot_8 next to the dirty boot in the drying area for protection;IMPREGNATE
apply cream to brown_boot_6;IMPREGNATE
use the cream to impregnate dirty_sneaker_6;IMPREGNATE
coat the yellow sandal next to rag_4 on the floor with the cream;IMPREGNATE
prepare brown_sandal_4 for rain with the cream;IMPREGNATE
rub cream into the green high sandal for protection;IMPREGNATE
apply protective cream to the sneaker;IMPREGNATE
spray the boot_5 next to cream_5 inside the tool area;IMPREGNATE
rub cream into the blue boot for protection;IMPREGNATE
treat the sandal with waterproofing spray;IMPREGNATE
cover the white boot next to the blue sneaker on the middle shelf with waterproofing cream;IMPREGNATE
use the cream to impregnate the boot;IMPREGNATE
spray the black sandal to protect it;IMPREGNATE
use the cream beside sole_glue_3 in the tool area to impregnate the yellow sandals;IMPREGNATE
make sure leather_boot_3 is protected from water;IMPREGNATE
make sure the white canvas boot is protected from water;IMPREGNATE
treat the brown sneaker in the drying area next to the red boot with waterproofing spray;IMPREGNATE
boot_8 needs protecting please use the spray;IMPREGNATE
the sneaker should be waterproofed with cream_5;IMPREGNATE
could you add impregnation to the brown_sandal_4 before the rain;IMPREGNATE
please get the leather shoe protected with the spray bottle on the top shelf next to brush_12;IMPREGNATE
I want sneaker_14 treated so it is not unprotected anymore;IMPREGNATE
make the canvas boot weatherproof using spray_7;IMPREGNATE
can the shoe inside the tool area next to the spray bottle be given a protective layer with cream;IMPREGNATE
please waterproof the high boot but leave it where it is;IMPREGNATE
the sandal needs some protection before walking;IMPREGNATE
apply the impregnation cream to sneaker_22 from the middle shelf for me;IMPREGNATE
bring the cream next to the brown sandal to the floor;MOVE
bring the brown boot to the bottom shelf;MOVE
move the brown sandal away from the floor and onto the bottom shelf;MOVE
place the sole hammer next to sneaker_12 on the floor;MOVE
please move the sandals over to the bottom shelf;MOVE
shift blue_sneaker_4 from the middle shelf to the floor;MOVE
place the cleaner next to the cleaning brush on the floor;MOVE
move the white sneakers from the middle shelf to the top shelf;MOVE
bring the yellow canvas boot to the bottom shelf;MOVE
please move the sole glue over to the drying area;MOVE
move the;MOVE
relocate the yellow sandal next to spray_7 on the bottom shelf;MOVE
put rag_1 back on the top shelf;MOVE
move that clean boot onto the middle shelf;MOVE
put the boot next to the sole hammer into the floor_box;MOVE
relocate the spray to the floor;MOVE
relocate the brown leather sneaker to the drying area;MOVE
shift the green sneaker next to the black boots to the drying area;MOVE
relocate the needle and yarn to the drying area;MOVE
move dirty_sneaker_6 to the middle shelf;MOVE
put boot_2 next to rag_4 on the floor onto the top shelf;MOVE
put the spare brush_6 into the drying area;MOVE
take the boot from the floor and put it on the floor;MOVE
please move wet_boot_11 over to the middle shelf;MOVE
move the cream next to cream_5 inside the tool area to the floor;MOVE
move the a little dirty sneaker away from the floor and onto the bottom shelf;MOVE
move the leather boot_5 on the top shelf;MOVE
place the sole hammer next to the blue sneaker on the middle shelf somewhere on the top shelf;MOVE
relocate the yellow sandal to the middle shelf;MOVE
can you put the blue canvas boot on the bottom shelf;MOVE
transfer the cleaner next to sole_glue_3 from the tool area to the floor;MOVE
please move the yellow boot over to the top shelf;MOVE
move the shoe_8 onto the middle shelf;MOVE
I want sole_glue_3 in the drying area next to the red boot moved to the middle shelf;MOVE
move the blue canvas sneaker away from the floor and onto the middle shelf;MOVE
relocate sandal_3 to the bottom shelf;MOVE
please move the rag on the top shelf next to brush_12 over to the bottom shelf;MOVE
can you move the boot to the middle shelf;MOVE
transfer the sandal to the bottom shelf;MOVE
bring the spray to the floor;MOVE
place the suede sneaker_9 inside the floor box next to the spray bottle on the middle shelf;MOVE
shift the yellow suede sandal from the middle shelf to the top shelf;MOVE
move the needle and yarn;MOVE
move that sneaker from the middle shelf next to the green sandal;MOVE
I want the black rubber sneaker moved to the bottom shelf;MOVE
move the brush back to the top shelf;MOVE
put the green canvas sneaker from the floor next to cleaner_3;MOVE
relocate dirty_sneaker_6 to the middle shelf;MOVE
shift the cream from the middle shelf to the floor;MOVE
move the very_dirty shoe next to the hammer into the drying area;MOVE
carry canvas_sneaker_9 to the bottom shelf;MOVE
please move the sole hammer over to the top shelf;MOVE
transfer the blue suede sneaker in the bottom shelf;MOVE
move the red rubber boot_6 next to the canvas boot in the bottom shelf away from the bottom shelf and onto the floor;MOVE
relocate cleaner_2 into the drying area;MOVE
can you move the sneaker on the middle shelf;MOVE
move the green sneaker beside needle_and_yarn_1 to the top shelf;MOVE
transfer the sole glue to the bottom shelf;MOVE
bring the white sneaker_9 to the bottom shelf;MOVE
place the shoe next to the brown sandal on the;MOVE
I want the rag moved to the bottom shelf;MOVE
I want the sandal_88 moved to the drying area;MOVE
shift the blue boot next to sneaker_12 from the top shelf to the floor;MOVE
move the spray away from the floor and onto the top shelf;MOVE
move the yellow sneaker_9 away from the floor and onto the bottom shelf;MOVE
move that blue sneaker_6 next to the cleaning brush;MOVE
move the needle and yarn to the drying area;MOVE
please move the black high sneaker over to the bottom shelf;MOVE
move shoe_1 onto the floor;MOVE
move brush_6 next to spray_7 onto the top shelf;MOVE
can you put the red sneaker on the top shelf;MOVE
move the red boot away from the floor and onto the top shelf;MOVE
take cream_6 next to the sole hammer from the top shelf and put it on the top shelf;MOVE
move the clean white sneaker to the drying area;MOVE
place the leather mid sandal in the middle shelf;MOVE
place the sole hammer next to the black boot in the drying area on;MOVE
relocate the white boot to the floor;MOVE
bring the rubber boot_6 to the floor box;MOVE
move the cleaner next to rag_4 on the floor to the shelf;MOVE
move the sneaker_7 to the top shelf;MOVE
transfer the rubber boot to the drying area;MOVE
move the sole glue onto the middle shelf;MOVE
take the boot_11 next to cream_5 inside the tool area and put it on the bottom shelf;MOVE
put dirty_sneaker_6 in the drying area;MOVE
move the rag from the bottom shelf to the drying area;MOVE
relocate the sneaker next to the blue sneaker on the middle shelf to the bottom shelf;MOVE
put the black sandal onto the bottom shelf;MOVE
can you put the spray on the top shelf;MOVE
carry the red high boot next to sole_glue_3 in the floor box to the top shelf;MOVE
put rubber_sandal_6 on the middle shelf;MOVE
place the needle and yarn in the drying area;MOVE
place the shoe in the drying area next to the red boot somewhere on the bottom shelf;MOVE
move the green rubber high sandal_4 from the floor next to the sandal;MOVE
put the brush on the top shelf;MOVE
move that blue boot onto the top shelf;MOVE
place the shoe on the top shelf next to brush_12;MOVE
shift the cream from the middle shelf to the top shelf;MOVE
can you put the yellow mid boot_8 on the bottom shelf;MOVE
move wet_boot_11 inside the tool area beside the spray bottle from the top shelf next to the sneaker;MOVE
return the sole_hammer_5 to the middle shelf;MOVE
move the rubber mid sandal away from the floor and onto the middle shelf;MOVE
move the sandal from the middle shelf next to the green sandal from the drying area to the floor;MOVE
please move the cleaner over next to the brush;MOVE
I want the canvas sneaker moved to the top shelf;MOVE
shift the boot_5 on the floor next to cleaner_3 from the top shelf to the drying area;MOVE
put sole_glue_3 on the middle shelf;MOVE
place the black leather sandal on the bottom shelf;MOVE
relocate leather_boot_3 next to the hammer inside the drying area next to spray_7 to the bottom shelf;MOVE
return the rag to the top shelf;MOVE
can you put the red sneaker_7 on the middle shelf;MOVE
move that green sandal onto the middle shelf;MOVE
relocate the spray next to the canvas boot on the bottom shelf to the middle shelf;MOVE
relocate leather_boot_3 to the middle shelf;MOVE
move the red suede sandal to the bottom shelf;MOVE
carry the needle and yarn next to needle_and_yarn_1 in the tool area to the bottom shelf;MOVE
return the blue sneaker_7 to the top shelf;MOVE
I want the red boot moved to the top shelf;MOVE
can you put the brush next to the dirty sandal on the top shelf;MOVE
can you put canvas_sneaker_9 on the bottom shelf;MOVE
take the yellow high boot from the floor and put it on the bottom shelf;MOVE
take the cream next to sneaker_12 off the floor and put it on the top shelf;MOVE
return the boot_8 next to the cleaner;MOVE
transfer the red canvas sandal to the floor;MOVE
I want the sole hammer moved to the middle shelf;MOVE
place the a little dirty high sneaker next to the cleaning brush on the middle shelf;MOVE
place the sandal_3 next to the moderatly dirty rubber sandal;MOVE
transfer the cleaner_2 to the bottom shelf;MOVE
I want the blue suede sandal_4 next to spray_7 moved to the top shelf;MOVE
take the boot off the floor and put it on the middle shelf;MOVE
place the sole glue in the drying area;MOVE
return the red suede sneaker next to the sole hammer beside this green boot;MOVE
relocate the black boot to the drying area;MOVE
shift the rag from the drying area to the floor;MOVE
put the black suede sandal next to the black boot in the drying area on the middle shelf;MOVE
move the dirty shoe closer to the tool area;MOVE
put boot_2 to the floor;MOVE
I want the yellow suede boot next to rag_4 on the floor moved to the top shelf;MOVE
relocate the yellow boot to the drying area;MOVE
place the rubber sandal on the top shelf;MOVE
move rubber_sandal_6 onto the top shelf;MOVE
put the green boot_5 next to cream_5 inside the tool area into the drying area;MOVE
move the white sneaker_4 away from the floor and onto the top shelf;MOVE
carry the canvas boot_13 next to s_4;MOVE
move the black sneaker next to the blue sneaker on the middle shelf to the drying area;MOVE
put the leather sandal_6 back on the bottom shelf;MOVE
can you put the brown boot_8 on the middle shelf;MOVE
take the brown boot next to sole_glue_3 in the tool area from the drying area and put it on the bottom shelf;MOVE
return the extremly dirty boot next to the glue_1;MOVE
put the rubber boot_15 back on the bottom shelf;MOVE
shift the red suede sneaker_6 in the drying area next to the red boot from the top shelf to the floor;MOVE
could you move brush_12 from the tool area to the middle shelf;MOVE
please place the spray bottle on the top shelf instead;MOVE
take sole_glue_3 off the floor and put it with the repair tools;MOVE
I want rag_4 on the top shelf beside brush_12 moved away from the shoes and back to the tool area;MOVE
shift the cleaner from the bottom shelf next to the hammer;MOVE
can the cream_5 go from the hand to the tool area;MOVE
put the black sneaker_11 inside the tool area next to the spray bottle in the drying area not on the shelf;MOVE
please relocate the needle and yarn next to the clean shoe;MOVE
move the small sole hammer onto the lower shelf;MOVE
could you put spray_7 from the middle shelf next to the green sandal somewhere else maybe near the impregnation tools;MOVE
can you take the old rag next to the brown sandal from the rack;PICK_UP
hold the white canvas sneaker_7;PICK_UP
I need you to pick up the white boot_5;PICK_UP
remove the spray next to sneaker_12 from the middle shelf and hold it;PICK_UP
could you pick up the green boot;PICK_UP
lift the boot from the drying area;PICK_UP
lift needle_and_yarn_1 next to the cleaning brush from the drying area;PICK_UP
take the canvas sandal;PICK_UP
grab one red sandal;PICK_UP
take the brush next to spray_7;PICK_UP
grab the brown sandal off the top shelf;PICK_UP
would you pick the yellow canvas boot up from the floor;PICK_UP
remove the cream from the middle shelf and hold it;PICK_UP
select the green low sneaker_7 next to the sole hammer and hold it;PICK_UP
take the suede sneaker in your hand;PICK_UP
select the sole hammer and hold it;PICK_UP
grab the yellow sneaker next to the black boot in the drying area;PICK_UP
grab the white sneaker off the bottom shelf;PICK_UP
would you pick the cleaner up from the floor;PICK_UP
get the high sneaker next to rag_4 on the floor;PICK_UP
select boot_2 and hold it;PICK_UP
would you pick the sole glue up from the floor;PICK_UP
pick leather_shoe_4 next to cream_5 inside the tool area up;PICK_UP
take the low sandal_9 in your hand;PICK_UP
I need you to pick up the rag;PICK_UP
pick up the black suede sneaker next to the blue sneaker from the middle shelf;PICK_UP
please grab the green boot_5 for me;PICK_UP
grab the spray;PICK_UP
would you pick the sneaker_9 next to sole_glue_3 in the tool area up from the floor;PICK_UP
I need you to pick up blue_sneaker_4;PICK_UP
pick up the needle and yarn;PICK_UP
take the brown sandal off the top shelf;PICK_UP
lift the black sneaker_12 in the drying area next to the red boot from the drying area;PICK_UP
get hold of the brush;PICK_UP
pick the spotless sandal up;PICK_UP
get hold of sandal_3 on the top shelf next to brush_12;PICK_UP
pick up the cream;PICK_UP
put the canvas sneaker_7 in my hand;PICK_UP
select the blue sandal inside the tool area next to the spray bottle and hold it;PICK_UP
pick up the sole hammer;PICK_UP
can you take the sneaker_9 from the rack;PICK_UP
take the black sandal from the middle shelf next to the green sandal;PICK_UP
grab the;PICK_UP
select the sandal_9 and hold it;PICK_UP
I need you to pick up the canvas boot;PICK_UP
put the sole glue on the floor next to cleaner_3 in my hand;PICK_UP
hold the sandal;PICK_UP
grab the yellow suede sneaker_6;PICK_UP
take the rag next to the hammer inside the drying area next to spray_7;PICK_UP
get hold of the yellow rubber boot_8;PICK_UP
grab sandal_3;PICK_UP
hold the spray_3;PICK_UP
take the boot next to the canvas boot on the bottom shelf off the bottom shelf;PICK_UP
I want the leather sandal picked up;PICK_UP
I want the needle_and_yarn_11 picked up;PICK_UP
take the blue sandal next to needle_and_yarn_1 in the tool area in your hand;PICK_UP
remove the low sneaker from the top shelf and hold it;PICK_UP
lift the brush from the middle shelf;PICK_UP
grab one black sneaker next to the brown sandal;PICK_UP
pick the sneaker_6 up;PICK_UP
take cream_6 into your hand;PICK_UP
grab the white suede sandal next to sneaker_12 off the middle shelf;PICK_UP
take the rubber sneaker_12 into your hand;PICK_UP
remove the sole hammer from the top shelf and hold it;PICK_UP
grab sneaker_1 next to the cleaning brush;PICK_UP
pick up the white leather boot from the middle shelf;PICK_UP
can you take cleaner_2 from the rack;PICK_UP
pick up the mid sneaker next to spray_7;PICK_UP
get hold of the yellow rubber sandal;PICK_UP
take the sole_glue_3 in your hand;PICK_UP
get hold of canvas_sneaker_9;PICK_UP
select the white boot_6 next to the sole hammer and hold it;PICK_UP
grab the rag;PICK_UP
would you pick the canvas boot up from the floor;PICK_UP
lift the red sneaker_12 next to the black boot in the drying area from the drying area;PICK_UP
I need you to pick up the spray;PICK_UP
grab black_boot_5;PICK_UP
lift leather_boot_3 next to rag_4 on the floor from the middle shelf;PICK_UP
pick up needle_and_yarn_1 from the floor;PICK_UP
take the blue boot_8;PICK_UP
get sandal_3 next to cream_5 inside the tool area from the top shelf;PICK_UP
put the brush in my hand;PICK_UP
pick up that sandal_4;PICK_UP
grab the black boot_6 next to the blue sneaker on the middle shelf off the top shelf;PICK_UP
put the cream_6 in my hand;PICK_UP
pick up that brown sneaker_7;PICK_UP
pick up the green boot next to sole_glue_3 in the tool area;PICK_UP
lift the sole hammer from the top shelf;PICK_UP
pick the green sneaker_9 up;PICK_UP
I need you to pick up the filthy boot;PICK_UP
take the cleaner in the drying area beside the red boot into your hand;PICK_UP
take the suede sandal in your hand;PICK_UP
pick up the shoe_8;PICK_UP
remove sole_glue_3 on the top shelf next to brush_12 from the bottom shelf and hold it;PICK_UP
grab rubber_sandal_6;PICK_UP
grab the boot;PICK_UP
I need you to pick up rag_1 inside the tool area next to the spray bottle;PICK_UP
pick red_shoe_8 up;PICK_UP
can you take the boot from the rack;PICK_UP
lift the spray_3 from the middle shelf next to the green sandal from the floor;PICK_UP
take the rubber sandal into your hand;PICK_UP
would you pick the sandal up from the floor;PICK_UP
pick up the needle;PICK_UP
grab the yellow sandal on the floor next to cleaner_3;PICK_UP
I need you to pick up the rubber sandal;PICK_UP
take the brush into your hand;PICK_UP
take the sneaker next to the hammer inside the drying area next to spray_7;PICK_UP
get the sandal from the floor;PICK_UP
grab the cream;PICK_UP
take the leather boot into your hand;PICK_UP
hold the boot next to the canvas boot on the bottom shelf;PICK_UP
put the sole_hammer_5 in my hand;PICK_UP
lift the rubber mid boot from the top shelf;PICK_UP
grab the blue boot next to needle_and_yarn_1 in the tool area;PICK_UP
grab the cleaner_2;PICK_UP
lift the green sneaker_7 from the bottom shelf;PICK_UP
get the boot next to the brown sandal from the top shelf;PICK_UP
please grab green_sandal_9 for me;PICK_UP
take the green suede sneaker;PICK_UP
take rag_1 next to sneaker_12;PICK_UP
take the sandal_88;PICK_UP
grab one blue sandal;PICK_UP
can you take the spray_t_3 next to the cleaning brush from the rack;PICK_UP
pick the blue boot up;PICK_UP
I want the yellow boot picked up;PICK_UP
remove the needle_and_yarn_1 next to spray_7 from the top shelf and hold it;PICK_UP
please grab the suede sneaker for me;PICK_UP
select the red boot and hold it;PICK_UP
pick up the;PICK_UP
get the white sneaker_9 from the middle shelf;PICK_UP
pick up that yellow sandal next to the sole hammer;PICK_UP
would you pick the cream up from the floor;PICK_UP
take blue_sneaker_4 in your hand;PICK_UP
take the blue canvas sandal beside the black boot in the drying area;PICK_UP
get hold of the black suede boot_3;PICK_UP
take the yellow sneaker;PICK_UP
select the blue low sandal_4 next to rag_4 on the floor and hold it;PICK_UP
grab the red boot off the middle shelf;PICK_UP
pick up the low boot_8 from the middle shelf;PICK_UP
could you pick up the blue rubber sandal next to cream_5 inside the tool area;PICK_UP
get hold of the sneaker;PICK_UP
would you pick the boot_11 up from the floor;PICK_UP
hold the white mid boot next to the little dirty blue sneaker on the middle shelf;PICK_UP
lift the green sandal from the bottom shelf;PICK_UP
pick sandal_3 up;PICK_UP
get the yellow boot_5 next to sole_glue_3 in the tool area from the drying area;PICK_UP
can you take the red canvas sneaker from the rack;PICK_UP
get hold of wet_boot_11;PICK_UP
grab one yellow boot;PICK_UP
could you lift brush_12 in the drying area next to the red boot into the hand I need it for the next step;PICK_UP
I want the repair hammer taken up for a second the one near the tools;PICK_UP
please pick rag_4 up before it gets mixed with the dirty shoes;PICK_UP
can you get hold of the waterproofing spray on the top shelf next to brush_12 from the tool area;PICK_UP
bring sole_glue_3 into the hand but do not use it yet;PICK_UP
the cream_5 should be picked up now;PICK_UP
would you grab the loose needle and yarn inside the tool area next to the spray bottle tool for me;PICK_UP
I need the cleaning brush in hand not on the shelf;PICK_UP
could the black sneaker_11 be taken from the floor;PICK_UP
please take up that tool from the middle shelf beside the green sandal the small spray_7 bottle;PICK_UP
set the needle and yarn next to the brown sandal down;PUT_DOWN
set down black_boot_5 on the bottom shelf;PUT_DOWN
put the held shoe on the floor;PUT_DOWN
put the brush next to sneaker_12 on the top shelf and let go;PUT_DOWN
drop canvas_sneaker_9 on the middle shelf;PUT_DOWN
leave boot_2 on the middle shelf;PUT_DOWN
put the cream next to the cleaning brush on the middle shelf;PUT_DOWN
set the red sneaker from your hand on the middle shelf;PUT_DOWN
put down the shoe on the top shelf;PUT_DOWN
set the sole hammer next to spray_7 on the bottom shelf;PUT_DOWN
put it down on the bottom shelf;PUT_DOWN
release the suede boot next to the cream;PUT_DOWN
put down the;PUT_DOWN
could you put wet_shoe_10 down in the drying area;PUT_DOWN
set down the red sandal next to the sole hammer on the bottom shelf;PUT_DOWN
drop the sole glue on the bottom shelf;PUT_DOWN
release the blue boot onto the middle shelf;PUT_DOWN
set the shoe next to the black boot in the drying area you are holding on the bottom shelf;PUT_DOWN
set the old rag down on the floor;PUT_DOWN
drop the boot in the drying area;PUT_DOWN
set down the red sneaker next to rag_4 on the floor on the middle shelf;PUT_DOWN
set the spray down in the drying area;PUT_DOWN
drop it in the drying area;PUT_DOWN
set that shoe down on the floor;PUT_DOWN
set the needle and yarn down on the top shelf;PUT_DOWN
put that shoe next to cream_5 inside the tool area on the middle shelf and let go;PUT_DOWN
leave the held boot on the floor;PUT_DOWN
set down the brush in the drying area;PUT_DOWN
put it down next to the green loafer;PUT_DOWN
leave the held sneaker next to the blue sneaker on the middle shelf on the floor;PUT_DOWN
leave cream on the bottom shelf;PUT_DOWN
please set the really dirty sneaker down;PUT_DOWN
set down canvas_sneaker_9 next to sole_glue_3 in the tool area on the top shelf;PUT_DOWN
set the sole_hammer down on the middle shelf;PUT_DOWN
put sneaker_1 down on the top shelf;PUT_DOWN
leave that shoe_6 in the drying area next to the red boot there on the floor;PUT_DOWN
leave the cleaner_2 on the top shelf;PUT_DOWN
set down brown_sandal_4 next to the muddy shoe;PUT_DOWN
put the green sandal on the top shelf next to brush_12 down on the bottom shelf;PUT_DOWN
drop the sole glue on the floor;PUT_DOWN
drop it on the bottom shelf;PUT_DOWN
release the green sneaker onto the bottom shelf;PUT_DOWN
release the rag inside the tool area next to the spray bottle onto the top shelf;PUT_DOWN
please set the blue sandal down;PUT_DOWN
put leather_shoe_4 in the drying area;PUT_DOWN
put the spray_t_3 from the middle shelf next to the green sandal down now;PUT_DOWN
set down the blue canvas high boot on the top shelf;PUT_DOWN
could you put the shoe down on the middle shelf;PUT_DOWN
put the needle_and_yarn_1 on the floor next to cleaner_3 on the top shelf;PUT_DOWN
leave dirty_sneaker_6 in the drying area;PUT_DOWN
please set the sandal down;PUT_DOWN
put the brush next to the hammer inside the drying area next to spray_7 down on the floor;PUT_DOWN
put down the yellow sandal on the top shelf;PUT_DOWN
leave the held sandal next to the brown boot;PUT_DOWN
release the cream_6 next to the canvas boot on the bottom shelf into the drying area;PUT_DOWN
set the black sneaker down on the bottom shelf;PUT_DOWN
drop the shoe_6 you have on the top shelf;PUT_DOWN
could you put the sole hammer next to needle_and_yarn_1 in the tool area down on the floor;PUT_DOWN
set that shoe_29 down on the bottom shelf;PUT_DOWN
drop the red boot next to sandal_3;PUT_DOWN
put cleaner_2 next to the brown sandal down;PUT_DOWN
take the shoe_6 out of your hand and put it in the drying area;PUT_DOWN
put down the white sneaker_12 on the floor;PUT_DOWN
set down the sole glue in the drying area;PUT_DOWN
put the shoe next to sneaker_12 in your hand down on the bottom shelf;PUT_DOWN
set the shoe_1 you are holding on the floor;PUT_DOWN
take the rag out of your hand and put it on the floor;PUT_DOWN
set the very dirty yellow boot next to the cleaning brush down in the drying area;PUT_DOWN
put it down in the drying area;PUT_DOWN
put the spray down now;PUT_DOWN
set the yellow boot_11 from your hand on the bottom shelf;PUT_DOWN
please set the leather sneaker next to spray down;PUT_DOWN
drop the needle and yarn on the floor;PUT_DOWN
drop green_sandal_9 on the floor;PUT_DOWN
release the brown canvas sandal next to the sole hammer onto the floor;PUT_DOWN
drop the brush you have on the floor;PUT_DOWN
put down the shoe next to the yellow partly protected sneaker;PUT_DOWN
set the sandal next to the clean black boot in the drying area down on the middle shelf;PUT_DOWN
put the cream on the bottom shelf and let go;PUT_DOWN
set brown_boot_6 from your hand in the drying area;PUT_DOWN
drop sandal_3 next to rag_4 on the floor in the drying area;PUT_DOWN
put the sole hammer down beside the red leather sandal;PUT_DOWN
please set the boot down;PUT_DOWN
drop the yellow sneaker next to cream_5 inside the tool area on the bottom shelf;PUT_DOWN
leave cleaner_2 next to the protected sneaker;PUT_DOWN
release the low sandal onto the middle shelf;PUT_DOWN
leave sneaker_1 next to the blue sneaker on the middle shelf on the top shelf;PUT_DOWN
release the sole glue onto the bottom shelf;PUT_DOWN
put the held shoe_4 on the bottom shelf;PUT_DOWN
drop the shoe next to sole_glue_3 in the tool area;PUT_DOWN
leave the rag on the top shelf;PUT_DOWN
drop the red low sneaker on the middle shelf;PUT_DOWN
put canvas_sneaker_9 in the drying area next to the red boot down on the floor;PUT_DOWN
set the spray_t_3 down on the bottom shelf;PUT_DOWN
put the held shoe next to the white boot;PUT_DOWN
leave boot_2 on the top shelf next to brush_12 in the drying area;PUT_DOWN
drop the needle_and_yarn_1 on the middle shelf;PUT_DOWN
could you put the shoe_8 down on the bottom shelf;PUT_DOWN
set shoe_1 inside the tool area next to the spray bottle you are holding on the top shelf;PUT_DOWN
put down the spare brush_6 on the bottom shelf;PUT_DOWN
put the rubber sneaker down next to the old rag;PUT_DOWN
put the white boot down now;PUT_DOWN
set the cream from the middle shelf next to the green sandal down on the bottom shelf;PUT_DOWN
set the black sandal down next to s_4;PUT_DOWN
put down the green suede boot in the drying area;PUT_DOWN
put the hammer on the floor next to cleaner_3 down;PUT_DOWN
set down sandal_88 on the bottom shelf;PUT_DOWN
drop the shoe_8 you have on the bottom shelf;PUT_DOWN
set the cleaner_2 next to the hammer inside the drying area next to spray_7;PUT_DOWN
put dirty_sneaker_6 down now;PUT_DOWN
leave the held sandal on the floor;PUT_DOWN
set the sole_glue_3 next to the canvas boot on the bottom shelf down on the top shelf;PUT_DOWN
drop the brown sneaker on the middle shelf next to the blue loafer;PUT_DOWN
put the canvas sneaker down in the drying area;PUT_DOWN
set the rag next to needle_and_yarn_1 in the tool area you are holding on the middle shelf;PUT_DOWN
put the a little dirty sandal down now;PUT_DOWN
leave the held boot in the drying area;PUT_DOWN
put the spray next to the brown sandal down on the top shelf;PUT_DOWN
drop sneaker_1 on the top shelf;PUT_DOWN
drop it on the top shelf;PUT_DOWN
leave the needle and yarn in the drying area;PUT_DOWN
take the shoe next to sneaker_12 out of your hand and put it on the bottom shelf;PUT_DOWN
leave the held boot on the bottom shelf;PUT_DOWN
take the spare brush_6 out of your hand and put it on the top shelf;PUT_DOWN
put down the clean shoe next to the cleaning brush on the floor;PUT_DOWN
put the yellow boot_6 down on the top shelf;PUT_DOWN
release cream_6 into the drying area;PUT_DOWN
put the sneaker_7 next to spray_7 down now;PUT_DOWN
set leather_shoe_4 on the floor and release it;PUT_DOWN
leave the sole hammer there on the top shelf;PUT_DOWN
put it down on the floor;PUT_DOWN
drop the medium dirty shoe next to the sole hammer you have in the drying area;PUT_DOWN
drop the cleaner on the middle shelf;PUT_DOWN
release the red sandal onto the bottom shelf;PUT_DOWN
release brown_boot_6 next to the black boot in the drying area onto the floor;PUT_DOWN
could you put red_shoe_8 down on the top shelf;PUT_DOWN
release the black boot onto the top shelf;PUT_DOWN
set down the black leather sandal next to rag_4 on the floor on the floor;PUT_DOWN
leave wet_boot_11 on the middle shelf;PUT_DOWN
set the green boot_8 from your hand on the top shelf;PUT_DOWN
set down the green boot in the drying area;PUT_DOWN
set down the red boot next to cream_5 inside the tool area on the top shelf;PUT_DOWN
set the shoe you are holding in the drying area;PUT_DOWN
put down the shoe in the drying area;PUT_DOWN
drop the suede boot_2 next to the blue sneaker on the middle shelf on the floor;PUT_DOWN
release sandal_3 onto the middle shelf;PUT_DOWN
put down the sneaker_12 on the middle shelf;PUT_DOWN
please set the brown sandal_4 next to sole_glue_3 in the tool area down;PUT_DOWN
set the yellow boot down on the bottom shelf;PUT_DOWN
set the sandal down on the top shelf;PUT_DOWN
could you release rag_4 in the drying area next to the red boot onto the floor for now;PUT_DOWN
please put the repair hammer down on the tool area;PUT_DOWN
set brush_12 somewhere safe preferably the middle shelf;PUT_DOWN
I am finished holding spray_7 on the top shelf next to brush_12 leave it in the tool area;PUT_DOWN
sole_glue_3 can be laid down next to the repair tools;PUT_DOWN
please drop the red cleaner gently on the bottom shelf;PUT_DOWN
put down the blue boot_9 inside the tool area next to the spray bottle before doing anything else with it;PUT_DOWN
could you leave the cream_5 out of the hand next to the black sneaker;PUT_DOWN
the needle and yarn should be set down now;PUT_DOWN
place the rag from the middle shelf next to the green sandal;PUT_DOWN
use the sole hammer on the brown sandal_3 next to the brown sandal to fix the sole;REPAIR
repair the;REPAIR
repair the sole of the red sandal with the sole glue;REPAIR
repair the sole of the yellow sneaker with the sole glue;REPAIR
use sole glue next to sneaker_12 to repair the canvas boot;REPAIR
hammer the sole of the boot back into shape;REPAIR
make the green boot usable again with the needle and yarn;REPAIR
please repair the blue rubber sandal_4 next to the cleaning brush;REPAIR
repair the material damage on the green sandal;REPAIR
make the boot usable again with the sole hammer;REPAIR
use sole glue next to spray_7 to repair the red sneaker;REPAIR
fix the worn sole of the boot_6;REPAIR
mend the material of the white rubber sandal with needle and yarn;REPAIR
fix the loose sole on the blue sneaker with the sole glue;REPAIR
use the sole hammer on the brown leather sneaker next to the sole hammer to fix the sole;REPAIR
glue the sole back onto the blue sneaker;REPAIR
please repair the green boot;REPAIR
can you fix the damaged sole on the red sneaker next to the black boot in the drying area;REPAIR
repair the material damage on the canvas sneaker;REPAIR
use sole glue to repair the boot_8;REPAIR
fix the sandal next to rag_4 on the floor with the needle and yarn;REPAIR
the sole is loose repair the sandal with glue;REPAIR
repair the sole;REPAIR
please repair the leather boot;REPAIR
make the black sneaker usable again with the sole glue next to cream_5 inside the tool area;REPAIR
fix the broken part of the blue sneaker;REPAIR
use sole glue to repair the red rubber sandal;REPAIR
use the sole hammer on the sneaker_4 next to the blue sneaker on the middle shelf to fix the sole;REPAIR
use the sole hammer on the white sandal_9 to fix the sole;REPAIR
the sole is loose repair rubber_sandal_6 with glue;REPAIR
use the sole hammer next to sole_glue_3 in the tool area on the yellow boot to fix the sole;REPAIR
can you fix the broken sole on the brown suede sneaker;REPAIR
use the sole hammer on the yellow sneaker to fix the sole;REPAIR
patch the scratched material on the sneaker in the drying area next to the red boot;REPAIR
use sole glue to repair the brown sandal;REPAIR
sew the cracked material on the brown sandal with needle and yarn;REPAIR
fix the broken part of the black boot;REPAIR
repair the sandal_4 with the sole hammer on the top shelf next to brush_12;REPAIR
sew the cracked material on sneaker_1 with needle and yarn;REPAIR
fix the broken part of the black rubber boot_3;REPAIR
can you fix the damaged sole on the red boot inside the tool area next to the spray bottle;REPAIR
glue the sole;REPAIR
hammer the sole of the sandal_4 back into shape;REPAIR
fix the green rubber sneaker with the needle and yarn from the middle shelf next to the green sandal;REPAIR
can you fix the damaged sole on canvas_sneaker_9;REPAIR
hammer the sole of the brown suede sandal back into shape;REPAIR
make the white sandal_88 on the floor next to cleaner_3 usable again with the needle and yarn;REPAIR
mend the material of the low sandal with needle and yarn;REPAIR
please repair green_sandal_9;REPAIR
patch the scratched material on the blue canvas sandal next to the hammer inside the drying area next to spray_7;REPAIR
fix the loose sole on the boot with the sole glue;REPAIR
the sole is loose repair the sneaker with glue;REPAIR
fix the blue sneaker next to the canvas boot on the bottom shelf with the sole glue;REPAIR
repair dirty_sneaker_6 with the needle and yarn;REPAIR
hammer the sole of the green rubber sneaker back into shape;REPAIR
make the yellow sandal_3 usable again with the sole hammer next to needle_and_yarn_1 in the tool area;REPAIR
repair the material damage on the yellow canvas sneaker;REPAIR
hammer the sole of the blue sneaker back into shape;REPAIR
use sole glue to repair the green leather sneaker;REPAIR
fix the leather sandal_6 next to the brown sandal with the needle and yarn;REPAIR
mend the material of the black sneaker with needle and yarn;REPAIR
repair the sole of dirty_sneaker_6 with the sole glue;REPAIR
the sole is loose repair the rubber sneaker with glue next to sneaker_12;REPAIR
use the sole hammer on the sandal to fix the sole;REPAIR
fix the loose sole on the black suede sandal with the sole glue;REPAIR
repair the black suede sandal next to the cleaning brush with the needle and yarn;REPAIR
repair the sandal with the sole glue;REPAIR
repair the material damage on the red sneaker;REPAIR
repair the rubber sneaker_12 with the needle and yarn next to spray_7;REPAIR
repair the material damage on the sneaker;REPAIR
mend the material of the red sneaker with needle and yarn;REPAIR
make the red sandal next to the sole hammer usable again with the needle and yarn;REPAIR
please repair the green rubber sandal;REPAIR
repair wet_boot_11 with the sole hammer;REPAIR
repair rubber_sandal_6 with the needle and yarn next to the black boot in the drying area;REPAIR
repair the protected shoe sole with the sole glue;REPAIR
repair the cracked leather on the boot;REPAIR
repair the loose sole before the walk;REPAIR
make the brown sandal next to rag_4 on the floor usable again using the sole glue;REPAIR
the sole is loose repair brown_boot_6 with glue;REPAIR
the sneaker is damaged fix it with needle and yarn;REPAIR
fix the loose sole on the yellow boot_3 with the sole glue;REPAIR
fix the loose sole on leather_boot_3 with the sole glue next to cream_5 inside the tool area;REPAIR
the sole is loose repair the green boot with glue;REPAIR
fix the broken part of the leather sneaker;REPAIR
make the yellow boot next to the blue sneaker on the middle shelf usable again with the needle and yarn;REPAIR
use the sole hammer on the rubber boot to fix the sole;REPAIR
repair the canvas boot with the needle and yarn;REPAIR
patch the scratched material on the white suede boot next to sole_glue_3 in the tool area;REPAIR
fix the boot with;REPAIR
use the sole hammer on the green sandal_3 to fix the sole;REPAIR
the boot_8 in the drying area next to the red boot is damaged fix it with the sole hammer;REPAIR
repair the brown sandal with the needle and yarn;REPAIR
repair the sole of the clean sneaker with the sole glue;REPAIR
use the sole hammer on the top shelf next to brush_12 on the black boot to fix the sole;REPAIR
repair the material damage on the black suede sneaker;REPAIR
repair the material damage on the suede boot;REPAIR
repair the sole of the yellow mid boot inside the tool area next to the spray bottle with the sole glue;REPAIR
please repair the green leather low sandal;REPAIR
use sole glue to repair the leather sandal;REPAIR
can you fix the damaged sole on sandal_3 from the middle shelf next to the green sandal;REPAIR
repair the material damage on the blue sandal_88;REPAIR
patch the scratched material on the white sandal_4;REPAIR
use sole glue to repair the red sandal;REPAIR
patch the scratched material on the white leather sandal on the floor next to cleaner_3;REPAIR
make the sandal usable again with the sole glue;REPAIR
can you fix the damaged sole on black_boot_5;REPAIR
use sole glue to repair leather_boot_3 next to the hammer inside the drying area next to spray_7;REPAIR
sew the cracked material on the high boot with needle and yarn;REPAIR
use the sole hammer on the red sandal to fix the sole;REPAIR
sew up the damaged canvas sneaker next to the canvas boot on the bottom shelf;REPAIR
use sole glue to repair the sandal;REPAIR
repair the sole of the brown sneaker with the sole glue;REPAIR
make the white sandal_9 usable again with the sole hammer next to needle_and_yarn_1 in the tool area;REPAIR
hammer the sole of brown_boot_6 back into shape;REPAIR
fix the shoe where the material is cracked;REPAIR
mend the material of the black boot_5 next to the brown sandal with needle and yarn;REPAIR
use needle and yarn on brown_sandal_4 material;REPAIR
the sneaker is damaged fix it with the sole hammer;REPAIR
glue the sole back onto blue_sneaker_4 next to sneaker_12;REPAIR
the sneaker is damaged fix it with the sole glue;REPAIR
can you fix the damaged sole on the black boot;REPAIR
sew the cracked material on the white boot next to the cleaning brush with needle and yarn;REPAIR
make blue_sneaker_4 usable again with the sole hammer;REPAIR
repair the material damage on the suede sneaker;REPAIR
fix the broken part of boot_2;REPAIR
repair the sole of the blue boot with the sole glue next to spray_7;REPAIR
repair the red suede sandal with the sole hammer;REPAIR
patch the scratched material on the suede boot;REPAIR
the sandal next to the sole hammer is damaged fix it with the sole glue;REPAIR
patch the scratched material on the black sandal_3;REPAIR
repair the sole of the sandal with the sole glue;REPAIR
can you fix the damaged sole on leather_boot_3 next to the black boot in the drying area;REPAIR
sew the material;REPAIR
repair the material damage on the leather sneaker;REPAIR
make the sneaker_4 usable again with the sole glue;REPAIR
repair the brown boot next to rag_4 on the floor with the sole glue;REPAIR
glue the sole back onto the yellow canvas sandal;REPAIR
repair the material damage on the sandal;REPAIR
fix the boot with the sole glue next to cream_5 inside the tool area;REPAIR
can you fix the damaged sole on the sandal_3;REPAIR
glue the sole back onto the yellow sneaker_4;REPAIR
glue the sole back onto the black suede sneaker next to the unprotected sneaker on the middle shelf;REPAIR
fix the shoe;REPAIR
sew the cracked material on the boot with needle and yarn;REPAIR
repair the sole of boot_2 with the sole glue next to sole_glue_3 in the tool area;REPAIR
repair the material damage on the white sandal;REPAIR
sew the cracked material on the yellow sandal_4 with needle and yarn;REPAIR
please repair the black sneaker;REPAIR
repair the material damage on the rubber sneaker in the drying area next to the red boot;REPAIR
boot_3 needs repairing the sole is almost loose;REPAIR
the shoe should be fixed with sole_glue_3 especially underneath;REPAIR
could you repair the cracked material on brown_sandal_4 on the top shelf next to brush_12;REPAIR
please get sneaker_14 repaired before the walk;REPAIR
I want the damaged sole mended with the repair hammer;REPAIR
fixing is needed on the leather part of this boot inside the tool area next to the spray bottle;REPAIR
can the loose bottom of the shoe be glued back;REPAIR
please mend the scratched sandal with needle_and_yarn_2;REPAIR
the worn sole should be repaired not cleaned;REPAIR
use the needle and yarn from the middle shelf next to the green sandal to repair the canvas sneaker;REPAIR
clean the dirty red sneaker next to the black boot with brush_1;CLEAN
clean the clean black boot on the middle shelf with rag_1 next to the brush;CLEAN
clean the medium_dirty brown sandal next to the green sneaker with cleaner_1 inside the tool area;CLEAN
clean the a_little_dirty blue sneaker from the bottom shelf with brush_1 next to rag_1;CLEAN
clean the very_dirty green boot next to the red sandal with rag_1 in the tool area;CLEAN
clean the dirty red sandal inside the drying area with cleaner_1 next to the spray;CLEAN
clean the clean black sneaker next to the brown boot with brush_1 from the tool area;CLEAN
clean the medium dirty brown boot on the floor with rag_1 next to cleaner_1;CLEAN
clean the a little dirty blue sandal next to the red sneaker with cleaner_1 in the top shelf;CLEAN
clean the very dirty green sneaker inside the drying area next to the boot with brush_1 next to the rag;CLEAN
clean the dirty red boot with rag_1;CLEAN
clean the clean black sandal with cleaner_1;CLEAN
clean the medium_dirty brown sneaker with brush_1;CLEAN
clean the a_little_dirty blue boot with rag_1;CLEAN
clean the very_dirty green sandal with cleaner_1;CLEAN
pick up the dirty red sneaker next to the black boot;PICK_UP
pick up the clean black boot from the middle shelf;PICK_UP
pick up the medium dirty brown sandal next to brush_1;PICK_UP
pick up the a little dirty blue sneaker on the bottom shelf;PICK_UP
pick up the very dirty green boot next to cleaner_1;PICK_UP
pick up the dirty red sandal inside the drying area;PICK_UP
pick up the clean black sneaker next to the blue boot;PICK_UP
pick up the medium_dirty brown boot from the top shelf;PICK_UP
pick up the a_little_dirty blue sandal next to rag_1;PICK_UP
pick up the very_dirty green sneaker on the floor;PICK_UP
pick up the dirty red boot;PICK_UP
pick up the clean black sandal;PICK_UP
move the medium dirty brown sneaker next to spray_1 to the bottom shelf;MOVE
move the a little dirty blue boot from the top shelf to the drying area;MOVE
move the very dirty green sandal next to rag_1;MOVE
move the dirty red sneaker on the floor to the top shelf;MOVE
move the clean black boot next to the brown sandal;MOVE
move the medium_dirty brown sandal from the floor to the bottom shelf;MOVE
move the a_little_dirty blue sneaker next to cleaner_1;MOVE
move the very_dirty green boot on the bottom shelf to the tool area;MOVE
move the dirty red sandal next to the black sneaker;MOVE
move the clean black sneaker from the tool area to the middle shelf;MOVE
move the medium dirty brown boot to the bottom shelf;MOVE
move the a little dirty blue sandal to the drying area;MOVE
put down the very dirty green sneaker next to the blue sandal in the drying area;PUT_DOWN
put down the dirty red boot from the hand on the top shelf;PUT_DOWN
put down the clean black sandal next to rag_1 on the middle shelf;PUT_DOWN
put down the medium_dirty brown sneaker next to brush_1 on the bottom shelf;PUT_DOWN
put down the a_little_dirty blue boot inside the drying area next to the green sandal;PUT_DOWN
put down the very_dirty green sandal next to cleaner_1 on the tool area;PUT_DOWN
put down the dirty red sneaker on the top shelf;PUT_DOWN
put down the clean black boot next to the brown sandal on the middle shelf;PUT_DOWN
put down the medium dirty brown sandal on the bottom shelf next to spray_1;PUT_DOWN
put down the a little dirty blue sneaker inside the drying area next to the black boot;PUT_DOWN
protect the unprotected red canvas sneaker next to the black boot with spray_1 from the tool area;IMPREGNATE
protect the protected black leather boot on the middle shelf with cream_1 next to spray_1;IMPREGNATE
protect the partly_protected brown suede sandal next to the green sneaker with spray_1 inside the tool area;IMPREGNATE
protect the unprotected blue rubber sneaker from the bottom shelf with cream_1 next to the spray;IMPREGNATE
protect the protected green canvas boot next to the red sandal using spray_1 on the tool area;IMPREGNATE
protect the partly protected red leather sandal inside the drying area with cream_1 next to spray_1;IMPREGNATE
protect the unprotected black suede sneaker next to the brown boot with spray_1 from the tool area;IMPREGNATE
protect the protected brown rubber boot on the floor with cream_1 next to the spray;IMPREGNATE
protect the partly_protected blue canvas sandal next to the red sneaker with spray_1 on the top shelf;IMPREGNATE
protect the unprotected green leather sneaker next to the boot inside the drying area with cream_1 next to spray_1;IMPREGNATE
protect the protected red suede boot with spray_1;IMPREGNATE
protect the partly protected black rubber sandal with cream_1;IMPREGNATE
protect the unprotected brown canvas sneaker with spray_1;IMPREGNATE
protect the protected blue leather boot using cream_1;IMPREGNATE
protect the partly_protected green suede sandal with spray_1;IMPREGNATE
protect the unprotected red rubber sneaker with cream_1;IMPREGNATE
pick up the protected black boot;PICK_UP
pick up the partly protected brown sandal;PICK_UP
pick up the unprotected blue sneaker;PICK_UP
pick up the protected green boot;PICK_UP
pick up the partly_protected red sandal;PICK_UP
pick up the unprotected black sneaker;PICK_UP
pick up the protected brown boot;PICK_UP
pick up the partly protected blue sandal;PICK_UP
pick up the unprotected green sneaker;PICK_UP
pick up the protected red boot;PICK_UP
move the partly_protected black sandal to the middle shelf;MOVE
move the unprotected brown sneaker to the bottom shelf;MOVE
move the protected blue boot to the drying area;MOVE
move the partly protected green sandal to the tool area;MOVE
move the unprotected red sneaker to the top shelf;MOVE
move the protected black boot to the middle shelf;MOVE
move the partly_protected brown sandal to the bottom shelf;MOVE
move the unprotected blue sneaker to the drying area;MOVE
move the protected green boot to the tool area;MOVE
move the partly protected red sandal to the top shelf;MOVE
go on a short walk with the unprotected black sneaker next to the brown boot in sunny weather;GO_ON_WALK
go on a normal walk with the protected brown boot from the top shelf in snowy weather;GO_ON_WALK
go on a short walk with the partly_protected blue sandal next to the rag in stormy weather;GO_ON_WALK
go on a short walk with the unprotected green sneaker on the bottom shelf in stormy weather;GO_ON_WALK
go on a short walk with the protected red boot next to spray_1 in rainy weather;GO_ON_WALK
go on a medium long walk with the partly protected black sandal inside the drying area in sunny weather;GO_ON_WALK
go on a regular walk with the unprotected brown sneaker next to the green boot in snowy weather;GO_ON_WALK
go on a short walk with the protected blue boot from the middle shelf in cloudy weather;GO_ON_WALK
go on a short walk with the partly_protected green sandal next to cleaner_1 in stormy weather;GO_ON_WALK
go on a extended walk with the unprotected red sneaker on the floor in rainy weather;GO_ON_WALK
repair the scratched red canvas sneaker next to the brown sandal with glue_1 next to needle_1;REPAIR
repair the cracked black leather boot on the middle shelf with needle_1 from the tool area;REPAIR
repair the damaged brown suede sandal next to the black sneaker with glue_1 inside the tool area;REPAIR
repair the good blue rubber sneaker from the bottom shelf with needle_1 next to glue_1;REPAIR
repair the scratched green canvas boot next to the red sandal with glue_1 on the tool area;REPAIR
repair the cracked red leather sandal inside the drying area with needle_1 next to the hammer;REPAIR
repair the damaged black suede sneaker next to the brown boot with glue_1 from the tool area;REPAIR
repair the good brown rubber boot on the floor with needle_1 next to glue_1;REPAIR
repair the scratched blue canvas sandal next to the red sneaker with glue_1 on the top shelf;REPAIR
repair the cracked green leather sneaker next to the boot with needle_1 inside the drying area next to glue_1;REPAIR
pick up the damaged red boot;PICK_UP
pick up the good black sandal;PICK_UP
pick up the scratched brown sneaker;PICK_UP
pick up the cracked blue boot;PICK_UP
pick up the damaged green sandal;PICK_UP
pick up the good red sneaker;PICK_UP
pick up the scratched black boot;PICK_UP
pick up the cracked brown sandal;PICK_UP
move the damaged blue sneaker to the drying area;MOVE
move the good green boot to the tool area;MOVE
move the scratched red sandal to the top shelf;MOVE
move the cracked black sneaker to the middle shelf;MOVE
move the damaged brown boot to the bottom shelf;MOVE
move the good blue sandal to the drying area;MOVE
move the scratched green sneaker to the tool area;MOVE
move the cracked red boot to the top shelf;MOVE
clean the damaged black sandal with rag_1;CLEAN
clean the good brown sneaker with rag_1;CLEAN
clean the scratched blue boot with rag_1;CLEAN
clean the cracked green sandal with rag_1;CLEAN
clean the damaged red sneaker with rag_1;CLEAN
clean the good black boot with rag_1;CLEAN
clean the scratched brown sandal with rag_1;CLEAN
dry the wet red sneaker next to the black boot;DRY
dry the dry black boot on the middle shelf;DRY
dry the soaked brown sandal next to the green sneaker;DRY
dry the wet blue sneaker from the bottom shelf;DRY
dry the dry green boot next to cleaner_1;DRY
dry the soaked red sandal inside the drying area;DRY
dry the wet black sneaker next to the brown boot;DRY
dry the dry brown boot on the floor;DRY
dry the soaked blue sandal next to spray_1;DRY
dry the wet green sneaker on the top shelf;DRY
move the dry red boot to the top shelf;MOVE
move the soaked black sandal to the middle shelf;MOVE
move the wet brown sneaker to the bottom shelf;MOVE
move the dry blue boot to the drying area;MOVE
move the soaked green sandal to the tool area;MOVE
move the wet red sneaker to the top shelf;MOVE
move the dry black boot to the middle shelf;MOVE
protect the soaked brown sandal with cream_1;IMPREGNATE
protect the wet blue sneaker with spray_1;IMPREGNATE
protect the dry green boot with cream_1;IMPREGNATE
protect the soaked red sandal with spray_1;IMPREGNATE
protect the wet black sneaker with cream_1;IMPREGNATE
protect the dry brown boot with spray_1;IMPREGNATE
pick up the soaked blue sandal;PICK_UP
pick up the wet green sneaker;PICK_UP
pick up the dry red boot;PICK_UP
pick up the soaked black sandal;PICK_UP
pick up the wet brown sneaker;PICK_UP
pick up the dry blue boot;PICK_UP
go on a long walk with the red sneaker in rainy weather;GO_ON_WALK
go on a short walk with the black boot in sunny weather;GO_ON_WALK
go on a long walk with the brown sandal in snowy weather;GO_ON_WALK
go on a short walk with the blue sneaker in muddy weather;GO_ON_WALK
go on a medium long walk with the green boot in stormy weather;GO_ON_WALK
go on a quick walk with the red sandal in rainy weather;GO_ON_WALK
go on a long walk with the black sneaker in sunny weather;GO_ON_WALK
go on a normal walk with the brown boot in snowy weather;GO_ON_WALK
go on a little walk with the blue sandal in muddy weather;GO_ON_WALK
go on a long walk with the green sneaker in stormy weather;GO_ON_WALK
go on a fast walk with the red boot in rainy weather;GO_ON_WALK
go on a long walk with the black sandal in sunny weather;GO_ON_WALK
dry the brown sneaker after snowy weather;DRY
dry the blue boot after muddy weather;DRY
dry the green sandal after stormy weather;DRY
dry the red sneaker after rainy weather;DRY
dry the black boot after sunny weather;DRY
dry the brown sandal after snowy weather;DRY
protect the blue sneaker before muddy weather with spray_1;IMPREGNATE
protect the green boot before stormy weather with spray_1;IMPREGNATE
protect the red sandal before rainy weather with spray_1;IMPREGNATE
protect the black sneaker before sunny weather with spray_1;IMPREGNATE
protect the brown boot before snowy weather with spray_1;IMPREGNATE
move the blue sandal away from muddy weather to the drying area;MOVE
move the green sneaker away from stormy weather to the tool area;MOVE
move the red boot away from rainy weather to the top shelf;MOVE
move the black sandal away from sunny weather to the middle shelf;MOVE
move the brown sneaker away from snowy weather to the bottom shelf;MOVE
clean the red_sneaker_1 with the cleaner_1 that is at least 10% full;CLEAN
use the brush with minimum 15% full to clean the s2;CLEAN
please wash the black suede sandal using a cleaning rag that is 20 percent full;CLEAN
remove dirt from the white shoe with cleaner_4 which is more than 25% full;CLEAN
clean the brown_sneaker_5 with the brush with at least 30% full left;CLEAN
use the cleaning rag that is at least 40 percent full to clean the s6;CLEAN
please wash the yellow suede sandal using a cleaner_7 with minimum 50% full;CLEAN
remove dirt from the red shoe with brush that is 60% full;CLEAN
clean the blue_sneaker_9 with the cleaning rag which is more than 70 percent full;CLEAN
use the cleaner_2 with at least 80% full left to clean the s_3;CLEAN
please wash the white suede sandal using a brush that is at least 90% full;CLEAN
remove dirt from the brown shoe with cleaning rag with minimum 10 percent full;CLEAN
clean the green_sneaker_4 with the cleaner_5 that is 15% full;CLEAN
use the brush which is more than 20 % full to clean the s_7;CLEAN
please wash the red suede sandal using a cleaning rag with at least 25 percent full left;CLEAN
remove dirt from the blue shoe with cleaner_8 that is at least 30 % full;CLEAN
clean the black_sneaker_8 with the brush with minimum 40% full;CLEAN
use the cleaning rag that is 50 percent full to clean the s4;CLEAN
please wash the brown suede sandal using a cleaner3 which is more than 60% full;CLEAN
remove dirt from the green shoe with brush with at least 70% full left;CLEAN
clean the yellow_sneaker_3 with the cleaning rag that is at least 80 percent full;CLEAN
use the cleaner_6 with minimum 90% full to clean the s_1;CLEAN
please wash the blue suede sandal using a brush that is 10% full;CLEAN
remove dirt from the black shoe with cleaning rag which is more than 15 percent full;CLEAN
clean the white_sneaker7 with the cleaner_1 with at least 20% full left;CLEAN
use the brush that is at least 25% full to clean the s_5;CLEAN
please wash the green suede sandal using a cleaning rag with minimum 30 percent full;CLEAN
remove dirt from the yellow shoe with cleaner4 that is 40% full;CLEAN
clean the red_sneaker_2 with the brush which is more than 50% full;CLEAN
use the cleaning rag with at least 60 percent full left to clean the s2;CLEAN
please wash the black suede sandal using a cleaner7 that is at least 70% full;CLEAN
remove dirt from the white shoe with brush with minimum 80% full;CLEAN
clean the brown_sneaker6 with the cleaning rag that is 90 percent full;CLEAN
use the cleaner_2 which is more than 10% full to clean the s6;CLEAN
impregnate the green_sneaker5 with the spray that is at least 60% full;IMPREGNATE
make the s_7 waterproof using impregnation cream with minimum 70 percent full;IMPREGNATE
protect the red suede sandal with a spray3 that is 80% full;IMPREGNATE
use cream which is more than 90% full on the blue shoe;IMPREGNATE
impregnate the black_sneaker_9 with the impregnation spray with at least 10 percent full left;IMPREGNATE
make the s_4 waterproof using cream6 that is at least 15% full;IMPREGNATE
protect the brown suede sandal with a spray with minimum fullness 20%;IMPREGNATE
use impregnation cream that is 25 percent full on the green shoe;IMPREGNATE
impregnate the yellow_sneaker_4 with the spray_1 which is more than 30% full;IMPREGNATE
make the s_1 waterproof using cream with at least 40% full left;IMPREGNATE
protect the blue suede sandal with a impregnation spray that is at least 50 percent full;IMPREGNATE
use cream_4 with minimum 60% full on the black shoe;IMPREGNATE
impregnate the white_sneaker8 with the spray that is 70% full;IMPREGNATE
make the s_5 waterproof using impregnation cream which is more than 80 percent full;IMPREGNATE
protect the green suede sandal with a spray_7 with at least 90% full left;IMPREGNATE
use cream that is at least 10% full on the yellow shoe;IMPREGNATE
impregnate the red_sneaker_3 with the impregnation spray with minimum 15 percent full;IMPREGNATE
make the s_2 waterproof using cream2 that is 20% full;IMPREGNATE
protect the black suede sandal with a spray which is more than 25% full;IMPREGNATE
use impregnation cream with at least 30 percent full left on the white shoe;IMPREGNATE
impregnate the brown_sneaker_7 with the spray_5 that is at least 40 % full;IMPREGNATE
make the s_6 waterproof using cream with minimum 50% full;IMPREGNATE
protect the yellow suede sandal with a impregnation spray that is 60 percent full;IMPREGNATE
use cream_8 which is more than 70% full on the red shoe;IMPREGNATE
impregnate the blue_sneaker_2 with the spray with at least 80% full left;IMPREGNATE
make the s_3 waterproof using impregnation cream that is at least 90 percent full;IMPREGNATE
protect the white suede sandal with a spray3 with minimum 10% full;IMPREGNATE
use cream that is 15% full on the brown shoe;IMPREGNATE
impregnate the green_sneaker_6 with the impregnation spray which is more than 20 percent full;IMPREGNATE
make the s_7 waterproof using cream_6 with at least 25% full left;IMPREGNATE
protect the red suede sandal with a spray that is at least 30% full;IMPREGNATE
use impregnation cream with minimum 40 percent full on the blue shoe;IMPREGNATE
impregnate the black_sneaker_1 with the spray_1 that is 50 % full;IMPREGNATE
repair the sole of the white_sneaker_9 with the needle_and_yarn1 that is maximal 25% damaged;REPAIR
fix the s_5 using sole hammer with at most 30 percent damage;REPAIR
restore the material of the green suede sandal with sole_glue that has maximum 40% damage;REPAIR
use the repair tool which is less than 50 % damaged to repair the yellow shoe;REPAIR
repair the sole of the red_sneaker4 with the sole_hammer_5 that is 60 percent damaged;REPAIR
fix the s_2 using sole glue that is maximal 70% damaged;REPAIR
restore the material of the black suede sandal with needle_and_yarn with at most 80% damaged;REPAIR
use the repair tool that has maximum 90 percent damage to repair the white shoe;REPAIR
repair the sole of the brown_sneaker8 with the sole_glue_1 which is less than 10% damaged;REPAIR
fix the s_6 using needle and yarn that is 15% damaged;REPAIR
restore the material of the yellow suede sandal with sole_hammer that is maximal 20 percent damage;REPAIR
use the repair tool with at most 25 % damage to repair the red shoe;REPAIR
repair the sole of the blue_sneaker3 with the needle_and_yarn_5 that has maximum 30% damage;REPAIR
fix the s_3 using sole hammer which is less than 40 percent damage;REPAIR
restore the material of the white suede sandal with sole_glue that is 50% damaged;REPAIR
use the repair tool that is maximal 60% damaged to repair the brown shoe;REPAIR
repair the sole of the green_sneaker_7 with the sole_hammer_1 with at most 70 percent damage;REPAIR
fix the s_7 using sole glue that has maximum 80% damage;REPAIR
restore the material of the red suede sandal with needle_and_yarn which is less than 90% damaged;REPAIR
use the repair tool that is 10 percent damaged to repair the blue shoe;REPAIR
repair the sole of the black_sneaker2 with the sole_glue_5 that is maximal 15% damage;REPAIR
fix the s_4 using needle and yarn with at most 20% damage;REPAIR
restore the material of the brown suede sandal with sole_hammer that has maximum 25 percent damaged;REPAIR
use the repair tool which is less than 30% damaged to repair the green shoe;REPAIR
repair the sole of the yellow_sneaker_6 with the needle_and_yarn_1 that is 40 % damaged;REPAIR
fix the s_1 using sole hammer that is maximal 50 percent damaged;REPAIR
restore the material of the blue suede sandal with sole_glue with at most 60% damage;REPAIR
use the repair tool that has maximum 70% damage to repair the black shoe;REPAIR
repair the sole of the white_sneaker_1 with the sole_hammer_5 which is less than 80 percent damaged;REPAIR
fix the s_5 using sole glue that is 90 % damaged;REPAIR
restore the material of the green suede sandal with needle_and_yarn that is maximal 10% damaged;REPAIR
use the repair tool with at most 15 percent damage to repair the yellow shoe;REPAIR
repair the sole of the red_sneaker_5 with the sole_glue_1 that has maximum 20% damage;REPAIR
protect the boot with spray when fullness is above 70%;IMPREGNATE
impregnate the sneaker with cream if fullness is not below 60%;IMPREGNATE
clean the sandal with cleaner when fullness is over 40 percent;CLEAN
repair the boot with glue when damage is below 25 %;REPAIR
repair the shoe with hammer if damage does not exceed 30 percent;REPAIR
fix the sandal with needle and yarn when damage is under 15%;REPAIR
