sentence_ID,position_in_sentence,token,label,intent,
1,1,please,O,CLEAN,
1,2,clean,O,CLEAN,
1,3,the,O,CLEAN,
1,4,green,B-COLOR,CLEAN,
1,5,canvas,B-MATERIAL,CLEAN,
1,6,boot,B-SHOE_TYPE,CLEAN,
1,7,next,B-NEXT_TO_RELATION,CLEAN,
1,8,to,I-NEXT_TO_RELATION,CLEAN,
1,9,the,O,CLEAN,
1,10,brown,B-COLOR,CLEAN,
1,11,sandal,B-SHOE_TYPE,CLEAN,
2,1,give,O,CLEAN,
2,2,the,O,CLEAN,
2,3,black,B-COLOR,CLEAN,
2,4,sandal,B-SHOE_TYPE,CLEAN,
2,5,a,O,CLEAN,
2,6,quick,O,CLEAN,
2,7,clean,O,CLEAN,
2,8,with,B-BEFORE_SENTENCE_SPLIT,CLEAN,
2,9,the,O,CLEAN,
2,10,rag,B-CLEANING_TOOL_TYPE,CLEAN,
3,1,clean,O,CLEAN,
3,2,up,O,CLEAN,
3,3,the,O,CLEAN,
3,4,blue,B-COLOR,CLEAN,
3,5,sandal,B-SHOE_TYPE,CLEAN,
4,1,clean,O,CLEAN,
4,2,the,O,CLEAN,
4,3,dirty,B-CLEANING_STATUS,CLEAN,
4,4,sandal,B-SHOE_TYPE,CLEAN,
4,5,with,B-BEFORE_SENTENCE_SPLIT,CLEAN,
4,6,the,O,CLEAN,
4,7,rag,B-CLEANING_TOOL_TYPE,CLEAN,
4,8,next,B-NEXT_TO_RELATION,CLEAN,
4,9,to,I-NEXT_TO_RELATION,CLEAN,
4,10,sneaker_12,B-OBJECT_ID,CLEAN,
5,1,scrub,O,CLEAN,
5,2,the,O,CLEAN,
5,3,dirty,B-CLEANING_STATUS,CLEAN,
5,4,spots,O,CLEAN,
5,5,on,O,CLEAN,
5,6,the,O,CLEAN,
5,7,white,B-COLOR,CLEAN,
5,8,sandal,B-SHOE_TYPE,CLEAN,
6,1,clean,O,CLEAN,
6,2,the,O,CLEAN,
6,3,mud,B-DIRT_TYPE,CLEAN,
6,4,off,O,CLEAN,
6,5,the,O,CLEAN,
6,6,red,B-COLOR,CLEAN,
6,7,sneaker,B-SHOE_TYPE,CLEAN,
7,1,get,O,CLEAN,
7,2,the,O,CLEAN,
7,3,dust,B-DIRT_TYPE,CLEAN,
7,4,off,O,CLEAN,
7,5,the,O,CLEAN,
7,6,boot_2,B-OBJECT_ID,CLEAN,
7,7,next,B-NEXT_TO_RELATION,CLEAN,
7,8,to,I-NEXT_TO_RELATION,CLEAN,
7,9,the,O,CLEAN,
7,10,cleaning,O,CLEAN,
7,11,brush,B-CLEANING_TOOL_TYPE,CLEAN,
7,12,with,B-BEFORE_SENTENCE_SPLIT,CLEAN,
7,13,the,O,CLEAN,
7,14,rag,B-CLEANING_TOOL_TYPE,CLEAN,
8,1,brush,B-CLEANING_TOOL_TYPE,CLEAN,
8,2,away,O,CLEAN,
8,3,the,O,CLEAN,
8,4,sand,B-DIRT_TYPE,CLEAN,
8,5,on,O,CLEAN,
8,6,the,O,CLEAN,
8,7,white,B-COLOR,CLEAN,
8,8,leather,B-MATERIAL,CLEAN,
8,9,sandal,B-SHOE_TYPE,CLEAN,
9,1,use,O,CLEAN,
9,2,a,O,CLEAN,
9,3,brush,B-CLEANING_TOOL_TYPE,CLEAN,
9,4,on,B-AFTER_SENTENCE_SPLIT,CLEAN,
9,5,wet_boot_14,B-OBJECT_ID,CLEAN,
9,6,to,O,CLEAN,
9,7,clean,O,CLEAN,
9,8,it,O,CLEAN,
10,1,the,O,CLEAN,
10,2,sneaker_4,B-OBJECT_ID,CLEAN,
10,3,is,O,CLEAN,
10,4,dirty,B-CLEANING_STATUS,CLEAN,
10,5,clean,O,CLEAN,
10,6,it,O,CLEAN,
10,7,with,B-BEFORE_SENTENCE_SPLIT,CLEAN,
10,8,the,O,CLEAN,
10,9,brush,B-CLEANING_TOOL_TYPE,CLEAN,
11,1,clean,O,CLEAN,
11,2,the,O,CLEAN,
11,3,mud,B-DIRT_TYPE,CLEAN,
11,4,off,O,CLEAN,
11,5,the,O,CLEAN,
11,6,yellow,B-COLOR,CLEAN,
11,7,sneaker,B-SHOE_TYPE,CLEAN,
11,8,next,B-NEXT_TO_RELATION,CLEAN,
11,9,to,I-NEXT_TO_RELATION,CLEAN,
11,10,spray_7,B-OBJECT_ID,CLEAN,
12,1,the,O,CLEAN,
12,2,sandal,B-SHOE_TYPE,CLEAN,
12,3,is,O,CLEAN,
12,4,dirty,B-CLEANING_STATUS,CLEAN,
12,5,clean,O,CLEAN,
12,6,it,O,CLEAN,
12,7,with,B-BEFORE_SENTENCE_SPLIT,CLEAN,
12,8,the,O,CLEAN,
12,9,brush,B-CLEANING_TOOL_TYPE,CLEAN,
13,1,clean,O,CLEAN,
13,2,the,O,CLEAN,
13,3,mud,B-DIRT_TYPE,CLEAN,
13,4,off,O,CLEAN,
13,5,leather_boot_3,B-OBJECT_ID,CLEAN,
14,1,clean,O,CLEAN,
14,2,the,O,CLEAN,
14,3,mud,B-DIRT_TYPE,CLEAN,
14,4,off,O,CLEAN,
14,5,the,O,CLEAN,
14,6,canvas,B-MATERIAL,CLEAN,
14,7,sandal,B-SHOE_TYPE,CLEAN,
14,8,next,B-NEXT_TO_RELATION,CLEAN,
14,9,to,I-NEXT_TO_RELATION,CLEAN,
14,10,the,O,CLEAN,
14,11,sole,B-REPAIR_TOOL_TYPE,CLEAN,
14,12,hammer,I-REPAIR_TOOL_TYPE,CLEAN,
15,1,scrub,O,CLEAN,
15,2,the,O,CLEAN,
15,3,red,B-COLOR,CLEAN,
15,4,canvas,B-MATERIAL,CLEAN,
15,5,high,B-SHOE_HEIGHT,CLEAN,
15,6,boot,B-SHOE_TYPE,CLEAN,
15,7,with,B-BEFORE_SENTENCE_SPLIT,CLEAN,
15,8,the,O,CLEAN,
15,9,brush,B-CLEANING_TOOL_TYPE,CLEAN,
16,1,can,O,CLEAN,
16,2,you,O,CLEAN,
16,3,clean,O,CLEAN,
16,4,the,O,CLEAN,
16,5,sandal_3,B-OBJECT_ID,CLEAN,
16,6,using,B-BEFORE_SENTENCE_SPLIT,CLEAN,
16,7,the,O,CLEAN,
16,8,cleaner,B-CLEANING_TOOL_TYPE,CLEAN,
17,1,remove,O,CLEAN,
17,2,the,O,CLEAN,
17,3,dust,B-DIRT_TYPE,CLEAN,
17,4,from,O,CLEAN,
17,5,the,O,CLEAN,
17,6,sandal,B-SHOE_TYPE,CLEAN,
17,7,with,B-BEFORE_SENTENCE_SPLIT,CLEAN,
17,8,the,O,CLEAN,
17,9,cleaner,B-CLEANING_TOOL_TYPE,CLEAN,
17,10,next,B-NEXT_TO_RELATION,CLEAN,
17,11,to,I-NEXT_TO_RELATION,CLEAN,
17,12,the,O,CLEAN,
17,13,black,B-COLOR,CLEAN,
17,14,boot,B-SHOE_TYPE,CLEAN,
17,15,in,B-LOCATION_RELATION,CLEAN,
17,16,the,O,CLEAN,
17,17,drying,B-OBJECT_LOCATION,CLEAN,
17,18,area,I-OBJECT_LOCATION,CLEAN,
18,1,scrub,O,CLEAN,
18,2,the,O,CLEAN,
18,3,rubber,B-MATERIAL,CLEAN,
18,4,sandal,B-SHOE_TYPE,CLEAN,
18,5,with,B-BEFORE_SENTENCE_SPLIT,CLEAN,
18,6,the,O,CLEAN,
18,7,brush,B-CLEANING_TOOL_TYPE,CLEAN,
19,1,wash,O,CLEAN,
19,2,the,O,CLEAN,
19,3,white,B-COLOR,CLEAN,
19,4,sneaker,B-SHOE_TYPE,CLEAN,
19,5,with,B-BEFORE_SENTENCE_SPLIT,CLEAN,
19,6,the,O,CLEAN,
19,7,cleaner,B-CLEANING_TOOL_TYPE,CLEAN,
20,1,get,O,CLEAN,
20,2,the,O,CLEAN,
20,3,dust,B-DIRT_TYPE,CLEAN,
20,4,off,O,CLEAN,
20,5,the,O,CLEAN,
20,6,brown,B-COLOR,CLEAN,
20,7,sneaker,B-SHOE_TYPE,CLEAN,
20,8,next,B-NEXT_TO_RELATION,CLEAN,
20,9,to,I-NEXT_TO_RELATION,CLEAN,
20,10,rag_4,B-OBJECT_ID,CLEAN,
20,11,on,B-LOCATION_RELATION,CLEAN,
20,12,the,O,CLEAN,
20,13,floor,B-OBJECT_LOCATION,CLEAN,
20,14,with,B-BEFORE_SENTENCE_SPLIT,CLEAN,
20,15,the,O,CLEAN,
20,16,rag,B-CLEANING_TOOL_TYPE,CLEAN,
21,1,get,O,CLEAN,
21,2,the,O,CLEAN,
21,3,dust,B-DIRT_TYPE,CLEAN,
21,4,off,O,CLEAN,
21,5,the,O,CLEAN,
21,6,brown,B-COLOR,CLEAN,
21,7,sandal,B-SHOE_TYPE,CLEAN,
21,8,with,B-BEFORE_SENTENCE_SPLIT,CLEAN,
21,9,the,O,CLEAN,
21,10,rag,B-CLEANING_TOOL_TYPE,CLEAN,
22,1,get,O,CLEAN,
22,2,the,O,CLEAN,
22,3,dust,B-DIRT_TYPE,CLEAN,
22,4,off,O,CLEAN,
22,5,the,O,CLEAN,
22,6,green,B-COLOR,CLEAN,
22,7,sneaker_4,B-OBJECT_ID,CLEAN,
22,8,with,B-BEFORE_SENTENCE_SPLIT,CLEAN,
22,9,the,O,CLEAN,
22,10,rag,B-CLEANING_TOOL_TYPE,CLEAN,
23,1,scrub,O,CLEAN,
23,2,the,O,CLEAN,
23,3,blue,B-COLOR,CLEAN,
23,4,boot,B-SHOE_TYPE,CLEAN,
23,5,with,B-BEFORE_SENTENCE_SPLIT,CLEAN,
23,6,the,O,CLEAN,
23,7,brush,B-CLEANING_TOOL_TYPE,CLEAN,
23,8,next,B-NEXT_TO_RELATION,CLEAN,
23,9,to,I-NEXT_TO_RELATION,CLEAN,
23,10,cream_5,B-OBJECT_ID,CLEAN,
23,11,inside,B-LOCATION_RELATION,CLEAN,
23,12,the,O,CLEAN,
23,13,tool,B-OBJECT_LOCATION,CLEAN,
23,14,area,I-OBJECT_LOCATION,CLEAN,
24,1,scrub,O,CLEAN,
24,2,the,O,CLEAN,
24,3,black,B-COLOR,CLEAN,
24,4,mid,B-SHOE_HEIGHT,CLEAN,
24,5,boot,B-SHOE_TYPE,CLEAN,
24,6,with,B-BEFORE_SENTENCE_SPLIT,CLEAN,
24,7,the,O,CLEAN,
24,8,brush,B-CLEANING_TOOL_TYPE,CLEAN,
25,1,wipe,O,CLEAN,
25,2,down,O,CLEAN,
25,3,brown_boot_6,B-OBJECT_ID,CLEAN,
26,1,clean,O,CLEAN,
26,2,the,O,CLEAN,
26,3,mud,B-DIRT_TYPE,CLEAN,
26,4,off,O,CLEAN,
26,5,the,O,CLEAN,
26,6,rubber,B-MATERIAL,CLEAN,
26,7,boot,B-SHOE_TYPE,CLEAN,
26,8,next,B-NEXT_TO_RELATION,CLEAN,
26,9,to,I-NEXT_TO_RELATION,CLEAN,
26,10,the,O,CLEAN,
26,11,blue,B-COLOR,CLEAN,
26,12,sneaker,B-SHOE_TYPE,CLEAN,
26,13,on,B-LOCATION_RELATION,CLEAN,
26,14,the,O,CLEAN,
26,15,middle,B-OBJECT_LOCATION,CLEAN,
26,16,shelf,I-OBJECT_LOCATION,CLEAN,
27,1,wipe,O,CLEAN,
27,2,the,O,CLEAN,
27,3,red,B-COLOR,CLEAN,
27,4,rubber,B-MATERIAL,CLEAN,
27,5,low,B-SHOE_HEIGHT,CLEAN,
27,6,sandal,B-SHOE_TYPE,CLEAN,
27,7,with,B-BEFORE_SENTENCE_SPLIT,CLEAN,
27,8,the,O,CLEAN,
27,9,rag,B-CLEANING_TOOL_TYPE,CLEAN,
28,1,use,O,CLEAN,
28,2,a,O,CLEAN,
28,3,brush,B-CLEANING_TOOL_TYPE,CLEAN,
28,4,on,B-AFTER_SENTENCE_SPLIT,CLEAN,
28,5,the,O,CLEAN,
28,6,sneaker_4,B-OBJECT_ID,CLEAN,
28,7,to,O,CLEAN,
28,8,clean,O,CLEAN,
28,9,it,O,CLEAN,
29,1,wash,O,CLEAN,
29,2,wet_boot_11,B-OBJECT_ID,CLEAN,
29,3,with,B-BEFORE_SENTENCE_SPLIT,CLEAN,
29,4,the,O,CLEAN,
29,5,cleaner,B-CLEANING_TOOL_TYPE,CLEAN,
30,1,get,O,CLEAN,
30,2,the,O,CLEAN,
30,3,dust,B-DIRT_TYPE,CLEAN,
30,4,off,O,CLEAN,
30,5,the,O,CLEAN,
30,6,yellow,B-COLOR,CLEAN,
30,7,sandal,B-SHOE_TYPE,CLEAN,
30,8,with,B-BEFORE_SENTENCE_SPLIT,CLEAN,
30,9,the,O,CLEAN,
30,10,rag,B-CLEANING_TOOL_TYPE,CLEAN,
30,11,next,B-NEXT_TO_RELATION,CLEAN,
30,12,to,I-NEXT_TO_RELATION,CLEAN,
30,13,sole_glue_3,B-OBJECT_ID,CLEAN,
30,14,in,B-LOCATION_RELATION,CLEAN,
30,15,the,O,CLEAN,
30,16,tool,B-OBJECT_LOCATION,CLEAN,
30,17,area,I-OBJECT_LOCATION,CLEAN,
31,1,use,O,CLEAN,
31,2,the,O,CLEAN,
31,3,brush,B-CLEANING_TOOL_TYPE,CLEAN,
31,4,to,B-AFTER_SENTENCE_SPLIT,CLEAN,
31,5,clean,O,CLEAN,
31,6,the,O,CLEAN,
31,7,red,B-COLOR,CLEAN,
31,8,leather,B-MATERIAL,CLEAN,
31,9,sandal,B-SHOE_TYPE,CLEAN,
32,1,wipe,O,CLEAN,
32,2,the,O,CLEAN,
32,3,dirt,O,CLEAN,
32,4,from,O,CLEAN,
32,5,the,O,CLEAN,
32,6,brown,B-COLOR,CLEAN,
32,7,boot_8,B-OBJECT_ID,CLEAN,
33,1,brush,B-CLEANING_TOOL_TYPE,CLEAN,
33,2,the,O,CLEAN,
33,3,sneaker,B-SHOE_TYPE,CLEAN,
33,4,in,B-LOCATION_RELATION,CLEAN,
33,5,the,O,CLEAN,
33,6,drying,B-OBJECT_LOCATION,CLEAN,
33,7,area,I-OBJECT_LOCATION,CLEAN,
33,8,next,B-NEXT_TO_RELATION,CLEAN,
33,9,to,I-NEXT_TO_RELATION,CLEAN,
33,10,the,O,CLEAN,
33,11,red,B-COLOR,CLEAN,
33,12,boot,B-SHOE_TYPE,CLEAN,
34,1,use,O,CLEAN,
34,2,the,O,CLEAN,
34,3,rag,B-CLEANING_TOOL_TYPE,CLEAN,
34,4,to,B-AFTER_SENTENCE_SPLIT,CLEAN,
34,5,clean,O,CLEAN,
34,6,the,O,CLEAN,
34,7,brown,B-COLOR,CLEAN,
34,8,sneaker,B-SHOE_TYPE,CLEAN,
35,1,the,O,CLEAN,
35,2,sneaker,B-SHOE_TYPE,CLEAN,
35,3,is,O,CLEAN,
35,4,dirty,B-CLEANING_STATUS,CLEAN,
35,5,clean,O,CLEAN,
35,6,it,O,CLEAN,
35,7,with,B-BEFORE_SENTENCE_SPLIT,CLEAN,
35,8,the,O,CLEAN,
35,9,cleaner,B-CLEANING_TOOL_TYPE,CLEAN,
36,1,wipe,O,CLEAN,
36,2,down,O,CLEAN,
36,3,the,O,CLEAN,
36,4,black,B-COLOR,CLEAN,
36,5,sneaker,B-SHOE_TYPE,CLEAN,
36,6,on,B-LOCATION_RELATION,CLEAN,
36,7,the,O,CLEAN,
36,8,top,B-OBJECT_LOCATION,CLEAN,
36,9,shelf,I-OBJECT_LOCATION,CLEAN,
36,10,next,B-NEXT_TO_RELATION,CLEAN,
36,11,to,I-NEXT_TO_RELATION,CLEAN,
36,12,brush_12,B-OBJECT_ID,CLEAN,
37,1,make,O,CLEAN,
37,2,the,O,CLEAN,
37,3,sandal,B-SHOE_TYPE,CLEAN,
37,4,clean,O,CLEAN,
37,5,again,O,CLEAN,
37,6,with,B-BEFORE_SENTENCE_SPLIT,CLEAN,
37,7,the,O,CLEAN,
37,8,rag,B-CLEANING_TOOL_TYPE,CLEAN,
38,1,give,O,CLEAN,
38,2,the,O,CLEAN,
38,3,yellow,B-COLOR,CLEAN,
38,4,boot,B-SHOE_TYPE,CLEAN,
38,5,a,O,CLEAN,
38,6,quick,O,CLEAN,
38,7,clean,O,CLEAN,
38,8,with,B-BEFORE_SENTENCE_SPLIT,CLEAN,
38,9,the,O,CLEAN,
38,10,rag,B-CLEANING_TOOL_TYPE,CLEAN,
39,1,clean,O,CLEAN,
39,2,green_sandal_9,B-OBJECT_ID,CLEAN,
39,3,inside,B-LOCATION_RELATION,CLEAN,
39,4,the,O,CLEAN,
39,5,tool,B-OBJECT_LOCATION,CLEAN,
39,6,area,I-OBJECT_LOCATION,CLEAN,
39,7,next,B-NEXT_TO_RELATION,CLEAN,
39,8,to,I-NEXT_TO_RELATION,CLEAN,
39,9,the,O,CLEAN,
39,10,spray,B-IMPREGNATION_TOOL_TYPE,CLEAN,
39,11,bottle,O,CLEAN,
39,12,with,B-BEFORE_SENTENCE_SPLIT,CLEAN,
39,13,the,O,CLEAN,
39,14,rag,B-CLEANING_TOOL_TYPE,CLEAN,
40,1,clean,O,CLEAN,
40,2,the,O,CLEAN,
40,3,red,B-COLOR,CLEAN,
40,4,sandal,B-SHOE_TYPE,CLEAN,
40,5,with,B-BEFORE_SENTENCE_SPLIT,CLEAN,
40,6,the,O,CLEAN,
40,7,cleaner,B-CLEANING_TOOL_TYPE,CLEAN,
41,1,wash,O,CLEAN,
41,2,the,O,CLEAN,
41,3,sneaker,B-SHOE_TYPE,CLEAN,
41,4,with,B-BEFORE_SENTENCE_SPLIT,CLEAN,
41,5,the,O,CLEAN,
41,6,cleaner,B-CLEANING_TOOL_TYPE,CLEAN,
42,1,please,O,CLEAN,
42,2,clean,O,CLEAN,
42,3,the,O,CLEAN,
42,4,yellow,B-COLOR,CLEAN,
42,5,sandal_88,B-OBJECT_ID,CLEAN,
42,6,from,B-LOCATION_RELATION,CLEAN,
42,7,the,O,CLEAN,
42,8,middle,B-OBJECT_LOCATION,CLEAN,
42,9,shelf,I-OBJECT_LOCATION,CLEAN,
42,10,next,B-NEXT_TO_RELATION,CLEAN,
42,11,to,I-NEXT_TO_RELATION,CLEAN,
42,12,the,O,CLEAN,
42,13,green,B-COLOR,CLEAN,
42,14,sandal,B-SHOE_TYPE,CLEAN,
43,1,wipe,O,CLEAN,
43,2,the,O,CLEAN,
43,3,sandal,B-SHOE_TYPE,CLEAN,
43,4,with,B-BEFORE_SENTENCE_SPLIT,CLEAN,
43,5,the,O,CLEAN,
43,6,rag,B-CLEANING_TOOL_TYPE,CLEAN,
44,1,clean,O,CLEAN,
44,2,the,O,CLEAN,
44,3,brown,B-COLOR,CLEAN,
44,4,sneaker,B-SHOE_TYPE,CLEAN,
44,5,with,B-BEFORE_SENTENCE_SPLIT,CLEAN,
44,6,the,O,CLEAN,
44,7,brush,B-CLEANING_TOOL_TYPE,CLEAN,
45,1,please,O,CLEAN,
45,2,clean,O,CLEAN,
45,3,canvas_sneaker_9,B-OBJECT_ID,CLEAN,
46,1,clean,O,CLEAN,
46,2,the,O,CLEAN,
46,3,red,B-COLOR,CLEAN,
46,4,sandal,B-SHOE_TYPE,CLEAN,
46,5,on,B-LOCATION_RELATION,CLEAN,
46,6,the,O,CLEAN,
46,7,floor,B-OBJECT_LOCATION,CLEAN,
46,8,next,B-NEXT_TO_RELATION,CLEAN,
46,9,to,I-NEXT_TO_RELATION,CLEAN,
46,10,cleaner_3,B-OBJECT_ID,CLEAN,
46,11,with,B-BEFORE_SENTENCE_SPLIT,CLEAN,
46,12,the,O,CLEAN,
46,13,rag,B-CLEANING_TOOL_TYPE,CLEAN,
47,1,wash,O,CLEAN,
47,2,the,O,CLEAN,
47,3,red,B-COLOR,CLEAN,
47,4,sneaker,B-SHOE_TYPE,CLEAN,
47,5,with,B-BEFORE_SENTENCE_SPLIT,CLEAN,
47,6,the,O,CLEAN,
47,7,cleaner,B-CLEANING_TOOL_TYPE,CLEAN,
48,1,scrub,O,CLEAN,
48,2,the,O,CLEAN,
48,3,low,B-SHOE_HEIGHT,CLEAN,
48,4,sneaker,B-SHOE_TYPE,CLEAN,
48,5,with,B-BEFORE_SENTENCE_SPLIT,CLEAN,
48,6,the,O,CLEAN,
48,7,brush,B-CLEANING_TOOL_TYPE,CLEAN,
49,1,brush,B-CLEANING_TOOL_TYPE,CLEAN,
49,2,away,B-AFTER_SENTENCE_SPLIT,CLEAN,
49,3,the,O,CLEAN,
49,4,sand,B-DIRT_TYPE,CLEAN,
49,5,on,O,CLEAN,
49,6,the,O,CLEAN,
49,7,white,B-COLOR,CLEAN,
49,8,sandal,B-SHOE_TYPE,CLEAN,
50,1,make,O,CLEAN,
50,2,the,O,CLEAN,
50,3,green,B-COLOR,CLEAN,
50,4,sneaker,B-SHOE_TYPE,CLEAN,
50,5,clean,O,CLEAN,
50,6,again,O,CLEAN,
50,7,with,B-BEFORE_SENTENCE_SPLIT,CLEAN,
50,8,the,O,CLEAN,
50,9,rag,B-CLEANING_TOOL_TYPE,CLEAN,
51,1,clean,O,CLEAN,
51,2,the,O,CLEAN,
51,3,mud,B-DIRT_TYPE,CLEAN,
51,4,off,O,CLEAN,
51,5,the,O,CLEAN,
51,6,sneaker,B-SHOE_TYPE,CLEAN,
52,1,wash,O,CLEAN,
52,2,the,O,CLEAN,
52,3,canvas,B-MATERIAL,CLEAN,
52,4,sandal,B-SHOE_TYPE,CLEAN,
52,5,next,B-NEXT_TO_RELATION,CLEAN,
52,6,to,I-NEXT_TO_RELATION,CLEAN,
52,7,the,O,CLEAN,
52,8,canvas,B-MATERIAL,CLEAN,
52,9,boot,B-SHOE_TYPE,CLEAN,
52,10,on,B-LOCATION_RELATION,CLEAN,
52,11,the,O,CLEAN,
52,12,bottom,B-OBJECT_LOCATION,CLEAN,
52,13,shelf,I-OBJECT_LOCATION,CLEAN,
52,14,with,B-BEFORE_SENTENCE_SPLIT,CLEAN,
52,15,the,O,CLEAN,
52,16,red,O,CLEAN,
52,17,cleaner,B-CLEANING_TOOL_TYPE,CLEAN,
53,1,wipe,O,CLEAN,
53,2,the,O,CLEAN,
53,3,dirt,O,CLEAN,
53,4,from,O,CLEAN,
53,5,brown_sandal_4,B-OBJECT_ID,CLEAN,
54,1,make,O,CLEAN,
54,2,the,O,CLEAN,
54,3,red,B-COLOR,CLEAN,
54,4,sneaker,B-SHOE_TYPE,CLEAN,
54,5,clean,O,CLEAN,
54,6,again,O,CLEAN,
54,7,with,B-BEFORE_SENTENCE_SPLIT,CLEAN,
54,8,the,O,CLEAN,
54,9,cleaner,B-CLEANING_TOOL_TYPE,CLEAN,
55,1,wipe,O,CLEAN,
55,2,the,O,CLEAN,
55,3,dirt,O,CLEAN,
55,4,from,O,CLEAN,
55,5,the,O,CLEAN,
55,6,leather,B-MATERIAL,CLEAN,
55,7,boot,B-SHOE_TYPE,CLEAN,
55,8,next,B-NEXT_TO_RELATION,CLEAN,
55,9,to,I-NEXT_TO_RELATION,CLEAN,
55,10,needle_and_yarn_1,B-OBJECT_ID,CLEAN,
55,11,in,B-LOCATION_RELATION,CLEAN,
55,12,the,O,CLEAN,
55,13,tool,B-OBJECT_LOCATION,CLEAN,
55,14,area,I-OBJECT_LOCATION,CLEAN,
56,1,please,O,CLEAN,
56,2,clean,O,CLEAN,
56,3,the,O,CLEAN,
56,4,brown,B-COLOR,CLEAN,
56,5,sneaker,B-SHOE_TYPE,CLEAN,
57,1,get,O,CLEAN,
57,2,the,O,CLEAN,
57,3,dust,B-DIRT_TYPE,CLEAN,
57,4,off,O,CLEAN,
57,5,the,O,CLEAN,
57,6,yellow,B-COLOR,CLEAN,
57,7,rubber,B-MATERIAL,CLEAN,
57,8,sandal_88,B-OBJECT_ID,CLEAN,
57,9,with,B-BEFORE_SENTENCE_SPLIT,CLEAN,
57,10,the,O,CLEAN,
57,11,rag,B-CLEANING_TOOL_TYPE,CLEAN,
58,1,scrub,O,CLEAN,
58,2,leather_boot_3,B-OBJECT_ID,CLEAN,
58,3,next,B-NEXT_TO_RELATION,CLEAN,
58,4,to,I-NEXT_TO_RELATION,CLEAN,
58,5,the,O,CLEAN,
58,6,brown,B-COLOR,CLEAN,
58,7,sandal,B-SHOE_TYPE,CLEAN,
58,8,with,B-BEFORE_SENTENCE_SPLIT,CLEAN,
58,9,the,O,CLEAN,
58,10,brush,B-CLEANING_TOOL_TYPE,CLEAN,
59,1,brush,B-CLEANING_TOOL_TYPE,CLEAN,
59,2,away,B-AFTER_SENTENCE_SPLIT,CLEAN,
59,3,the,O,CLEAN,
59,4,sand,B-DIRT_TYPE,CLEAN,
59,5,on,O,CLEAN,
59,6,the,O,CLEAN,
59,7,boot,B-SHOE_TYPE,CLEAN,
60,1,make,O,CLEAN,
60,2,the,O,CLEAN,
60,3,white,B-COLOR,CLEAN,
60,4,sandal,B-SHOE_TYPE,CLEAN,
60,5,clean,O,CLEAN,
60,6,again,O,CLEAN,
60,7,with,B-BEFORE_SENTENCE_SPLIT,CLEAN,
60,8,the,O,CLEAN,
60,9,cleaner,B-CLEANING_TOOL_TYPE,CLEAN,
61,1,clean,O,CLEAN,
61,2,up,O,CLEAN,
61,3,the,O,CLEAN,
61,4,blue,B-COLOR,CLEAN,
61,5,sneaker,B-SHOE_TYPE,CLEAN,
61,6,next,B-NEXT_TO_RELATION,CLEAN,
61,7,to,I-NEXT_TO_RELATION,CLEAN,
61,8,sneaker_12,B-OBJECT_ID,CLEAN,
62,1,wipe,O,CLEAN,
62,2,the,O,CLEAN,
62,3,dirt,O,CLEAN,
62,4,from,O,CLEAN,
62,5,the,O,CLEAN,
62,6,boot,B-SHOE_TYPE,CLEAN,
63,1,brush,B-CLEANING_TOOL_TYPE,CLEAN,
63,2,away,B-AFTER_SENTENCE_SPLIT,CLEAN,
63,3,the,O,CLEAN,
63,4,sand,B-DIRT_TYPE,CLEAN,
63,5,on,O,CLEAN,
63,6,the,O,CLEAN,
63,7,blue,B-COLOR,CLEAN,
63,8,sneaker,B-SHOE_TYPE,CLEAN,
64,1,brush,B-CLEANING_TOOL_TYPE,CLEAN,
64,2,the,O,CLEAN,
64,3,green,B-COLOR,CLEAN,
64,4,sandal,B-SHOE_TYPE,CLEAN,
64,5,clean,O,CLEAN,
65,1,scrub,O,CLEAN,
65,2,the,O,CLEAN,
65,3,dirty,B-CLEANING_STATUS,CLEAN,
65,4,spots,O,CLEAN,
65,5,on,O,CLEAN,
65,6,the,O,CLEAN,
65,7,sneaker,B-SHOE_TYPE,CLEAN,
65,8,next,B-NEXT_TO_RELATION,CLEAN,
65,9,to,I-NEXT_TO_RELATION,CLEAN,
65,10,the,O,CLEAN,
65,11,cleaning,O,CLEAN,
65,12,brush,B-CLEANING_TOOL_TYPE,CLEAN,
66,1,clean,O,CLEAN,
66,2,dirty_sneaker_6,B-OBJECT_ID,CLEAN,
66,3,with,B-BEFORE_SENTENCE_SPLIT,CLEAN,
66,4,the,O,CLEAN,
66,5,brush,B-CLEANING_TOOL_TYPE,CLEAN,
67,1,wash,O,CLEAN,
67,2,the,O,CLEAN,
67,3,dirty,O,CLEAN,
68,1,clean,O,CLEAN,
68,2,that,O,CLEAN,
68,3,shoe_8,B-OBJECT_ID,CLEAN,
68,4,before,O,CLEAN,
68,5,putting,O,CLEAN,
68,6,it,O,CLEAN,
68,7,away,O,CLEAN,
69,1,get,O,CLEAN,
69,2,the,O,CLEAN,
69,3,dust,B-DIRT_TYPE,CLEAN,
69,4,off,O,CLEAN,
69,5,the,O,CLEAN,
69,6,green,B-COLOR,CLEAN,
69,7,canvas,B-MATERIAL,CLEAN,
69,8,boot,B-SHOE_TYPE,CLEAN,
69,9,with,B-BEFORE_SENTENCE_SPLIT,CLEAN,
69,10,yellow,O,CLEAN,
69,11,the,O,CLEAN,
69,12,rag,B-CLEANING_TOOL_TYPE,CLEAN,
69,13,next,B-NEXT_TO_RELATION,CLEAN,
69,14,to,I-NEXT_TO_RELATION,CLEAN,
69,15,spray_7,B-OBJECT_ID,CLEAN,
70,1,brush,B-CLEANING_TOOL_TYPE,CLEAN,
70,2,away,B-AFTER_SENTENCE_SPLIT,CLEAN,
70,3,the,O,CLEAN,
70,4,sand,B-DIRT_TYPE,CLEAN,
70,5,on,O,CLEAN,
70,6,the,O,CLEAN,
70,7,red,B-COLOR,CLEAN,
70,8,canvas,B-MATERIAL,CLEAN,
70,9,sandal,B-SHOE_TYPE,CLEAN,
71,1,brush,B-CLEANING_TOOL_TYPE,CLEAN,
71,2,away,B-AFTER_SENTENCE_SPLIT,CLEAN,
71,3,the,O,CLEAN,
71,4,sand,B-DIRT_TYPE,CLEAN,
71,5,on,O,CLEAN,
71,6,the,O,CLEAN,
71,7,yellow,B-COLOR,CLEAN,
71,8,sandal,B-SHOE_TYPE,CLEAN,
72,1,clean,O,CLEAN,
72,2,the,O,CLEAN,
72,3,black,B-COLOR,CLEAN,
72,4,suede,B-MATERIAL,CLEAN,
72,5,sandal_88,B-OBJECT_ID,CLEAN,
72,6,next,B-NEXT_TO_RELATION,CLEAN,
72,7,to,I-NEXT_TO_RELATION,CLEAN,
72,8,the,O,CLEAN,
72,9,sole,B-REPAIR_TOOL_TYPE,CLEAN,
72,10,hammer,I-REPAIR_TOOL_TYPE,CLEAN,
72,11,with,B-BEFORE_SENTENCE_SPLIT,CLEAN,
72,12,the,O,CLEAN,
72,13,cleaner,B-CLEANING_TOOL_TYPE,CLEAN,
73,1,get,O,CLEAN,
73,2,the,O,CLEAN,
73,3,dust,B-DIRT_TYPE,CLEAN,
73,4,off,O,CLEAN,
73,5,the,O,CLEAN,
73,6,blue,B-COLOR,CLEAN,
73,7,sneaker,B-SHOE_TYPE,CLEAN,
73,8,with,B-BEFORE_SENTENCE_SPLIT,CLEAN,
73,9,the,O,CLEAN,
73,10,rag,B-CLEANING_TOOL_TYPE,CLEAN,
74,1,clean,O,CLEAN,
74,2,the,O,CLEAN,
74,3,muddy,B-DIRT_TYPE,CLEAN,
74,4,sandal,B-SHOE_TYPE,CLEAN,
74,5,with,B-BEFORE_SENTENCE_SPLIT,CLEAN,
74,6,the,O,CLEAN,
74,7,rag,B-CLEANING_TOOL_TYPE,CLEAN,
75,1,scrub,O,CLEAN,
75,2,rubber_sandal_6,B-OBJECT_ID,CLEAN,
75,3,using,B-BEFORE_SENTENCE_SPLIT,CLEAN,
75,4,the,O,CLEAN,
75,5,brush,B-CLEANING_TOOL_TYPE,CLEAN,
75,6,next,B-NEXT_TO_RELATION,CLEAN,
75,7,to,I-NEXT_TO_RELATION,CLEAN,
75,8,the,O,CLEAN,
75,9,black,B-COLOR,CLEAN,
75,10,boot,B-SHOE_TYPE,CLEAN,
75,11,in,B-LOCATION_RELATION,CLEAN,
75,12,the,O,CLEAN,
75,13,drying,B-OBJECT_LOCATION,CLEAN,
75,14,area,I-OBJECT_LOCATION,CLEAN,
76,1,wipe,O,CLEAN,
76,2,blue_sneaker_4,B-OBJECT_ID,CLEAN,
76,3,with,B-BEFORE_SENTENCE_SPLIT,CLEAN,
76,4,the,O,CLEAN,
76,5,rag,B-CLEANING_TOOL_TYPE,CLEAN,
77,1,can,O,CLEAN,
77,2,you,O,CLEAN,
77,3,clean,O,CLEAN,
77,4,the,O,CLEAN,
77,5,green,B-COLOR,CLEAN,
77,6,boot,B-SHOE_TYPE,CLEAN,
77,7,using,B-BEFORE_SENTENCE_SPLIT,CLEAN,
77,8,the,O,CLEAN,
77,9,rag,B-CLEANING_TOOL_TYPE,CLEAN,
78,1,get,O,CLEAN,
78,2,the,O,CLEAN,
78,3,dust,B-DIRT_TYPE,CLEAN,
78,4,off,O,CLEAN,
78,5,the,O,CLEAN,
78,6,sneaker,B-SHOE_TYPE,CLEAN,
78,7,next,B-NEXT_TO_RELATION,CLEAN,
78,8,to,I-NEXT_TO_RELATION,CLEAN,
78,9,rag_4,B-OBJECT_ID,CLEAN,
78,10,on,B-LOCATION_RELATION,CLEAN,
78,11,the,O,CLEAN,
78,12,floor,B-OBJECT_LOCATION,CLEAN,
78,13,with,B-BEFORE_SENTENCE_SPLIT,CLEAN,
78,14,the,O,CLEAN,
78,15,rag,B-CLEANING_TOOL_TYPE,CLEAN,
79,1,get,O,CLEAN,
79,2,the,O,CLEAN,
79,3,dust,B-DIRT_TYPE,CLEAN,
79,4,off,O,CLEAN,
79,5,the,O,CLEAN,
79,6,red,B-COLOR,CLEAN,
79,7,suede,B-MATERIAL,CLEAN,
79,8,sandal,B-SHOE_TYPE,CLEAN,
79,9,with,B-BEFORE_SENTENCE_SPLIT,CLEAN,
79,10,the,O,CLEAN,
79,11,rag,B-CLEANING_TOOL_TYPE,CLEAN,
80,1,wipe,O,CLEAN,
80,2,the,O,CLEAN,
80,3,boot,B-SHOE_TYPE,CLEAN,
81,1,wash,O,CLEAN,
81,2,the,O,CLEAN,
81,3,mid,B-SHOE_HEIGHT,CLEAN,
81,4,sneaker_12,B-OBJECT_ID,CLEAN,
81,5,with,B-BEFORE_SENTENCE_SPLIT,CLEAN,
81,6,the,O,CLEAN,
81,7,cleaner,B-CLEANING_TOOL_TYPE,CLEAN,
82,1,use,O,CLEAN,
82,2,the,O,CLEAN,
82,3,cleaner,B-CLEANING_TOOL_TYPE,CLEAN,
82,4,next,B-NEXT_TO_RELATION,CLEAN,
82,5,to,I-NEXT_TO_RELATION,CLEAN,
82,6,cream_5,B-OBJECT_ID,CLEAN,
82,7,inside,B-LOCATION_RELATION,CLEAN,
82,8,the,O,CLEAN,
82,9,tool,B-OBJECT_LOCATION,CLEAN,
82,10,area,I-OBJECT_LOCATION,CLEAN,
82,11,to,B-AFTER_SENTENCE_SPLIT,CLEAN,
82,12,clean,O,CLEAN,
82,13,the,O,CLEAN,
82,14,rubber,B-MATERIAL,CLEAN,
82,15,boot,B-SHOE_TYPE,CLEAN,
83,1,wash,O,CLEAN,
83,2,the,O,CLEAN,
83,3,sandal,B-SHOE_TYPE,CLEAN,
83,4,with,B-BEFORE_SENTENCE_SPLIT,CLEAN,
83,5,the,O,CLEAN,
83,6,cleaner,B-CLEANING_TOOL_TYPE,CLEAN,
84,1,clean,O,CLEAN,
84,2,the,O,CLEAN,
84,3,shoe,O,CLEAN,
85,1,clean,O,CLEAN,
85,2,the,O,CLEAN,
85,3,oily,B-DIRT_TYPE,CLEAN,
85,4,boot,B-SHOE_TYPE,CLEAN,
85,5,next,B-NEXT_TO_RELATION,CLEAN,
85,6,to,I-NEXT_TO_RELATION,CLEAN,
85,7,the,O,CLEAN,
85,8,blue,B-COLOR,CLEAN,
85,9,sneaker,B-SHOE_TYPE,CLEAN,
85,10,on,B-LOCATION_RELATION,CLEAN,
85,11,the,O,CLEAN,
85,12,middle,B-OBJECT_LOCATION,CLEAN,
85,13,shelf,I-OBJECT_LOCATION,CLEAN,
85,14,with,B-BEFORE_SENTENCE_SPLIT,CLEAN,
85,15,the,O,CLEAN,
85,16,cleaner,B-CLEANING_TOOL_TYPE,CLEAN,
86,1,clean,O,CLEAN,
86,2,the,O,CLEAN,
86,3,sole,O,CLEAN,
86,4,of,O,CLEAN,
86,5,the,O,CLEAN,
86,6,red,B-COLOR,CLEAN,
86,7,leather,B-MATERIAL,CLEAN,
86,8,sandal,B-SHOE_TYPE,CLEAN,
86,9,with,B-BEFORE_SENTENCE_SPLIT,CLEAN,
86,10,the,O,CLEAN,
86,11,brush,B-CLEANING_TOOL_TYPE,CLEAN,
87,1,brush,B-CLEANING_TOOL_TYPE,CLEAN,
87,2,black_boot_5,B-OBJECT_ID,CLEAN,
87,3,clean,O,CLEAN,
88,1,clean,O,CLEAN,
88,2,it,O,CLEAN,
88,3,with,B-BEFORE_SENTENCE_SPLIT,CLEAN,
89,1,wipe,O,CLEAN,
89,2,the,O,CLEAN,
89,3,black,B-COLOR,CLEAN,
89,4,boot_11,B-OBJECT_ID,CLEAN,
89,5,with,B-BEFORE_SENTENCE_SPLIT,CLEAN,
89,6,the,O,CLEAN,
89,7,rag,B-CLEANING_TOOL_TYPE,CLEAN,
89,8,next,B-NEXT_TO_RELATION,CLEAN,
89,9,to,I-NEXT_TO_RELATION,CLEAN,
89,10,sole_glue_3,B-OBJECT_ID,CLEAN,
89,11,in,B-LOCATION_RELATION,CLEAN,
89,12,the,O,CLEAN,
89,13,tool,B-OBJECT_LOCATION,CLEAN,
89,14,area,I-OBJECT_LOCATION,CLEAN,
90,1,the,O,CLEAN,
90,2,boot,B-SHOE_TYPE,CLEAN,
90,3,is,O,CLEAN,
90,4,dirty,B-CLEANING_STATUS,CLEAN,
90,5,clean,O,CLEAN,
90,6,it,O,CLEAN,
90,7,with,B-BEFORE_SENTENCE_SPLIT,CLEAN,
90,8,the,O,CLEAN,
90,9,rag,B-CLEANING_TOOL_TYPE,CLEAN,
91,1,wipe,O,CLEAN,
91,2,the,O,CLEAN,
91,3,dirt,O,CLEAN,
91,4,from,O,CLEAN,
91,5,the,O,CLEAN,
91,6,yellow,B-COLOR,CLEAN,
91,7,boot,B-SHOE_TYPE,CLEAN,
92,1,clean,O,CLEAN,
92,2,the,O,CLEAN,
92,3,sole,O,CLEAN,
92,4,of,B-LOCATION_RELATION,CLEAN,
92,5,the,O,CLEAN,
92,6,sandal,B-SHOE_TYPE,CLEAN,
92,7,in,B-LOCATION_RELATION,CLEAN,
92,8,the,O,CLEAN,
92,9,drying,B-OBJECT_LOCATION,CLEAN,
92,10,area,I-OBJECT_LOCATION,CLEAN,
92,11,next,B-NEXT_TO_RELATION,CLEAN,
92,12,to,I-NEXT_TO_RELATION,CLEAN,
92,13,the,O,CLEAN,
92,14,red,B-COLOR,CLEAN,
92,15,boot,B-SHOE_TYPE,CLEAN,
92,16,with,B-BEFORE_SENTENCE_SPLIT,CLEAN,
92,17,the,O,CLEAN,
92,18,brush,B-CLEANING_TOOL_TYPE,CLEAN,
93,1,remove,O,CLEAN,
93,2,the,O,CLEAN,
93,3,dust,B-DIRT_TYPE,CLEAN,
93,4,from,O,CLEAN,
93,5,brown_sandal_4,B-OBJECT_ID,CLEAN,
93,6,with,B-BEFORE_SENTENCE_SPLIT,CLEAN,
93,7,the,O,CLEAN,
93,8,rag,B-CLEANING_TOOL_TYPE,CLEAN,
94,1,can,O,CLEAN,
94,2,you,O,CLEAN,
94,3,clean,O,CLEAN,
94,4,the,O,CLEAN,
94,5,red,B-COLOR,CLEAN,
94,6,rubber,B-MATERIAL,CLEAN,
94,7,sandal,B-SHOE_TYPE,CLEAN,
94,8,using,B-BEFORE_SENTENCE_SPLIT,CLEAN,
94,9,the,O,CLEAN,
94,10,brush,B-CLEANING_TOOL_TYPE,CLEAN,
95,1,give,O,CLEAN,
95,2,the,O,CLEAN,
95,3,high,B-SHOE_HEIGHT,CLEAN,
95,4,boot,B-SHOE_TYPE,CLEAN,
95,5,a,O,CLEAN,
95,6,quick,O,CLEAN,
95,7,clean,O,CLEAN,
95,8,with,B-BEFORE_SENTENCE_SPLIT,CLEAN,
95,9,the,O,CLEAN,
95,10,rag,B-CLEANING_TOOL_TYPE,CLEAN,
95,11,on,B-LOCATION_RELATION,CLEAN,
95,12,the,O,CLEAN,
95,13,top,B-OBJECT_LOCATION,CLEAN,
95,14,shelf,I-OBJECT_LOCATION,CLEAN,
95,15,next,B-NEXT_TO_RELATION,CLEAN,
95,16,to,I-NEXT_TO_RELATION,CLEAN,
95,17,brush_12,B-OBJECT_ID,CLEAN,
96,1,can,O,CLEAN,
96,2,you,O,CLEAN,
96,3,clean,O,CLEAN,
96,4,the,O,CLEAN,
96,5,yellow,B-COLOR,CLEAN,
96,6,sneaker_6,B-OBJECT_ID,CLEAN,
96,7,using,B-BEFORE_SENTENCE_SPLIT,CLEAN,
96,8,green,O,CLEAN,
96,9,cleaner,B-CLEANING_TOOL_TYPE,CLEAN,
97,1,please,O,CLEAN,
97,2,clean,O,CLEAN,
97,3,the,O,CLEAN,
97,4,suede,B-MATERIAL,CLEAN,
97,5,sneaker,B-SHOE_TYPE,CLEAN,
98,1,wipe,O,CLEAN,
98,2,down,O,CLEAN,
98,3,the,O,CLEAN,
98,4,white,B-COLOR,CLEAN,
98,5,sneaker,B-SHOE_TYPE,CLEAN,
99,1,wipe,O,CLEAN,
99,2,the,O,CLEAN,
99,3,dirt,O,CLEAN,
99,4,from,B-LOCATION_RELATION,CLEAN,
99,5,the,O,CLEAN,
99,6,sneaker_12,B-OBJECT_ID,CLEAN,
99,7,inside,B-LOCATION_RELATION,CLEAN,
99,8,the,O,CLEAN,
99,9,tool,B-OBJECT_LOCATION,CLEAN,
99,10,area,I-OBJECT_LOCATION,CLEAN,
99,11,next,B-NEXT_TO_RELATION,CLEAN,
99,12,to,I-NEXT_TO_RELATION,CLEAN,
99,13,the,O,CLEAN,
99,14,spray,B-IMPREGNATION_TOOL_TYPE,CLEAN,
99,15,bottle,O,CLEAN,
100,1,brush,B-CLEANING_TOOL_TYPE,CLEAN,
100,2,away,B-AFTER_SENTENCE_SPLIT,CLEAN,
100,3,the,O,CLEAN,
100,4,sand,B-DIRT_TYPE,CLEAN,
100,5,on,O,CLEAN,
100,6,the,O,CLEAN,
100,7,red,B-COLOR,CLEAN,
100,8,rubber,B-MATERIAL,CLEAN,
100,9,sandal,B-SHOE_TYPE,CLEAN,
101,1,clean,O,CLEAN,
101,2,up,O,CLEAN,
101,3,the,O,CLEAN,
101,4,blue,B-COLOR,CLEAN,
101,5,boot_11,B-OBJECT_ID,CLEAN,
102,1,wipe,O,CLEAN,
102,2,the,O,CLEAN,
102,3,low,B-SHOE_HEIGHT,CLEAN,
102,4,boot,B-SHOE_TYPE,CLEAN,
102,5,with,B-BEFORE_SENTENCE_SPLIT,CLEAN,
102,6,the,O,CLEAN,
102,7,rag,B-CLEANING_TOOL_TYPE,CLEAN,
102,8,from,B-LOCATION_RELATION,CLEAN,
102,9,the,O,CLEAN,
102,10,middle,B-OBJECT_LOCATION,CLEAN,
102,11,shelf,I-OBJECT_LOCATION,CLEAN,
102,12,next,B-NEXT_TO_RELATION,CLEAN,
102,13,to,I-NEXT_TO_RELATION,CLEAN,
102,14,the,O,CLEAN,
102,15,green,B-COLOR,CLEAN,
102,16,sandal,B-SHOE_TYPE,CLEAN,
103,1,get,O,CLEAN,
103,2,the,O,CLEAN,
103,3,dust,B-DIRT_TYPE,CLEAN,
103,4,off,O,CLEAN,
103,5,the,O,CLEAN,
103,6,blue,B-COLOR,CLEAN,
103,7,boot_2,B-OBJECT_ID,CLEAN,
103,8,with,B-BEFORE_SENTENCE_SPLIT,CLEAN,
103,9,the,O,CLEAN,
103,10,rag,B-CLEANING_TOOL_TYPE,CLEAN,
104,1,scrub,O,CLEAN,
104,2,the,O,CLEAN,
104,3,blue,B-COLOR,CLEAN,
104,4,sandal,B-SHOE_TYPE,CLEAN,
104,5,with,B-BEFORE_SENTENCE_SPLIT,CLEAN,
104,6,the,O,CLEAN,
104,7,brush,B-CLEANING_TOOL_TYPE,CLEAN,
105,1,wipe,O,CLEAN,
105,2,down,O,CLEAN,
105,3,the,O,CLEAN,
105,4,green,B-COLOR,CLEAN,
105,5,rubber,B-MATERIAL,CLEAN,
105,6,sandal,B-SHOE_TYPE,CLEAN,
105,7,on,B-LOCATION_RELATION,CLEAN,
105,8,the,O,CLEAN,
105,9,floor,B-OBJECT_LOCATION,CLEAN,
105,10,next,B-NEXT_TO_RELATION,CLEAN,
105,11,to,I-NEXT_TO_RELATION,CLEAN,
105,12,cleaner_3,B-OBJECT_ID,CLEAN,
106,1,scrub,O,CLEAN,
106,2,sandal_3,B-OBJECT_ID,CLEAN,
106,3,with,B-BEFORE_SENTENCE_SPLIT,CLEAN,
106,4,the,O,CLEAN,
106,5,brush,B-CLEANING_TOOL_TYPE,CLEAN,
107,1,give,O,CLEAN,
107,2,the,O,CLEAN,
107,3,yellow,B-COLOR,CLEAN,
107,4,leather,B-MATERIAL,CLEAN,
107,5,sneaker_9,B-OBJECT_ID,CLEAN,
107,6,a,O,CLEAN,
107,7,quick,O,CLEAN,
107,8,clean,O,CLEAN,
107,9,with,B-BEFORE_SENTENCE_SPLIT,CLEAN,
107,10,the,O,CLEAN,
107,11,rag,B-CLEANING_TOOL_TYPE,CLEAN,
108,1,wash,O,CLEAN,
108,2,the,O,CLEAN,
108,3,black,B-COLOR,CLEAN,
108,4,sneaker,B-SHOE_TYPE,CLEAN,
108,5,with,B-BEFORE_SENTENCE_SPLIT,CLEAN,
108,6,the,O,CLEAN,
108,7,cleaner,B-CLEANING_TOOL_TYPE,CLEAN,
108,8,next,B-NEXT_TO_RELATION,CLEAN,
108,9,to,I-NEXT_TO_RELATION,CLEAN,
108,10,the,O,CLEAN,
108,11,hammer,B-REPAIR_TOOL_TYPE,CLEAN,
108,12,inside,B-LOCATION_RELATION,CLEAN,
108,13,the,O,CLEAN,
108,14,drying,B-OBJECT_LOCATION,CLEAN,
108,15,area,I-OBJECT_LOCATION,CLEAN,
108,16,next,B-NEXT_TO_RELATION,CLEAN,
108,17,to,I-NEXT_TO_RELATION,CLEAN,
108,18,spray_7,B-OBJECT_ID,CLEAN,
109,1,clean,O,CLEAN,
109,2,the,O,CLEAN,
109,3,black,B-COLOR,CLEAN,
109,4,high,B-SHOE_HEIGHT,CLEAN,
109,5,sandal,B-SHOE_TYPE,CLEAN,
109,6,with,B-BEFORE_SENTENCE_SPLIT,CLEAN,
109,7,the,O,CLEAN,
109,8,rag,B-CLEANING_TOOL_TYPE,CLEAN,
110,1,wipe,O,CLEAN,
110,2,the,O,CLEAN,
110,3,dirt,O,CLEAN,
110,4,from,O,CLEAN,
110,5,the,O,CLEAN,
110,6,green,B-COLOR,CLEAN,
110,7,leather,B-MATERIAL,CLEAN,
110,8,sneaker_7,B-OBJECT_ID,CLEAN,
111,1,remove,O,CLEAN,
111,2,the,O,CLEAN,
111,3,sand,B-DIRT_TYPE,CLEAN,
111,4,from,O,CLEAN,
111,5,the,O,CLEAN,
111,6,white,B-COLOR,CLEAN,
111,7,sneaker,B-SHOE_TYPE,CLEAN,
111,8,next,B-NEXT_TO_RELATION,CLEAN,
111,9,to,I-NEXT_TO_RELATION,CLEAN,
111,10,the,O,CLEAN,
111,11,canvas,B-MATERIAL,CLEAN,
111,12,boot,B-SHOE_TYPE,CLEAN,
111,13,on,B-LOCATION_RELATION,CLEAN,
111,14,the,O,CLEAN,
111,15,bottom,B-OBJECT_LOCATION,CLEAN,
111,16,shelf,I-OBJECT_LOCATION,CLEAN,
111,17,with,B-BEFORE_SENTENCE_SPLIT,CLEAN,
111,18,the,O,CLEAN,
111,19,brush,B-CLEANING_TOOL_TYPE,CLEAN,
112,1,wipe,O,CLEAN,
112,2,the,O,CLEAN,
112,3,dirt,O,CLEAN,
112,4,from,O,CLEAN,
112,5,the,O,CLEAN,
112,6,green,B-COLOR,CLEAN,
112,7,leather,B-MATERIAL,CLEAN,
112,8,sandal_88,B-OBJECT_ID,CLEAN,
113,1,clean,O,CLEAN,
113,2,the,O,CLEAN,
114,1,use,O,CLEAN,
114,2,the,O,CLEAN,
114,3,brush,B-CLEANING_TOOL_TYPE,CLEAN,
114,4,to,B-AFTER_SENTENCE_SPLIT,CLEAN,
114,5,clean,O,CLEAN,
114,6,dirty_sneaker_6,B-OBJECT_ID,CLEAN,
115,1,wipe,O,CLEAN,
115,2,down,O,CLEAN,
115,3,the,O,CLEAN,
115,4,sneaker,B-SHOE_TYPE,CLEAN,
115,5,next,B-NEXT_TO_RELATION,CLEAN,
115,6,to,I-NEXT_TO_RELATION,CLEAN,
115,7,needle_and_yarn_1,B-OBJECT_ID,CLEAN,
115,8,in,B-LOCATION_RELATION,CLEAN,
115,9,the,O,CLEAN,
115,10,tool,B-OBJECT_LOCATION,CLEAN,
115,11,area,I-OBJECT_LOCATION,CLEAN,
116,1,clean,O,CLEAN,
116,2,up,O,CLEAN,
116,3,the,O,CLEAN,
116,4,brown,B-COLOR,CLEAN,
116,5,sneaker,B-SHOE_TYPE,CLEAN,
117,1,wipe,O,CLEAN,
117,2,the,O,CLEAN,
117,3,suede,B-MATERIAL,CLEAN,
117,4,sneaker,B-SHOE_TYPE,CLEAN,
117,5,with,B-BEFORE_SENTENCE_SPLIT,CLEAN,
117,6,the,O,CLEAN,
117,7,rag,B-CLEANING_TOOL_TYPE,CLEAN,
118,1,use,O,CLEAN,
118,2,the,O,CLEAN,
118,3,rag,B-CLEANING_TOOL_TYPE,CLEAN,
118,4,to,B-AFTER_SENTENCE_SPLIT,CLEAN,
118,5,clean,O,CLEAN,
118,6,the,O,CLEAN,
118,7,white,B-COLOR,CLEAN,
118,8,sandal_4,B-OBJECT_ID,CLEAN,
119,1,clean,O,CLEAN,
119,2,sneaker_1,B-OBJECT_ID,CLEAN,
119,3,next,B-NEXT_TO_RELATION,CLEAN,
119,4,to,I-NEXT_TO_RELATION,CLEAN,
119,5,the,O,CLEAN,
119,6,brown,B-COLOR,CLEAN,
119,7,sandal,B-SHOE_TYPE,CLEAN,
119,8,with,B-BEFORE_SENTENCE_SPLIT,CLEAN,
119,9,the,O,CLEAN,
119,10,brush,B-CLEANING_TOOL_TYPE,CLEAN,
120,1,scrub,O,CLEAN,
120,2,the,O,CLEAN,
120,3,dirty,O,CLEAN,
120,4,spots,O,CLEAN,
120,5,on,O,CLEAN,
120,6,the,O,CLEAN,
120,7,brown,B-COLOR,CLEAN,
120,8,canvas,B-MATERIAL,CLEAN,
120,9,sandal,B-SHOE_TYPE,CLEAN,
121,1,use,O,CLEAN,
121,2,the,O,CLEAN,
121,3,brush,B-CLEANING_TOOL_TYPE,CLEAN,
121,4,to,B-AFTER_SENTENCE_SPLIT,CLEAN,
121,5,clean,O,CLEAN,
121,6,the,O,CLEAN,
121,7,leather,B-MATERIAL,CLEAN,
121,8,boot_2,B-OBJECT_ID,CLEAN,
122,1,give,O,CLEAN,
122,2,the,O,CLEAN,
122,3,yellow,B-COLOR,CLEAN,
122,4,canvas,B-MATERIAL,CLEAN,
122,5,sneaker,B-SHOE_TYPE,CLEAN,
122,6,a,O,CLEAN,
122,7,quick,O,CLEAN,
122,8,clean,O,CLEAN,
122,9,with,B-BEFORE_SENTENCE_SPLIT,CLEAN,
122,10,the,O,CLEAN,
122,11,rag,B-CLEANING_TOOL_TYPE,CLEAN,
122,12,next,B-NEXT_TO_RELATION,CLEAN,
122,13,to,I-NEXT_TO_RELATION,CLEAN,
122,14,sneaker_12,B-OBJECT_ID,CLEAN,
123,1,wipe,O,CLEAN,
123,2,down,O,CLEAN,
123,3,the,O,CLEAN,
123,4,red,B-COLOR,CLEAN,
123,5,sandal_4,B-OBJECT_ID,CLEAN,
124,1,wipe,O,CLEAN,
124,2,the,O,CLEAN,
124,3,white,B-COLOR,CLEAN,
124,4,leather,B-MATERIAL,CLEAN,
124,5,sandal,B-SHOE_TYPE,CLEAN,
124,6,with,B-BEFORE_SENTENCE_SPLIT,CLEAN,
124,7,the,O,CLEAN,
124,8,rag,B-CLEANING_TOOL_TYPE,CLEAN,
125,1,use,O,CLEAN,
125,2,a,O,CLEAN,
125,3,brush,B-CLEANING_TOOL_TYPE,CLEAN,
125,4,on,O,CLEAN,
125,5,the,O,CLEAN,
125,6,white,B-COLOR,CLEAN,
125,7,mid,B-SHOE_HEIGHT,CLEAN,
125,8,boot_11,B-OBJECT_ID,CLEAN,
125,9,next,B-NEXT_TO_RELATION,CLEAN,
125,10,to,I-NEXT_TO_RELATION,CLEAN,
125,11,the,O,CLEAN,
125,12,cleaning,O,CLEAN,
125,13,brush,B-CLEANING_TOOL_TYPE,CLEAN,
125,14,to,B-AFTER_SENTENCE_SPLIT,CLEAN,
125,15,clean,O,CLEAN,
125,16,it,O,CLEAN,
126,1,wipe,O,CLEAN,
126,2,the,O,CLEAN,
126,3,blue,B-COLOR,CLEAN,
126,4,boot_6,B-OBJECT_ID,CLEAN,
126,5,with,B-BEFORE_SENTENCE_SPLIT,CLEAN,
126,6,the,O,CLEAN,
126,7,rag,B-CLEANING_TOOL_TYPE,CLEAN,
127,1,make,O,CLEAN,
127,2,the,O,CLEAN,
127,3,blue,B-COLOR,CLEAN,
127,4,rubber,B-MATERIAL,CLEAN,
127,5,boot,B-SHOE_TYPE,CLEAN,
127,6,clean,O,CLEAN,
127,7,again,O,CLEAN,
127,8,with,B-BEFORE_SENTENCE_SPLIT,CLEAN,
127,9,the,O,CLEAN,
127,10,cleaner,B-CLEANING_TOOL_TYPE,CLEAN,
128,1,use,O,CLEAN,
128,2,the,O,CLEAN,
128,3,brush,B-CLEANING_TOOL_TYPE,CLEAN,
128,4,next,B-NEXT_TO_RELATION,CLEAN,
128,5,to,I-NEXT_TO_RELATION,CLEAN,
128,6,spray_7,B-OBJECT_ID,CLEAN,
128,7,to,B-AFTER_SENTENCE_SPLIT,CLEAN,
128,8,clean,O,CLEAN,
128,9,the,O,CLEAN,
128,10,sandal,B-SHOE_TYPE,CLEAN,
129,1,use,O,CLEAN,
129,2,the,O,CLEAN,
129,3,rag,B-CLEANING_TOOL_TYPE,CLEAN,
129,4,to,B-AFTER_SENTENCE_SPLIT,CLEAN,
129,5,clean,O,CLEAN,
129,6,the,O,CLEAN,
129,7,white,B-COLOR,CLEAN,
129,8,canvas,B-MATERIAL,CLEAN,
129,9,low,B-SHOE_HEIGHT,CLEAN,
129,10,boot,B-SHOE_TYPE,CLEAN,
130,1,clean,O,CLEAN,
130,2,brown_boot_6,B-OBJECT_ID,CLEAN,
130,3,with,B-BEFORE_SENTENCE_SPLIT,CLEAN,
130,4,the,O,CLEAN,
130,5,rag,B-CLEANING_TOOL_TYPE,CLEAN,
131,1,wipe,O,CLEAN,
131,2,the,O,CLEAN,
131,3,dirt,O,CLEAN,
131,4,from,O,CLEAN,
131,5,the,O,CLEAN,
131,6,sandal,B-SHOE_TYPE,CLEAN,
131,7,next,B-NEXT_TO_RELATION,CLEAN,
131,8,to,I-NEXT_TO_RELATION,CLEAN,
131,9,the,O,CLEAN,
131,10,sole,B-REPAIR_TOOL_TYPE,CLEAN,
131,11,hammer,I-REPAIR_TOOL_TYPE,CLEAN,
132,1,can,O,CLEAN,
132,2,you,O,CLEAN,
132,3,clean,O,CLEAN,
132,4,black_boot_5,B-OBJECT_ID,CLEAN,
132,5,using,B-BEFORE_SENTENCE_SPLIT,CLEAN,
132,6,the,O,CLEAN,
132,7,cleaner,B-CLEANING_TOOL_TYPE,CLEAN,
133,1,wash,O,CLEAN,
133,2,off,O,CLEAN,
133,3,the,O,CLEAN,
133,4,mud,B-DIRT_TYPE,CLEAN,
133,5,on,O,CLEAN,
133,6,the,O,CLEAN,
133,7,boot,B-SHOE_TYPE,CLEAN,
134,1,brush,B-CLEANING_TOOL_TYPE,CLEAN,
134,2,the,O,CLEAN,
134,3,sandal,B-SHOE_TYPE,CLEAN,
134,4,clean,O,CLEAN,
135,1,make,O,CLEAN,
135,2,the,O,CLEAN,
135,3,black,B-COLOR,CLEAN,
135,4,sandal_6,B-OBJECT_ID,CLEAN,
135,5,clean,O,CLEAN,
135,6,again,O,CLEAN,
135,7,with,B-BEFORE_SENTENCE_SPLIT,CLEAN,
135,8,the,O,CLEAN,
135,9,brush,B-CLEANING_TOOL_TYPE,CLEAN,
135,10,next,B-NEXT_TO_RELATION,CLEAN,
135,11,to,I-NEXT_TO_RELATION,CLEAN,
135,12,the,O,CLEAN,
135,13,black,B-COLOR,CLEAN,
135,14,boot,B-SHOE_TYPE,CLEAN,
135,15,in,B-LOCATION_RELATION,CLEAN,
135,16,the,O,CLEAN,
135,17,drying,B-OBJECT_LOCATION,CLEAN,
135,18,area,I-OBJECT_LOCATION,CLEAN,
136,1,clean,O,CLEAN,
136,2,the,O,CLEAN,
136,3,dirty,B-CLEANING_STATUS,CLEAN,
136,4,boot,B-SHOE_TYPE,CLEAN,
136,5,with,B-BEFORE_SENTENCE_SPLIT,CLEAN,
136,6,the,O,CLEAN,
136,7,rag,B-CLEANING_TOOL_TYPE,CLEAN,
137,1,brush,B-CLEANING_TOOL_TYPE,CLEAN,
137,2,away,B-AFTER_SENTENCE_SPLIT,CLEAN,
137,3,the,O,CLEAN,
137,4,sand,B-DIRT_TYPE,CLEAN,
137,5,on,O,CLEAN,
137,6,sandal_88,B-OBJECT_ID,CLEAN,
138,1,scrub,O,CLEAN,
138,2,the,O,CLEAN,
138,3,dirty,O,CLEAN,
138,4,spots,O,CLEAN,
138,5,on,O,CLEAN,
138,6,the,O,CLEAN,
138,7,green,B-COLOR,CLEAN,
138,8,leather,B-MATERIAL,CLEAN,
138,9,sneaker_6,B-OBJECT_ID,CLEAN,
138,10,next,B-NEXT_TO_RELATION,CLEAN,
138,11,to,I-NEXT_TO_RELATION,CLEAN,
138,12,the,O,CLEAN,
138,13,red,O,CLEAN,
138,14,rag_4,B-OBJECT_ID,CLEAN,
138,15,on,B-LOCATION_RELATION,CLEAN,
138,16,the,O,CLEAN,
138,17,floor,B-OBJECT_LOCATION,CLEAN,
139,1,can,O,CLEAN,
139,2,you,O,CLEAN,
139,3,clean,O,CLEAN,
139,4,the,O,CLEAN,
139,5,white,B-COLOR,CLEAN,
139,6,suede,B-MATERIAL,CLEAN,
139,7,sneaker,B-SHOE_TYPE,CLEAN,
139,8,using,B-BEFORE_SENTENCE_SPLIT,CLEAN,
139,9,the,O,CLEAN,
139,10,rag,B-CLEANING_TOOL_TYPE,CLEAN,
140,1,the,O,CLEAN,
140,2,sandal,B-SHOE_TYPE,CLEAN,
140,3,is,O,CLEAN,
140,4,dirty,B-CLEANING_STATUS,CLEAN,
140,5,clean,O,CLEAN,
140,6,it,O,CLEAN,
140,7,with,B-BEFORE_SENTENCE_SPLIT,CLEAN,
140,8,the,O,CLEAN,
140,9,black,O,CLEAN,
140,10,cleaner,B-CLEANING_TOOL_TYPE,CLEAN,
141,1,scrub,O,CLEAN,
141,2,the,O,CLEAN,
141,3,dirty,B-CLEANING_STATUS,CLEAN,
141,4,spots,O,CLEAN,
141,5,on,O,CLEAN,
141,6,the,O,CLEAN,
141,7,sandal,B-SHOE_TYPE,CLEAN,
141,8,next,B-NEXT_TO_RELATION,CLEAN,
141,9,to,I-NEXT_TO_RELATION,CLEAN,
141,10,cream_5,B-OBJECT_ID,CLEAN,
141,11,inside,B-LOCATION_RELATION,CLEAN,
141,12,the,O,CLEAN,
141,13,tool,B-OBJECT_LOCATION,CLEAN,
141,14,area,I-OBJECT_LOCATION,CLEAN,
142,1,clean,O,CLEAN,
142,2,the,O,CLEAN,
142,3,sole,O,CLEAN,
142,4,of,O,CLEAN,
142,5,the,O,CLEAN,
142,6,green,B-COLOR,CLEAN,
142,7,boot,B-SHOE_TYPE,CLEAN,
142,8,with,B-BEFORE_SENTENCE_SPLIT,CLEAN,
142,9,the,O,CLEAN,
142,10,brush,B-CLEANING_TOOL_TYPE,CLEAN,
143,1,use,O,CLEAN,
143,2,cleaner,B-CLEANING_TOOL_TYPE,CLEAN,
143,3,on,B-AFTER_SENTENCE_SPLIT,CLEAN,
143,4,the,O,CLEAN,
143,5,dirty,B-CLEANING_STATUS,CLEAN,
143,6,sneaker_9,B-OBJECT_ID,CLEAN,
144,1,make,O,CLEAN,
144,2,the,O,CLEAN,
144,3,brown,B-COLOR,CLEAN,
144,4,sandal,B-SHOE_TYPE,CLEAN,
144,5,next,B-NEXT_TO_RELATION,CLEAN,
144,6,to,I-NEXT_TO_RELATION,CLEAN,
144,7,the,O,CLEAN,
144,8,blue,B-COLOR,CLEAN,
144,9,sneaker,B-SHOE_TYPE,CLEAN,
144,10,on,B-LOCATION_RELATION,CLEAN,
144,11,the,O,CLEAN,
144,12,middle,B-OBJECT_LOCATION,CLEAN,
144,13,shelf,I-OBJECT_LOCATION,CLEAN,
144,14,clean,O,CLEAN,
144,15,again,O,CLEAN,
144,16,with,B-BEFORE_SENTENCE_SPLIT,CLEAN,
144,17,the,O,CLEAN,
144,18,rag,B-CLEANING_TOOL_TYPE,CLEAN,
145,1,clean,O,CLEAN,
145,2,the,O,CLEAN,
145,3,green,B-COLOR,CLEAN,
145,4,sandal,B-SHOE_TYPE,CLEAN,
145,5,with,B-BEFORE_SENTENCE_SPLIT,CLEAN,
145,6,the,O,CLEAN,
145,7,cleaner,B-CLEANING_TOOL_TYPE,CLEAN,
146,1,make,O,CLEAN,
146,2,the,O,CLEAN,
146,3,sneaker,B-SHOE_TYPE,CLEAN,
146,4,clean,O,CLEAN,
146,5,again,O,CLEAN,
146,6,with,B-BEFORE_SENTENCE_SPLIT,CLEAN,
146,7,the,O,CLEAN,
146,8,rag,B-CLEANING_TOOL_TYPE,CLEAN,
147,1,please,O,CLEAN,
147,2,clean,O,CLEAN,
147,3,the,O,CLEAN,
147,4,canvas,B-MATERIAL,CLEAN,
147,5,boot,B-SHOE_TYPE,CLEAN,
147,6,next,B-NEXT_TO_RELATION,CLEAN,
147,7,to,I-NEXT_TO_RELATION,CLEAN,
147,8,sole_glue_3,B-OBJECT_ID,CLEAN,
147,9,in,B-LOCATION_RELATION,CLEAN,
147,10,the,O,CLEAN,
147,11,tool,B-OBJECT_LOCATION,CLEAN,
147,12,area,I-OBJECT_LOCATION,CLEAN,
148,1,brush,B-CLEANING_TOOL_TYPE,CLEAN,
148,2,the,O,CLEAN,
148,3,yellow,B-COLOR,CLEAN,
148,4,sneaker_4,B-OBJECT_ID,CLEAN,
148,5,clean,O,CLEAN,
149,1,wipe,O,CLEAN,
149,2,the,O,CLEAN,
149,3,yellow,B-COLOR,CLEAN,
149,4,leather,B-MATERIAL,CLEAN,
149,5,sandal,B-SHOE_TYPE,CLEAN,
149,6,with,B-BEFORE_SENTENCE_SPLIT,CLEAN,
149,7,the,O,CLEAN,
149,8,rag,B-CLEANING_TOOL_TYPE,CLEAN,
150,1,brush,B-CLEANING_TOOL_TYPE,CLEAN,
150,2,away,B-AFTER_SENTENCE_SPLIT,CLEAN,
150,3,the,O,CLEAN,
150,4,sand,B-DIRT_TYPE,CLEAN,
150,5,on,O,CLEAN,
150,6,the,O,CLEAN,
150,7,black,B-COLOR,CLEAN,
150,8,suede,B-MATERIAL,CLEAN,
150,9,boot,B-SHOE_TYPE,CLEAN,
150,10,in,B-LOCATION_RELATION,CLEAN,
150,11,the,O,CLEAN,
150,12,drying,B-OBJECT_LOCATION,CLEAN,
150,13,area,I-OBJECT_LOCATION,CLEAN,
150,14,next,B-NEXT_TO_RELATION,CLEAN,
150,15,to,I-NEXT_TO_RELATION,CLEAN,
150,16,the,O,CLEAN,
150,17,red,B-COLOR,CLEAN,
150,18,boot,B-SHOE_TYPE,CLEAN,
151,1,sneaker_14,B-OBJECT_ID,CLEAN,
151,2,needs,O,CLEAN,
151,3,cleaning,O,CLEAN,
151,4,please,O,CLEAN,
151,5,do,O,CLEAN,
151,6,that,O,CLEAN,
151,7,with,B-BEFORE_SENTENCE_SPLIT,CLEAN,
151,8,the,O,CLEAN,
151,9,brush,B-CLEANING_TOOL_TYPE,CLEAN,
152,1,the,O,CLEAN,
152,2,shoe,B-SHOE_TYPE,CLEAN,
152,3,should,O,CLEAN,
152,4,be,O,CLEAN,
152,5,cleaned,O,CLEAN,
152,6,with,B-BEFORE_SENTENCE_SPLIT,CLEAN,
152,7,rag_4,B-OBJECT_ID,CLEAN,
152,8,before,O,CLEAN,
152,9,it,O,CLEAN,
152,10,goes,O,CLEAN,
152,11,back,O,CLEAN,
153,1,could,O,CLEAN,
153,2,you,O,CLEAN,
153,3,clean,O,CLEAN,
153,4,up,O,CLEAN,
153,5,the,O,CLEAN,
153,6,brown,B-COLOR,CLEAN,
153,7,sandal_6,B-OBJECT_ID,CLEAN,
153,8,using,B-BEFORE_SENTENCE_SPLIT,CLEAN,
153,9,the,O,CLEAN,
153,10,cleaner,B-CLEANING_TOOL_TYPE,CLEAN,
154,1,please,O,CLEAN,
154,2,get,O,CLEAN,
154,3,the,O,CLEAN,
154,4,dusty,B-DIRT_TYPE,CLEAN,
154,5,marks,O,CLEAN,
154,6,cleaned,O,CLEAN,
154,7,off,O,CLEAN,
154,8,the,O,CLEAN,
154,9,canvas,B-MATERIAL,CLEAN,
154,10,boot,B-SHOE_TYPE,CLEAN,
154,11,on,B-LOCATION_RELATION,CLEAN,
154,12,the,O,CLEAN,
154,13,top,B-OBJECT_LOCATION,CLEAN,
154,14,shelf,I-OBJECT_LOCATION,CLEAN,
154,15,next,B-NEXT_TO_RELATION,CLEAN,
154,16,to,I-NEXT_TO_RELATION,CLEAN,
154,17,brush_12,B-OBJECT_ID,CLEAN,
155,1,I,O,CLEAN,
155,2,want,O,CLEAN,
155,3,the,O,CLEAN,
155,4,muddy,B-DIRT_TYPE,CLEAN,
155,5,sneaker,B-SHOE_TYPE,CLEAN,
155,6,brushed,B-CLEANING_TOOL_TYPE,CLEAN,
155,7,clean,O,CLEAN,
155,8,if,O,CLEAN,
155,9,that,O,CLEAN,
155,10,works,O,CLEAN,
156,1,make,O,CLEAN,
156,2,the,O,CLEAN,
156,3,shoe,B-SHOE_TYPE,CLEAN,
156,4,less,O,CLEAN,
156,5,dirty,O,CLEAN,
156,6,with,B-BEFORE_SENTENCE_SPLIT,CLEAN,
156,7,the,O,CLEAN,
156,8,rag,B-CLEANING_TOOL_TYPE,CLEAN,
156,9,please,O,CLEAN,
157,1,this,O,CLEAN,
157,2,boot,B-SHOE_TYPE,CLEAN,
157,3,inside,B-LOCATION_RELATION,CLEAN,
157,4,the,O,CLEAN,
157,5,tool,B-OBJECT_LOCATION,CLEAN,
157,6,area,I-OBJECT_LOCATION,CLEAN,
157,7,next,B-NEXT_TO_RELATION,CLEAN,
157,8,to,I-NEXT_TO_RELATION,CLEAN,
157,9,the,O,CLEAN,
157,10,spray,B-IMPREGNATION_TOOL_TYPE,CLEAN,
157,11,bottle,O,CLEAN,
157,12,is,O,CLEAN,
157,13,waiting,O,CLEAN,
157,14,to,O,CLEAN,
157,15,be,O,CLEAN,
157,16,washed,O,CLEAN,
157,17,use,B-BEFORE_SENTENCE_SPLIT,CLEAN,
157,18,brush_12,B-OBJECT_ID,CLEAN,
158,1,can,O,CLEAN,
158,2,the,O,CLEAN,
158,3,red,B-COLOR,CLEAN,
158,4,sneaker,B-SHOE_TYPE,CLEAN,
158,5,be,O,CLEAN,
158,6,cleaned,O,CLEAN,
158,7,now,O,CLEAN,
158,8,maybe,O,CLEAN,
158,9,with,B-BEFORE_SENTENCE_SPLIT,CLEAN,
158,10,cleaner_3,B-OBJECT_ID,CLEAN,
159,1,wipe,O,CLEAN,
159,2,down,O,CLEAN,
159,3,sandal_9,B-OBJECT_ID,CLEAN,
159,4,because,O,CLEAN,
159,5,it,O,CLEAN,
159,6,has,O,CLEAN,
159,7,sand,B-DIRT_TYPE,CLEAN,
159,8,on,O,CLEAN,
159,9,it,O,CLEAN,
160,1,the,O,CLEAN,
160,2,dirty,B-CLEANING_STATUS,CLEAN,
160,3,leather,B-MATERIAL,CLEAN,
160,4,boot,B-SHOE_TYPE,CLEAN,
160,5,from,B-LOCATION_RELATION,CLEAN,
160,6,the,O,CLEAN,
160,7,middle,B-OBJECT_LOCATION,CLEAN,
160,8,shelf,I-OBJECT_LOCATION,CLEAN,
160,9,next,B-NEXT_TO_RELATION,CLEAN,
160,10,to,I-NEXT_TO_RELATION,CLEAN,
160,11,the,O,CLEAN,
160,12,green,B-COLOR,CLEAN,
160,13,sandal,B-SHOE_TYPE,CLEAN,
160,14,should,O,CLEAN,
160,15,get,O,CLEAN,
160,16,a,O,CLEAN,
160,17,proper,O,CLEAN,
160,18,cleaning,O,CLEAN,
161,1,prepare,O,DRY,
161,2,the,O,DRY,
161,3,blue,B-COLOR,DRY,
161,4,sneaker,B-SHOE_TYPE,DRY,
161,5,next,B-NEXT_TO_RELATION,DRY,
161,6,to,I-NEXT_TO_RELATION,DRY,
161,7,the,O,DRY,
161,8,brown,B-COLOR,DRY,
161,9,sandal,B-SHOE_TYPE,DRY,
161,10,for,O,DRY,
161,11,drying,O,DRY,
162,1,make,O,DRY,
162,2,black_boot_5,B-OBJECT_ID,DRY,
162,3,dry,O,DRY,
162,4,again,O,DRY,
163,1,air,O,DRY,
163,2,dry,O,DRY,
163,3,the,O,DRY,
163,4,white,B-COLOR,DRY,
163,5,sandal,B-SHOE_TYPE,DRY,
164,1,let,O,DRY,
164,2,the,O,DRY,
164,3,boot,B-SHOE_TYPE,DRY,
164,4,next,B-NEXT_TO_RELATION,DRY,
164,5,to,I-NEXT_TO_RELATION,DRY,
164,6,sneaker_12,B-OBJECT_ID,DRY,
164,7,air,O,DRY,
164,8,out,O,DRY,
164,9,until,O,DRY,
164,10,it,O,DRY,
164,11,is,O,DRY,
164,12,dry,O,DRY,
165,1,dry,O,DRY,
165,2,the,O,DRY,
165,3,rubber,B-MATERIAL,DRY,
165,4,sandal_6,B-OBJECT_ID,DRY,
166,1,leave,O,DRY,
166,2,boot_2,B-OBJECT_ID,DRY,
166,3,to,O,DRY,
166,4,dry,O,DRY,
167,1,leave,O,DRY,
167,2,leather_shoe_4,B-OBJECT_ID,DRY,
167,3,next,B-NEXT_TO_RELATION,DRY,
167,4,to,I-NEXT_TO_RELATION,DRY,
167,5,the,O,DRY,
167,6,cleaning,O,DRY,
167,7,brush,B-CLEANING_TOOL_TYPE,DRY,
167,8,in,O,DRY,
167,9,a,O,DRY,
167,10,spot,O,DRY,
167,11,where,O,DRY,
167,12,it,O,DRY,
167,13,can,O,DRY,
167,14,dry,O,DRY,
168,1,leave,O,DRY,
168,2,the,O,DRY,
168,3,green,B-COLOR,DRY,
168,4,boot,B-SHOE_TYPE,DRY,
168,5,to,O,DRY,
168,6,dry,O,DRY,
169,1,dry,O,DRY,
169,2,the,O,DRY,
170,1,air,O,DRY,
170,2,dry,O,DRY,
170,3,the,O,DRY,
170,4,red,B-COLOR,DRY,
170,5,sneaker,B-SHOE_TYPE,DRY,
171,1,please,O,DRY,
171,2,dry,O,DRY,
171,3,the,O,DRY,
171,4,black,B-COLOR,DRY,
171,5,canvas,B-MATERIAL,DRY,
171,6,sandal,B-SHOE_TYPE,DRY,
172,1,dry,O,DRY,
172,2,the,O,DRY,
172,3,inside,O,DRY,
172,4,of,O,DRY,
172,5,the,O,DRY,
172,6,white,B-COLOR,DRY,
172,7,rubber,B-MATERIAL,DRY,
172,8,boot,B-SHOE_TYPE,DRY,
172,9,next,B-NEXT_TO_RELATION,DRY,
172,10,to,I-NEXT_TO_RELATION,DRY,
172,11,spray_7,B-OBJECT_ID,DRY,
173,1,let,O,DRY,
173,2,that,O,DRY,
173,3,shoe_43,B-OBJECT_ID,DRY,
173,4,dry,O,DRY,
173,5,before,O,DRY,
173,6,it,O,DRY,
173,7,goes,O,DRY,
173,8,back,O,DRY,
173,9,on,O,DRY,
173,10,the,O,DRY,
173,11,shelf,O,DRY,
174,1,let,O,DRY,
174,2,blue_sneaker_4,B-OBJECT_ID,DRY,
174,3,dry,O,DRY,
175,1,dry,O,DRY,
175,2,the,O,DRY,
175,3,sneaker,B-SHOE_TYPE,DRY,
175,4,next,B-NEXT_TO_RELATION,DRY,
175,5,to,I-NEXT_TO_RELATION,DRY,
175,6,the,O,DRY,
175,7,sole,B-REPAIR_TOOL_TYPE,DRY,
175,8,hammer,I-REPAIR_TOOL_TYPE,DRY,
176,1,dry,O,DRY,
176,2,off,O,DRY,
176,3,the,O,DRY,
176,4,sandal,B-SHOE_TYPE,DRY,
177,1,leave,O,DRY,
177,2,the,O,DRY,
177,3,blue,B-COLOR,DRY,
177,4,sneaker,B-SHOE_TYPE,DRY,
177,5,to,O,DRY,
177,6,dry,O,DRY,
178,1,put,O,DRY,
178,2,the,O,DRY,
178,3,damp,B-DRY_STATUS,DRY,
178,4,shoe,B-SHOE_TYPE,DRY,
178,5,next,B-NEXT_TO_RELATION,DRY,
178,6,to,I-NEXT_TO_RELATION,DRY,
178,7,the,O,DRY,
178,8,black,B-COLOR,DRY,
178,9,boot,B-SHOE_TYPE,DRY,
178,10,in,B-LOCATION_RELATION,DRY,
178,11,the,O,DRY,
178,12,top,B-OBJECT_LOCATION,DRY,
178,13,shelf,I-OBJECT_LOCATION,DRY,
178,14,away,O,DRY,
178,15,to,O,DRY,
178,16,dry,O,DRY,
179,1,put,O,DRY,
179,2,canvas_sneaker_9,B-OBJECT_ID,DRY,
179,3,where,O,DRY,
179,4,it,O,DRY,
179,5,can,O,DRY,
179,6,dry,O,DRY,
180,1,dry,O,DRY,
180,2,the,O,DRY,
180,3,red,B-COLOR,DRY,
180,4,boot,B-SHOE_TYPE,DRY,
181,1,let,O,DRY,
181,2,the,O,DRY,
181,3,blue,B-COLOR,DRY,
181,4,sneaker,B-SHOE_TYPE,DRY,
181,5,next,B-NEXT_TO_RELATION,DRY,
181,6,to,I-NEXT_TO_RELATION,DRY,
181,7,rag_4,B-OBJECT_ID,DRY,
181,8,on,B-LOCATION_RELATION,DRY,
181,9,the,O,DRY,
181,10,floor,B-OBJECT_LOCATION,DRY,
181,11,dry,O,DRY,
182,1,let,O,DRY,
182,2,the,O,DRY,
182,3,green,B-COLOR,DRY,
182,4,sandal,B-SHOE_TYPE,DRY,
182,5,dry,O,DRY,
183,1,please,O,DRY,
183,2,dry,O,DRY,
183,3,the,O,DRY,
183,4,white,B-COLOR,DRY,
183,5,sneaker,B-SHOE_TYPE,DRY,
184,1,dry,O,DRY,
184,2,off,O,DRY,
184,3,the,O,DRY,
184,4,brown,B-COLOR,DRY,
184,5,suede,B-MATERIAL,DRY,
184,6,sandal_9,B-OBJECT_ID,DRY,
184,7,next,B-NEXT_TO_RELATION,DRY,
184,8,to,I-NEXT_TO_RELATION,DRY,
184,9,cream_5,B-OBJECT_ID,DRY,
184,10,inside,B-LOCATION_RELATION,DRY,
184,11,the,O,DRY,
184,12,tool,B-OBJECT_LOCATION,DRY,
184,13,area,I-OBJECT_LOCATION,DRY,
185,1,dry,O,DRY,
185,2,out,O,DRY,
185,3,the,O,DRY,
185,4,white,B-COLOR,DRY,
185,5,rubber,B-MATERIAL,DRY,
185,6,sneaker_1,B-OBJECT_ID,DRY,
186,1,dry,O,DRY,
186,2,the,O,DRY,
186,3,sandal,B-SHOE_TYPE,DRY,
187,1,air,O,DRY,
187,2,dry,O,DRY,
187,3,the,O,DRY,
187,4,sneaker,B-SHOE_TYPE,DRY,
188,1,let,O,DRY,
188,2,the,O,DRY,
188,3,brown,B-COLOR,DRY,
188,4,sneaker_4,B-OBJECT_ID,DRY,
188,5,next,B-NEXT_TO_RELATION,DRY,
188,6,to,I-NEXT_TO_RELATION,DRY,
188,7,the,O,DRY,
188,8,blue,B-COLOR,DRY,
188,9,sneaker,B-SHOE_TYPE,DRY,
188,10,on,B-LOCATION_RELATION,DRY,
188,11,the,O,DRY,
188,12,middle,B-OBJECT_LOCATION,DRY,
188,13,shelf,I-OBJECT_LOCATION,DRY,
188,14,dry,O,DRY,
189,1,make,O,DRY,
189,2,the,O,DRY,
189,3,black,B-COLOR,DRY,
189,4,sandal,B-SHOE_TYPE,DRY,
189,5,dry,O,DRY,
189,6,again,O,DRY,
190,1,dry,O,DRY,
190,2,the,O,DRY,
190,3,inside,O,DRY,
190,4,of,O,DRY,
190,5,the,O,DRY,
190,6,blue,B-COLOR,DRY,
190,7,canvas,B-MATERIAL,DRY,
190,8,sneaker,B-SHOE_TYPE,DRY,
191,1,dry,O,DRY,
191,2,it,O,DRY,
192,1,leave,O,DRY,
192,2,the,O,DRY,
192,3,green,B-COLOR,DRY,
192,4,rubber,B-MATERIAL,DRY,
192,5,sandal_88,B-OBJECT_ID,DRY,
192,6,next,B-NEXT_TO_RELATION,DRY,
192,7,to,I-NEXT_TO_RELATION,DRY,
192,8,sole_glue_3,B-OBJECT_ID,DRY,
192,9,in,B-LOCATION_RELATION,DRY,
192,10,the,O,DRY,
192,11,top,B-OBJECT_LOCATION,DRY,
192,12,shelf,I-OBJECT_LOCATION,DRY,
192,13,to,O,DRY,
192,14,dry,O,DRY,
193,1,prepare,O,DRY,
193,2,brown_sandal_4,B-OBJECT_ID,DRY,
193,3,for,O,DRY,
193,4,drying,O,DRY,
194,1,let,O,DRY,
194,2,the,O,DRY,
194,3,brown,B-COLOR,DRY,
194,4,sandal,B-SHOE_TYPE,DRY,
194,5,dry,O,DRY,
195,1,put,O,MOVE,
195,2,the,O,MOVE,
195,3,brown,B-COLOR,MOVE,
195,4,canvas,B-MATERIAL,MOVE,
195,5,boot,B-SHOE_TYPE,MOVE,
195,6,in,B-TARGET_LOCATION_RELATION,MOVE,
195,7,the,O,MOVE,
195,8,drying,B-TARGET_LOCATION,MOVE,
195,9,area,I-TARGET_LOCATION,MOVE,
196,1,dry,O,DRY,
196,2,the,O,DRY,
196,3,inside,O,DRY,
196,4,of,O,DRY,
196,5,the,O,DRY,
196,6,boot_6,B-OBJECT_ID,DRY,
197,1,dry,O,DRY,
197,2,the,O,DRY,
197,3,green,B-COLOR,DRY,
197,4,sneaker,B-SHOE_TYPE,DRY,
198,1,put,O,DRY,
198,2,the,O,DRY,
198,3,boot,B-SHOE_TYPE,DRY,
198,4,on,B-LOCATION_RELATION,DRY,
198,5,the,O,DRY,
198,6,top,B-OBJECT_LOCATION,DRY,
198,7,shelf,I-OBJECT_LOCATION,DRY,
198,8,next,B-NEXT_TO_RELATION,DRY,
198,9,to,I-NEXT_TO_RELATION,DRY,
198,10,brush_12,B-OBJECT_ID,DRY,
198,11,somewhere,O,DRY,
198,12,to,O,DRY,
198,13,dry,O,DRY,
199,1,make,O,DRY,
199,2,that,O,DRY,
199,3,shoe_69,B-OBJECT_ID,DRY,
199,4,dry,O,DRY,
200,1,put,O,DRY,
200,2,the,O,DRY,
200,3,canvas,B-MATERIAL,DRY,
200,4,sneaker,B-SHOE_TYPE,DRY,
200,5,somewhere,O,DRY,
200,6,to,O,DRY,
200,7,dry,O,DRY,
201,1,dry,O,DRY,
201,2,off,O,DRY,
201,3,sandal_3,B-OBJECT_ID,DRY,
201,4,inside,B-LOCATION_RELATION,DRY,
201,5,the,O,DRY,
201,6,tool,B-OBJECT_LOCATION,DRY,
201,7,area,I-OBJECT_LOCATION,DRY,
201,8,next,B-NEXT_TO_RELATION,DRY,
201,9,to,I-NEXT_TO_RELATION,DRY,
201,10,the,O,DRY,
201,11,spray,B-IMPREGNATION_TOOL_TYPE,DRY,
201,12,bottle,O,DRY,
202,1,dry,O,DRY,
202,2,out,O,DRY,
202,3,the,O,DRY,
202,4,red,B-COLOR,DRY,
202,5,sandal,B-SHOE_TYPE,DRY,
203,1,make,O,DRY,
203,2,leather_boot_3,B-OBJECT_ID,DRY,
203,3,dry,O,DRY,
203,4,again,O,DRY,
204,1,get,O,DRY,
204,2,the,O,DRY,
204,3,moisture,O,DRY,
204,4,out,O,DRY,
204,5,of,O,DRY,
204,6,wet_boot_11,B-OBJECT_ID,DRY,
205,1,leave,O,DRY,
205,2,the,O,DRY,
205,3,sneaker,B-SHOE_TYPE,DRY,
205,4,from,B-LOCATION_RELATION,DRY,
205,5,the,O,DRY,
205,6,middle,B-OBJECT_LOCATION,DRY,
205,7,shelf,I-OBJECT_LOCATION,DRY,
205,8,next,B-NEXT_TO_RELATION,DRY,
205,9,to,I-NEXT_TO_RELATION,DRY,
205,10,the,O,DRY,
205,11,green,B-COLOR,DRY,
205,12,sandal,B-SHOE_TYPE,DRY,
205,13,to,O,DRY,
205,14,dry,O,DRY,
206,1,prepare,O,DRY,
206,2,the,O,DRY,
206,3,green,B-COLOR,DRY,
206,4,sandal,B-SHOE_TYPE,DRY,
206,5,for,O,DRY,
206,6,drying,O,DRY,
207,1,dry,O,DRY,
207,2,the,O,DRY,
207,3,shoe,O,DRY,
208,1,get,O,DRY,
208,2,the,O,DRY,
208,3,moisture,O,DRY,
208,4,out,O,DRY,
208,5,of,O,DRY,
208,6,the,O,DRY,
208,7,canvas,B-MATERIAL,DRY,
208,8,sandal,B-SHOE_TYPE,DRY,
208,9,on,B-LOCATION_RELATION,DRY,
208,10,the,O,DRY,
208,11,floor,B-OBJECT_LOCATION,DRY,
208,12,next,B-NEXT_TO_RELATION,DRY,
208,13,to,I-NEXT_TO_RELATION,DRY,
208,14,cleaner_3,B-OBJECT_ID,DRY,
209,1,put,O,DRY,
209,2,sneaker_1,B-OBJECT_ID,DRY,
209,3,somewhere,O,DRY,
209,4,to,O,DRY,
209,5,dry,O,DRY,
210,1,prepare,O,DRY,
210,2,the,O,DRY,
210,3,white,B-COLOR,DRY,
210,4,leather,B-MATERIAL,DRY,
210,5,boot,B-SHOE_TYPE,DRY,
210,6,for,O,DRY,
210,7,drying,O,DRY,
211,1,dry,O,DRY,
211,2,off,O,DRY,
211,3,the,O,DRY,
211,4,black,B-COLOR,DRY,
211,5,canvas,B-MATERIAL,DRY,
211,6,sneaker,B-SHOE_TYPE,DRY,
211,7,next,B-NEXT_TO_RELATION,DRY,
211,8,to,I-NEXT_TO_RELATION,DRY,
211,9,the,O,DRY,
211,10,hammer,B-REPAIR_TOOL_TYPE,DRY,
211,11,inside,B-LOCATION_RELATION,DRY,
211,12,the,O,DRY,
211,13,bottom,B-OBJECT_LOCATION,DRY,
211,14,shelf,I-OBJECT_LOCATION,DRY,
211,15,next,B-NEXT_TO_RELATION,DRY,
211,16,to,I-NEXT_TO_RELATION,DRY,
211,17,spray_7,B-OBJECT_ID,DRY,
212,1,let,O,DRY,
212,2,the,O,DRY,
212,3,sandal,B-SHOE_TYPE,DRY,
212,4,dry,O,DRY,
213,1,air,O,DRY,
213,2,dry,O,DRY,
213,3,the,O,DRY,
213,4,yellow,B-COLOR,DRY,
213,5,suede,B-MATERIAL,DRY,
213,6,sneaker,B-SHOE_TYPE,DRY,
214,1,blue_sneaker_4,B-OBJECT_ID,DRY,
214,2,next,B-NEXT_TO_RELATION,DRY,
214,3,to,I-NEXT_TO_RELATION,DRY,
214,4,the,O,DRY,
214,5,canvas,B-MATERIAL,DRY,
214,6,boot,B-SHOE_TYPE,DRY,
214,7,on,B-LOCATION_RELATION,DRY,
214,8,the,O,DRY,
214,9,bottom,B-OBJECT_LOCATION,DRY,
214,10,shelf,I-OBJECT_LOCATION,DRY,
214,11,is,O,DRY,
214,12,wet,O,DRY,
214,13,dry,O,DRY,
214,14,it,O,DRY,
215,1,put,O,DRY,
215,2,the,O,DRY,
215,3,sandal,B-SHOE_TYPE,DRY,
215,4,somewhere,O,DRY,
215,5,to,O,DRY,
215,6,dry,O,DRY,
216,1,please,O,DRY,
216,2,dry,O,DRY,
216,3,the,O,DRY,
216,4,red,B-COLOR,DRY,
216,5,boot,B-SHOE_TYPE,DRY,
217,1,black_boot_5,B-OBJECT_ID,DRY,
217,2,next,B-NEXT_TO_RELATION,DRY,
217,3,to,I-NEXT_TO_RELATION,DRY,
217,4,needle_and_yarn_1,B-OBJECT_ID,DRY,
217,5,in,B-LOCATION_RELATION,DRY,
217,6,the,O,DRY,
217,7,middle,B-OBJECT_LOCATION,DRY,
217,8,shelf,I-OBJECT_LOCATION,DRY,
217,9,is,O,DRY,
217,10,wet,O,DRY,
217,11,dry,O,DRY,
217,12,it,O,DRY,
218,1,dry,O,DRY,
218,2,off,O,DRY,
218,3,the,O,DRY,
218,4,white,B-COLOR,DRY,
218,5,sneaker_4,B-OBJECT_ID,DRY,
219,1,get,O,DRY,
219,2,the,O,DRY,
219,3,moisture,O,DRY,
219,4,out,O,DRY,
219,5,of,O,DRY,
219,6,the,O,DRY,
219,7,yellow,B-COLOR,DRY,
219,8,sneaker_9,B-OBJECT_ID,DRY,
220,1,let,O,DRY,
220,2,the,O,DRY,
220,3,white,B-COLOR,DRY,
220,4,boot,B-SHOE_TYPE,DRY,
220,5,dry,O,DRY,
221,1,air,O,DRY,
221,2,dry,O,DRY,
221,3,boot_2,B-OBJECT_ID,DRY,
221,4,next,B-NEXT_TO_RELATION,DRY,
221,5,to,I-NEXT_TO_RELATION,DRY,
221,6,the,O,DRY,
221,7,brown,B-COLOR,DRY,
221,8,sandal,B-SHOE_TYPE,DRY,
222,1,let,O,DRY,
222,2,red_shoe_8,B-OBJECT_ID,DRY,
222,3,dry,O,DRY,
223,1,dry,O,DRY,
223,2,the,O,DRY,
223,3,inside,O,DRY,
223,4,of,O,DRY,
223,5,the,O,DRY,
223,6,brown,B-COLOR,DRY,
223,7,sneaker,B-SHOE_TYPE,DRY,
224,1,move,O,DRY,
224,2,the,O,DRY,
224,3,sneaker,B-SHOE_TYPE,DRY,
224,4,next,B-NEXT_TO_RELATION,DRY,
224,5,to,I-NEXT_TO_RELATION,DRY,
224,6,sneaker_12,B-OBJECT_ID,DRY,
224,7,so,O,DRY,
224,8,it,O,DRY,
224,9,can,O,DRY,
224,10,dry,O,DRY,
225,1,dry,O,DRY,
225,2,the,O,DRY,
225,3,inside,O,DRY,
225,4,of,O,DRY,
225,5,the,O,DRY,
225,6,sandal_6,B-OBJECT_ID,DRY,
226,1,leave,O,DRY,
226,2,the,O,DRY,
226,3,brown,B-COLOR,DRY,
226,4,boot_6,B-OBJECT_ID,DRY,
226,5,to,O,DRY,
226,6,dry,O,DRY,
227,1,dry,O,DRY,
227,2,out,O,DRY,
227,3,the,O,DRY,
227,4,white,B-COLOR,DRY,
227,5,sneaker_1,B-OBJECT_ID,DRY,
227,6,next,B-NEXT_TO_RELATION,DRY,
227,7,to,I-NEXT_TO_RELATION,DRY,
227,8,the,O,DRY,
227,9,cleaning,O,DRY,
227,10,brush,B-CLEANING_TOOL_TYPE,DRY,
228,1,get,O,DRY,
228,2,the,O,DRY,
228,3,moisture,O,DRY,
228,4,out,O,DRY,
228,5,of,O,DRY,
228,6,the,O,DRY,
228,7,green,B-COLOR,DRY,
228,8,boot,B-SHOE_TYPE,DRY,
229,1,set,O,DRY,
229,2,the,O,DRY,
229,3,wet,B-DRY_STATUS,DRY,
229,4,shoe,B-SHOE_TYPE,DRY,
229,5,aside,O,DRY,
229,6,to,O,DRY,
229,7,dry,O,DRY,
230,1,get,O,DRY,
230,2,the,O,DRY,
230,3,moisture,O,DRY,
230,4,out,O,DRY,
230,5,of,O,DRY,
230,6,the,O,DRY,
230,7,sandal,B-SHOE_TYPE,DRY,
230,8,next,B-NEXT_TO_RELATION,DRY,
230,9,to,I-NEXT_TO_RELATION,DRY,
230,10,spray_7,B-OBJECT_ID,DRY,
231,1,let,O,DRY,
231,2,the,O,DRY,
231,3,red,B-COLOR,DRY,
231,4,sandal_3,B-OBJECT_ID,DRY,
231,5,dry,O,DRY,
232,1,dry,O,DRY,
232,2,out,O,DRY,
232,3,the,O,DRY,
232,4,yellow,B-COLOR,DRY,
232,5,sneaker,B-SHOE_TYPE,DRY,
233,1,dry,O,DRY,
233,2,the,O,DRY,
233,3,wet,B-DRY_STATUS,DRY,
233,4,boot,B-SHOE_TYPE,DRY,
233,5,next,B-NEXT_TO_RELATION,DRY,
233,6,to,I-NEXT_TO_RELATION,DRY,
233,7,the,O,DRY,
233,8,sole,B-REPAIR_TOOL_TYPE,DRY,
233,9,hammer,I-REPAIR_TOOL_TYPE,DRY,
234,1,let,O,DRY,
234,2,the,O,DRY,
234,3,red,B-COLOR,DRY,
234,4,boot_8,B-OBJECT_ID,DRY,
234,5,dry,O,DRY,
235,1,make,O,DRY,
235,2,brown_boot_6,B-OBJECT_ID,DRY,
235,3,dry,O,DRY,
235,4,again,O,DRY,
236,1,prepare,O,DRY,
236,2,the,O,DRY,
236,3,yellow,B-COLOR,DRY,
236,4,sandal,B-SHOE_TYPE,DRY,
236,5,for,O,DRY,
236,6,drying,O,DRY,
237,1,move,O,DRY,
237,2,the,O,DRY,
237,3,black,B-COLOR,DRY,
237,4,leather,B-MATERIAL,DRY,
237,5,sandal_88,B-OBJECT_ID,DRY,
237,6,next,B-NEXT_TO_RELATION,DRY,
237,7,to,I-NEXT_TO_RELATION,DRY,
237,8,the,O,DRY,
237,9,black,B-COLOR,DRY,
237,10,boot,B-SHOE_TYPE,DRY,
237,11,in,B-LOCATION_RELATION,DRY,
237,12,the,O,DRY,
237,13,drying,B-OBJECT_LOCATION,DRY,
237,14,area,I-OBJECT_LOCATION,DRY,
237,15,so,O,DRY,
237,16,it,O,DRY,
237,17,can,O,DRY,
237,18,dry,O,DRY,
238,1,prepare,O,DRY,
238,2,the,O,DRY,
238,3,blue,B-COLOR,DRY,
238,4,sandal,B-SHOE_TYPE,DRY,
238,5,for,O,DRY,
238,6,drying,O,DRY,
239,1,air,O,DRY,
239,2,dry,O,DRY,
239,3,the,O,DRY,
239,4,black,B-COLOR,DRY,
239,5,canvas,B-MATERIAL,DRY,
239,6,boot,B-SHOE_TYPE,DRY,
240,1,leave,O,DRY,
240,2,the,O,DRY,
240,3,white,B-COLOR,DRY,
240,4,boot,B-SHOE_TYPE,DRY,
240,5,next,B-NEXT_TO_RELATION,DRY,
240,6,to,I-NEXT_TO_RELATION,DRY,
240,7,rag_4,B-OBJECT_ID,DRY,
240,8,on,B-LOCATION_RELATION,DRY,
240,9,the,O,DRY,
240,10,floor,B-OBJECT_LOCATION,DRY,
240,11,to,O,DRY,
240,12,dry,O,DRY,
241,1,dry,O,DRY,
241,2,the,O,DRY,
241,3,inside,O,DRY,
241,4,of,O,DRY,
241,5,the,O,DRY,
241,6,yellow,B-COLOR,DRY,
241,7,sneaker_12,B-OBJECT_ID,DRY,
242,1,prepare,O,DRY,
242,2,the,O,DRY,
242,3,red,B-COLOR,DRY,
242,4,sandal,B-SHOE_TYPE,DRY,
242,5,for,O,DRY,
242,6,drying,O,DRY,
243,1,dry,O,DRY,
243,2,the,O,DRY,
243,3,inside,O,DRY,
243,4,of,O,DRY,
243,5,the,O,DRY,
243,6,brown,B-COLOR,DRY,
243,7,sandal,B-SHOE_TYPE,DRY,
243,8,next,B-NEXT_TO_RELATION,DRY,
243,9,to,I-NEXT_TO_RELATION,DRY,
243,10,cream_5,B-OBJECT_ID,DRY,
243,11,inside,B-LOCATION_RELATION,DRY,
243,12,the,O,DRY,
243,13,tool,B-OBJECT_LOCATION,DRY,
243,14,area,I-OBJECT_LOCATION,DRY,
244,1,wet,B-DRY_STATUS,DRY,
244,2,boot_6,B-OBJECT_ID,DRY,
244,3,dry,O,DRY,
245,1,get,O,DRY,
245,2,the,O,DRY,
245,3,moisture,O,DRY,
245,4,out,O,DRY,
245,5,of,O,DRY,
245,6,brown_boot_6,B-OBJECT_ID,DRY,
246,1,dry,O,DRY,
246,2,the,O,DRY,
246,3,boot,B-SHOE_TYPE,DRY,
246,4,next,B-NEXT_TO_RELATION,DRY,
246,5,to,I-NEXT_TO_RELATION,DRY,
246,6,the,O,DRY,
246,7,blue,B-COLOR,DRY,
246,8,sneaker,B-SHOE_TYPE,DRY,
246,9,on,B-LOCATION_RELATION,DRY,
246,10,the,O,DRY,
246,11,middle,B-OBJECT_LOCATION,DRY,
246,12,shelf,I-OBJECT_LOCATION,DRY,
247,1,let,O,DRY,
247,2,the,O,DRY,
247,3,black,B-COLOR,DRY,
247,4,canvas,B-MATERIAL,DRY,
247,5,boot,B-SHOE_TYPE,DRY,
247,6,dry,O,DRY,
248,1,move,O,DRY,
248,2,the,O,DRY,
248,3,red,B-COLOR,DRY,
248,4,leather,B-MATERIAL,DRY,
248,5,boot,B-SHOE_TYPE,DRY,
248,6,so,O,DRY,
248,7,it,O,DRY,
248,8,can,O,DRY,
248,9,dry,O,DRY,
249,1,dry,O,DRY,
249,2,off,O,DRY,
249,3,green_sandal_9,B-OBJECT_ID,DRY,
250,1,air,O,DRY,
250,2,dry,O,DRY,
250,3,the,O,DRY,
250,4,yellow,B-COLOR,DRY,
250,5,canvas,B-MATERIAL,DRY,
250,6,sandal,B-SHOE_TYPE,DRY,
250,7,next,B-NEXT_TO_RELATION,DRY,
250,8,to,I-NEXT_TO_RELATION,DRY,
250,9,sole_glue_3,B-OBJECT_ID,DRY,
250,10,in,B-LOCATION_RELATION,DRY,
250,11,the,O,DRY,
250,12,tool,B-OBJECT_LOCATION,DRY,
250,13,area,I-OBJECT_LOCATION,DRY,
251,1,dry,O,DRY,
251,2,out,O,DRY,
251,3,canvas_sneaker_9,B-OBJECT_ID,DRY,
252,1,leave,O,DRY,
252,2,the,O,DRY,
252,3,blue,B-COLOR,DRY,
252,4,leather,B-MATERIAL,DRY,
252,5,sandal,B-SHOE_TYPE,DRY,
252,6,to,O,DRY,
252,7,dry,O,DRY,
253,1,dry,O,DRY,
253,2,the,O,DRY,
253,3,red,B-COLOR,DRY,
253,4,sneaker_12,B-OBJECT_ID,DRY,
253,5,in,B-LOCATION_RELATION,DRY,
253,6,the,O,DRY,
253,7,drying,B-OBJECT_LOCATION,DRY,
253,8,area,I-OBJECT_LOCATION,DRY,
253,9,next,B-NEXT_TO_RELATION,DRY,
253,10,to,I-NEXT_TO_RELATION,DRY,
253,11,the,O,DRY,
253,12,red,B-COLOR,DRY,
253,13,boot,B-SHOE_TYPE,DRY,
254,1,dry,O,DRY,
254,2,the,O,DRY,
254,3,black,B-COLOR,DRY,
254,4,rubber,B-MATERIAL,DRY,
254,5,sneaker,B-SHOE_TYPE,DRY,
255,1,get,O,DRY,
255,2,the,O,DRY,
255,3,moisture,O,DRY,
255,4,out,O,DRY,
255,5,of,O,DRY,
255,6,the,O,DRY,
255,7,white,B-COLOR,DRY,
255,8,sneaker_9,B-OBJECT_ID,DRY,
256,1,dry,O,DRY,
256,2,off,O,DRY,
256,3,the,O,DRY,
256,4,blue,B-COLOR,DRY,
256,5,sneaker,B-SHOE_TYPE,DRY,
256,6,on,B-LOCATION_RELATION,DRY,
256,7,the,O,DRY,
256,8,top,B-OBJECT_LOCATION,DRY,
256,9,shelf,I-OBJECT_LOCATION,DRY,
256,10,next,B-NEXT_TO_RELATION,DRY,
256,11,to,I-NEXT_TO_RELATION,DRY,
256,12,brush_12,B-OBJECT_ID,DRY,
257,1,dry,O,DRY,
257,2,sandal_88,B-OBJECT_ID,DRY,
258,1,dry,O,DRY,
258,2,out,O,DRY,
258,3,the,O,DRY,
258,4,red,B-COLOR,DRY,
258,5,sneaker_7,B-OBJECT_ID,DRY,
259,1,prepare,O,DRY,
259,2,the,O,DRY,
259,3,sneaker_12,B-OBJECT_ID,DRY,
259,4,inside,B-LOCATION_RELATION,DRY,
259,5,the,O,DRY,
259,6,top,B-OBJECT_LOCATION,DRY,
259,7,shelf,I-OBJECT_LOCATION,DRY,
259,8,next,B-NEXT_TO_RELATION,DRY,
259,9,to,I-NEXT_TO_RELATION,DRY,
259,10,the,O,DRY,
259,11,spray,B-IMPREGNATION_TOOL_TYPE,DRY,
259,12,bottle,O,DRY,
259,13,for,O,DRY,
259,14,drying,O,DRY,
260,1,leave,O,DRY,
260,2,brown_boot_6,B-OBJECT_ID,DRY,
260,3,to,O,DRY,
260,4,dry,O,DRY,
261,1,dry,O,DRY,
261,2,off,O,DRY,
261,3,the,O,DRY,
261,4,blue,B-COLOR,DRY,
261,5,sandal,B-SHOE_TYPE,DRY,
262,1,dry,O,DRY,
262,2,the,O,DRY,
262,3,inside,O,DRY,
262,4,of,O,DRY,
262,5,the,O,DRY,
262,6,white,B-COLOR,DRY,
262,7,sneaker,B-SHOE_TYPE,DRY,
262,8,from,B-LOCATION_RELATION,DRY,
262,9,the,O,DRY,
262,10,middle,B-OBJECT_LOCATION,DRY,
262,11,shelf,I-OBJECT_LOCATION,DRY,
262,12,next,B-NEXT_TO_RELATION,DRY,
262,13,to,I-NEXT_TO_RELATION,DRY,
262,14,the,O,DRY,
262,15,green,B-COLOR,DRY,
262,16,sandal,B-SHOE_TYPE,DRY,
263,1,make,O,DRY,
263,2,brown_sandal_4,B-OBJECT_ID,DRY,
263,3,dry,O,DRY,
263,4,again,O,DRY,
264,1,please,O,DRY,
264,2,dry,O,DRY,
264,3,the,O,DRY,
264,4,boot,B-SHOE_TYPE,DRY,
265,1,put,O,DRY,
265,2,the,O,DRY,
265,3,blue,B-COLOR,DRY,
265,4,leather,B-MATERIAL,DRY,
265,5,sneaker,B-SHOE_TYPE,DRY,
265,6,somewhere,O,DRY,
265,7,to,O,DRY,
265,8,dry,O,DRY,
266,1,prepare,O,DRY,
266,2,the,O,DRY,
266,3,red,B-COLOR,DRY,
266,4,boot,B-SHOE_TYPE,DRY,
266,5,on,B-LOCATION_RELATION,DRY,
266,6,the,O,DRY,
266,7,floor,B-OBJECT_LOCATION,DRY,
266,8,next,B-NEXT_TO_RELATION,DRY,
266,9,to,I-NEXT_TO_RELATION,DRY,
266,10,cleaner_3,B-OBJECT_ID,DRY,
266,11,for,O,DRY,
266,12,drying,O,DRY,
267,1,dry,O,DRY,
267,2,the,O,DRY,
267,3,inside,O,DRY,
267,4,of,O,DRY,
267,5,the,O,DRY,
267,6,yellow,B-COLOR,DRY,
267,7,boot,B-SHOE_TYPE,DRY,
268,1,air,O,DRY,
268,2,dry,O,DRY,
268,3,the,O,DRY,
268,4,black,B-COLOR,DRY,
268,5,sneaker,B-SHOE_TYPE,DRY,
269,1,put,O,DRY,
269,2,the,O,DRY,
269,3,brown,B-COLOR,DRY,
269,4,sandal,B-SHOE_TYPE,DRY,
269,5,next,B-NEXT_TO_RELATION,DRY,
269,6,to,I-NEXT_TO_RELATION,DRY,
269,7,the,O,DRY,
269,8,hammer,B-REPAIR_TOOL_TYPE,DRY,
269,9,inside,B-LOCATION_RELATION,DRY,
269,10,the,O,DRY,
269,11,drying,B-OBJECT_LOCATION,DRY,
269,12,area,I-OBJECT_LOCATION,DRY,
269,13,next,B-NEXT_TO_RELATION,DRY,
269,14,to,I-NEXT_TO_RELATION,DRY,
269,15,spray_7,B-OBJECT_ID,DRY,
269,16,somewhere,O,DRY,
269,17,to,O,DRY,
269,18,dry,O,DRY,
270,1,prepare,O,DRY,
270,2,the,O,DRY,
270,3,sandal_6,B-OBJECT_ID,DRY,
270,4,for,O,DRY,
270,5,drying,O,DRY,
271,1,let,O,DRY,
271,2,the,O,DRY,
271,3,yellow,B-COLOR,DRY,
271,4,boot,B-SHOE_TYPE,DRY,
271,5,dry,O,DRY,
272,1,dry,O,DRY,
272,2,off,O,DRY,
272,3,the,O,DRY,
272,4,blue,B-COLOR,DRY,
272,5,boot,B-SHOE_TYPE,DRY,
272,6,next,B-NEXT_TO_RELATION,DRY,
272,7,to,I-NEXT_TO_RELATION,DRY,
272,8,the,O,DRY,
272,9,canvas,B-MATERIAL,DRY,
272,10,boot,B-SHOE_TYPE,DRY,
272,11,on,B-LOCATION_RELATION,DRY,
272,12,the,O,DRY,
272,13,bottom,B-OBJECT_LOCATION,DRY,
272,14,shelf,I-OBJECT_LOCATION,DRY,
273,1,please,O,DRY,
273,2,dry,O,DRY,
273,3,sneaker_1,B-OBJECT_ID,DRY,
274,1,put,O,DRY,
274,2,the,O,DRY,
274,3,blue,B-COLOR,DRY,
274,4,sneaker,B-SHOE_TYPE,DRY,
274,5,somewhere,O,DRY,
274,6,to,O,DRY,
274,7,dry,O,DRY,
275,1,move,O,DRY,
275,2,the,O,DRY,
275,3,yellow,B-COLOR,DRY,
275,4,boot,B-SHOE_TYPE,DRY,
275,5,next,B-NEXT_TO_RELATION,DRY,
275,6,to,I-NEXT_TO_RELATION,DRY,
275,7,needle_and_yarn_1,B-OBJECT_ID,DRY,
275,8,in,B-LOCATION_RELATION,DRY,
275,9,the,O,DRY,
275,10,middle,B-OBJECT_LOCATION,DRY,
275,11,shelf,I-OBJECT_LOCATION,DRY,
275,12,so,O,DRY,
275,13,it,O,DRY,
275,14,can,O,DRY,
275,15,dry,O,DRY,
276,1,put,O,DRY,
276,2,the,O,DRY,
276,3,yellow,B-COLOR,DRY,
276,4,sandal,B-SHOE_TYPE,DRY,
276,5,somewhere,O,DRY,
276,6,to,O,DRY,
276,7,dry,O,DRY,
277,1,move,O,DRY,
277,2,the,O,DRY,
277,3,boot,B-SHOE_TYPE,DRY,
277,4,so,O,DRY,
277,5,it,O,DRY,
277,6,can,O,DRY,
277,7,dry,O,DRY,
278,1,the,O,DRY,
278,2,sandal,B-SHOE_TYPE,DRY,
278,3,next,B-NEXT_TO_RELATION,DRY,
278,4,to,I-NEXT_TO_RELATION,DRY,
278,5,the,O,DRY,
278,6,brown,B-COLOR,DRY,
278,7,sandal,B-SHOE_TYPE,DRY,
278,8,got,O,DRY,
278,9,wet,O,DRY,
278,10,dry,O,DRY,
278,11,it,O,DRY,
279,1,please,O,DRY,
279,2,dry,O,DRY,
279,3,wet_boot_11,B-OBJECT_ID,DRY,
280,1,get,O,DRY,
280,2,the,O,DRY,
280,3,moisture,O,DRY,
280,4,out,O,DRY,
280,5,of,O,DRY,
280,6,the,O,DRY,
280,7,sneaker,B-SHOE_TYPE,DRY,
281,1,get,O,DRY,
281,2,the,O,DRY,
281,3,moisture,O,DRY,
281,4,out,O,DRY,
281,5,of,O,DRY,
281,6,the,O,DRY,
281,7,blue,B-COLOR,DRY,
281,8,boot_2,B-OBJECT_ID,DRY,
282,1,dry,O,DRY,
282,2,the,O,DRY,
282,3,black,B-COLOR,DRY,
282,4,boot,B-SHOE_TYPE,DRY,
282,5,next,B-NEXT_TO_RELATION,DRY,
282,6,to,I-NEXT_TO_RELATION,DRY,
282,7,sneaker_12,B-OBJECT_ID,DRY,
283,1,leave,O,DRY,
283,2,the,O,DRY,
283,3,black,B-COLOR,DRY,
283,4,sneaker,B-SHOE_TYPE,DRY,
283,5,to,O,DRY,
283,6,dry,O,DRY,
284,1,move,O,DRY,
284,2,the,O,DRY,
284,3,red,B-COLOR,DRY,
284,4,sandal_9,B-OBJECT_ID,DRY,
284,5,so,O,DRY,
284,6,it,O,DRY,
284,7,can,O,DRY,
284,8,dry,O,DRY,
285,1,air,O,DRY,
285,2,dry,O,DRY,
285,3,rubber_sandal_6,B-OBJECT_ID,DRY,
285,4,next,B-NEXT_TO_RELATION,DRY,
285,5,to,I-NEXT_TO_RELATION,DRY,
285,6,the,O,DRY,
285,7,cleaning,O,DRY,
285,8,brush,B-CLEANING_TOOL_TYPE,DRY,
286,1,dry,O,DRY,
286,2,off,O,DRY,
286,3,the,O,DRY,
286,4,yellow,B-COLOR,DRY,
286,5,leather,B-MATERIAL,DRY,
286,6,boot,B-SHOE_TYPE,DRY,
287,1,please,O,DRY,
287,2,dry,O,DRY,
287,3,the,O,DRY,
287,4,blue,B-COLOR,DRY,
287,5,sneaker,B-SHOE_TYPE,DRY,
288,1,dry,O,DRY,
288,2,off,O,DRY,
288,3,leather_boot_3,B-OBJECT_ID,DRY,
288,4,next,B-NEXT_TO_RELATION,DRY,
288,5,to,I-NEXT_TO_RELATION,DRY,
288,6,spray_7,B-OBJECT_ID,DRY,
289,1,take,O,DRY,
289,2,care,O,DRY,
289,3,of,O,DRY,
289,4,the,O,DRY,
289,5,wet,B-DRY_STATUS,DRY,
289,6,boot,B-SHOE_TYPE,DRY,
289,7,and,O,DRY,
289,8,dry,O,DRY,
289,9,it,O,DRY,
290,1,put,O,DRY,
290,2,the,O,DRY,
290,3,sneaker,B-SHOE_TYPE,DRY,
290,4,somewhere,O,DRY,
290,5,to,O,DRY,
290,6,dry,O,DRY,
291,1,move,O,DRY,
291,2,the,O,DRY,
291,3,yellow,B-COLOR,DRY,
291,4,rubber,B-MATERIAL,DRY,
291,5,sandal,B-SHOE_TYPE,DRY,
291,6,next,B-NEXT_TO_RELATION,DRY,
291,7,to,I-NEXT_TO_RELATION,DRY,
291,8,the,O,DRY,
291,9,sole,B-REPAIR_TOOL_TYPE,DRY,
291,10,hammer,I-REPAIR_TOOL_TYPE,DRY,
291,11,so,O,DRY,
291,12,it,O,DRY,
291,13,can,O,DRY,
291,14,dry,O,DRY,
292,1,dry,O,DRY,
292,2,the,O,DRY,
292,3,inside,O,DRY,
292,4,of,O,DRY,
292,5,the,O,DRY,
292,6,sneaker,B-SHOE_TYPE,DRY,
293,1,get,O,DRY,
293,2,the,O,DRY,
293,3,moisture,O,DRY,
293,4,out,O,DRY,
293,5,of,O,DRY,
293,6,the,O,DRY,
293,7,boot,B-SHOE_TYPE,DRY,
294,1,prepare,O,DRY,
294,2,the,O,DRY,
294,3,green,B-COLOR,DRY,
294,4,sneaker,B-SHOE_TYPE,DRY,
294,5,next,B-NEXT_TO_RELATION,DRY,
294,6,to,I-NEXT_TO_RELATION,DRY,
294,7,the,O,DRY,
294,8,black,B-COLOR,DRY,
294,9,boot,B-SHOE_TYPE,DRY,
294,10,in,B-LOCATION_RELATION,DRY,
294,11,the,O,DRY,
294,12,floor,B-OBJECT_LOCATION,DRY,
294,13,box,I-OBJECT_LOCATION,DRY,
294,14,for,O,DRY,
294,15,drying,O,DRY,
295,1,please,O,DRY,
295,2,dry,B-DRY_STATUS,DRY,
295,3,the,O,DRY,
295,4,sneaker,B-SHOE_TYPE,DRY,
296,1,dry,O,DRY,
296,2,the,O,DRY,
296,3,inside,O,DRY,
296,4,of,O,DRY,
296,5,the,O,DRY,
296,6,green,B-COLOR,DRY,
296,7,canvas,B-MATERIAL,DRY,
296,8,sneaker,B-SHOE_TYPE,DRY,
297,1,dry,O,DRY,
297,2,out,O,DRY,
297,3,the,O,DRY,
297,4,brown,B-COLOR,DRY,
297,5,boot_11,B-OBJECT_ID,DRY,
298,1,move,O,DRY,
298,2,the,O,DRY,
298,3,white,B-COLOR,DRY,
298,4,boot,B-SHOE_TYPE,DRY,
298,5,next,B-NEXT_TO_RELATION,DRY,
298,6,to,I-NEXT_TO_RELATION,DRY,
298,7,rag_4,B-OBJECT_ID,DRY,
298,8,in,B-LOCATION_RELATION,DRY,
298,9,the,O,DRY,
298,10,floor_box,B-OBJECT_LOCATION,DRY,
298,11,so,O,DRY,
298,12,it,O,DRY,
298,13,can,O,DRY,
298,14,dry,O,DRY,
299,1,get,O,DRY,
299,2,the,O,DRY,
299,3,moisture,O,DRY,
299,4,out,O,DRY,
299,5,of,O,DRY,
299,6,the,O,DRY,
299,7,yellow,B-COLOR,DRY,
299,8,boot,B-SHOE_TYPE,DRY,
300,1,dry,O,DRY,
300,2,the,O,DRY,
300,3,wet,B-DRY_STATUS,DRY,
300,4,sneaker,B-SHOE_TYPE,DRY,
301,1,dry,O,DRY,
301,2,the,O,DRY,
301,3,green,B-COLOR,DRY,
301,4,leather,B-MATERIAL,DRY,
301,5,boot,B-SHOE_TYPE,DRY,
301,6,next,B-NEXT_TO_RELATION,DRY,
301,7,to,I-NEXT_TO_RELATION,DRY,
301,8,cream_5,B-OBJECT_ID,DRY,
301,9,inside,B-LOCATION_RELATION,DRY,
301,10,the,O,DRY,
301,11,floor,B-OBJECT_LOCATION,DRY,
301,12,box,I-OBJECT_LOCATION,DRY,
302,1,the,O,DRY,
302,2,sandal,B-SHOE_TYPE,DRY,
302,3,is,O,DRY,
302,4,wet,B-DRY_STATUS,DRY,
302,5,dry,O,DRY,
302,6,it,O,DRY,
303,1,put,O,DRY,
303,2,brown_sandal_4,B-OBJECT_ID,DRY,
303,3,somewhere,O,DRY,
303,4,to,O,DRY,
303,5,dry,O,DRY,
304,1,dry,O,DRY,
304,2,the,O,DRY,
304,3,inside,O,DRY,
304,4,of,O,DRY,
304,5,the,O,DRY,
304,6,white,B-COLOR,DRY,
304,7,suede,B-MATERIAL,DRY,
304,8,sandal,B-SHOE_TYPE,DRY,
304,9,next,B-NEXT_TO_RELATION,DRY,
304,10,to,I-NEXT_TO_RELATION,DRY,
304,11,the,O,DRY,
304,12,blue,B-COLOR,DRY,
304,13,sneaker,B-SHOE_TYPE,DRY,
304,14,on,B-LOCATION_RELATION,DRY,
304,15,the,O,DRY,
304,16,middle,B-OBJECT_LOCATION,DRY,
304,17,shelf,I-OBJECT_LOCATION,DRY,
305,1,dry,O,DRY,
305,2,off,O,DRY,
305,3,sneaker_1,B-OBJECT_ID,DRY,
306,1,make,O,DRY,
306,2,sure,O,DRY,
306,3,the,O,DRY,
306,4,boot,B-SHOE_TYPE,DRY,
306,5,dries,O,DRY,
307,1,dry,O,DRY,
307,2,the,O,DRY,
307,3,shoe,B-SHOE_TYPE,DRY,
307,4,next,B-NEXT_TO_RELATION,DRY,
307,5,to,I-NEXT_TO_RELATION,DRY,
307,6,sole_glue_3,B-OBJECT_ID,DRY,
307,7,in,B-LOCATION_RELATION,DRY,
307,8,the,O,DRY,
307,9,floor,B-OBJECT_LOCATION,DRY,
307,10,box,I-OBJECT_LOCATION,DRY,
307,11,after,O,DRY,
307,12,the,O,DRY,
307,13,rainy,O,DRY,
307,14,walk,O,DRY,
308,1,leave,O,DRY,
308,2,the,O,DRY,
308,3,blue,B-COLOR,DRY,
308,4,boot,B-SHOE_TYPE,DRY,
308,5,to,O,DRY,
308,6,dry,O,DRY,
309,1,dry,O,DRY,
309,2,out,O,DRY,
309,3,the,O,DRY,
309,4,yellow,B-COLOR,DRY,
309,5,leather,B-MATERIAL,DRY,
309,6,sandal,B-SHOE_TYPE,DRY,
310,1,dry,O,DRY,
310,2,off,O,DRY,
310,3,the,O,DRY,
310,4,green,B-COLOR,DRY,
310,5,sneaker,B-SHOE_TYPE,DRY,
310,6,in,B-LOCATION_RELATION,DRY,
310,7,the,O,DRY,
310,8,floor,B-OBJECT_LOCATION,DRY,
310,9,box,I-OBJECT_LOCATION,DRY,
310,10,next,B-NEXT_TO_RELATION,DRY,
310,11,to,I-NEXT_TO_RELATION,DRY,
310,12,the,O,DRY,
310,13,red,B-COLOR,DRY,
310,14,boot,B-SHOE_TYPE,DRY,
311,1,sneaker_14,B-OBJECT_ID,DRY,
311,2,needs,O,DRY,
311,3,drying,O,DRY,
311,4,please,O,DRY,
311,5,take,O,DRY,
311,6,care,O,DRY,
311,7,of,O,DRY,
311,8,that,O,DRY,
312,1,the,O,DRY,
312,2,shoe,O,DRY,
312,3,should,O,DRY,
312,4,be,O,DRY,
312,5,dried,O,DRY,
312,6,before,O,DRY,
312,7,it,O,DRY,
312,8,is,O,DRY,
312,9,stored,O,DRY,
312,10,away,O,DRY,
313,1,could,O,DRY,
313,2,you,O,DRY,
313,3,get,O,DRY,
313,4,boot_8,B-OBJECT_ID,DRY,
313,5,dry,O,DRY,
313,6,somehow,O,DRY,
314,1,please,O,DRY,
314,2,let,O,DRY,
314,3,the,O,DRY,
314,4,wet,B-DRY_STATUS,DRY,
314,5,sandal_6,B-OBJECT_ID,DRY,
314,6,on,B-LOCATION_RELATION,DRY,
314,7,the,O,DRY,
314,8,top,B-OBJECT_LOCATION,DRY,
314,9,shelf,I-OBJECT_LOCATION,DRY,
314,10,next,B-NEXT_TO_RELATION,DRY,
314,11,to,I-NEXT_TO_RELATION,DRY,
314,12,brush_12,B-OBJECT_ID,DRY,
314,13,dry,O,DRY,
314,14,first,O,DRY,
315,1,I,O,DRY,
315,2,want,O,DRY,
315,3,the,O,DRY,
315,4,soaked,B-DRY_STATUS,DRY,
315,5,sneaker,B-SHOE_TYPE,DRY,
315,6,dried,O,DRY,
315,7,not,O,DRY,
315,8,cleaned,O,DRY,
316,1,make,O,DRY,
316,2,the,O,DRY,
316,3,wet,B-DRY_STATUS,DRY,
316,4,leather,B-MATERIAL,DRY,
316,5,boot,B-SHOE_TYPE,DRY,
316,6,dry,O,DRY,
316,7,again,O,DRY,
317,1,can,O,DRY,
317,2,the,O,DRY,
317,3,moisture,O,DRY,
317,4,in,B-LOCATION_RELATION,DRY,
317,5,brown_sandal_4,B-OBJECT_ID,DRY,
317,6,inside,B-LOCATION_RELATION,DRY,
317,7,the,O,DRY,
317,8,tool,B-OBJECT_LOCATION,DRY,
317,9,area,I-OBJECT_LOCATION,DRY,
317,10,beside,B-NEXT_TO_RELATION,DRY,
317,11,the,O,DRY,
317,12,spray,B-IMPREGNATION_TOOL_TYPE,DRY,
317,13,bottle,O,DRY,
317,14,be,O,DRY,
317,15,dealt,O,DRY,
317,16,with,O,DRY,
318,1,the,O,DRY,
318,2,blue,B-COLOR,DRY,
318,3,shoe,B-SHOE_TYPE,DRY,
318,4,is,O,DRY,
318,5,still,O,DRY,
318,6,dripping,O,DRY,
318,7,dry,O,DRY,
318,8,it,O,DRY,
318,9,please,O,DRY,
319,1,put,O,DRY,
319,2,sneake_22,B-OBJECT_ID,DRY,
319,3,where,O,DRY,
319,4,it,O,DRY,
319,5,can,O,DRY,
319,6,dry,O,DRY,
319,7,out,O,DRY,
320,1,this,O,DRY,
320,2,boot,B-SHOE_TYPE,DRY,
320,3,from,B-LOCATION_RELATION,DRY,
320,4,the,O,DRY,
320,5,middle,B-OBJECT_LOCATION,DRY,
320,6,shelf,I-OBJECT_LOCATION,DRY,
320,7,next,B-NEXT_TO_RELATION,DRY,
320,8,to,I-NEXT_TO_RELATION,DRY,
320,9,the,O,DRY,
320,10,green,B-COLOR,DRY,
320,11,sandal,B-SHOE_TYPE,DRY,
320,12,has,O,DRY,
320,13,to,O,DRY,
320,14,be,O,DRY,
320,15,dried,O,DRY,
320,16,before,O,DRY,
320,17,walking,O,DRY,
321,1,take,O,GET_NEW_TOOL,
321,2,a,O,GET_NEW_TOOL,
321,3,spare,O,GET_NEW_TOOL,
321,4,rag,B-CLEANING_TOOL_TYPE,GET_NEW_TOOL,
321,5,from,O,GET_NEW_TOOL,
321,6,the,O,GET_NEW_TOOL,
321,7,box,O,GET_NEW_TOOL,
322,1,fetch,O,GET_NEW_TOOL,
322,2,a,O,GET_NEW_TOOL,
322,3,replacement,O,GET_NEW_TOOL,
322,4,spray,B-IMPREGNATION_TOOL_TYPE,GET_NEW_TOOL,
323,1,pick,O,GET_NEW_TOOL,
323,2,up,O,GET_NEW_TOOL,
323,3,a,O,GET_NEW_TOOL,
323,4,new,O,GET_NEW_TOOL,
323,5,brush,B-CLEANING_TOOL_TYPE,GET_NEW_TOOL,
323,6,from,O,GET_NEW_TOOL,
323,7,the,O,GET_NEW_TOOL,
323,8,tool,O,GET_NEW_TOOL,
323,9,area,O,GET_NEW_TOOL,
324,1,get,O,GET_NEW_TOOL,
324,2,an,O,GET_NEW_TOOL,
324,3,extra,O,GET_NEW_TOOL,
324,4,cream,B-IMPREGNATION_TOOL_TYPE,GET_NEW_TOOL,
324,5,for,O,GET_NEW_TOOL,
324,6,the,O,GET_NEW_TOOL,
324,7,task,O,GET_NEW_TOOL,
325,1,bring,O,GET_NEW_TOOL,
325,2,a,O,GET_NEW_TOOL,
325,3,replacement,O,GET_NEW_TOOL,
325,4,tool_8,B-OBJECT_ID,GET_NEW_TOOL,
326,1,fetch,O,GET_NEW_TOOL,
326,2,a,O,GET_NEW_TOOL,
326,3,repair,O,GET_NEW_TOOL,
326,4,tool,O,GET_NEW_TOOL,
326,5,from,O,GET_NEW_TOOL,
326,6,the,O,GET_NEW_TOOL,
326,7,tool,O,GET_NEW_TOOL,
326,8,box,O,GET_NEW_TOOL,
327,1,grab,O,GET_NEW_TOOL,
327,2,a,O,GET_NEW_TOOL,
327,3,new,O,GET_NEW_TOOL,
327,4,rag,B-CLEANING_TOOL_TYPE,GET_NEW_TOOL,
327,5,from,O,GET_NEW_TOOL,
327,6,the,O,GET_NEW_TOOL,
327,7,infinite,O,GET_NEW_TOOL,
327,8,tool,O,GET_NEW_TOOL,
327,9,box,O,GET_NEW_TOOL,
328,1,fetch,O,GET_NEW_TOOL,
328,2,cleaner,B-CLEANING_TOOL_TYPE,GET_NEW_TOOL,
329,1,get,O,GET_NEW_TOOL,
329,2,another,O,GET_NEW_TOOL,
329,3,cleaner,B-CLEANING_TOOL_TYPE,GET_NEW_TOOL,
329,4,from,O,GET_NEW_TOOL,
329,5,the,O,GET_NEW_TOOL,
329,6,tool,O,GET_NEW_TOOL,
329,7,area,O,GET_NEW_TOOL,
330,1,grab,O,GET_NEW_TOOL,
330,2,another,O,GET_NEW_TOOL,
330,3,needle,B-REPAIR_TOOL_TYPE,GET_NEW_TOOL,
330,4,and,I-REPAIR_TOOL_TYPE,GET_NEW_TOOL,
330,5,yarn,I-REPAIR_TOOL_TYPE,GET_NEW_TOOL,
331,1,grab,O,GET_NEW_TOOL,
331,2,a,O,GET_NEW_TOOL,
331,3,spare,O,GET_NEW_TOOL,
331,4,sole,B-REPAIR_TOOL_TYPE,GET_NEW_TOOL,
331,5,hammer,I-REPAIR_TOOL_TYPE,GET_NEW_TOOL,
331,6,before,O,GET_NEW_TOOL,
331,7,we,O,GET_NEW_TOOL,
331,8,continue,O,GET_NEW_TOOL,
332,1,replace,O,GET_NEW_TOOL,
332,2,the,O,GET_NEW_TOOL,
332,3,current,O,GET_NEW_TOOL,
332,4,repair_tool_6,B-OBJECT_ID,GET_NEW_TOOL,
332,5,with,O,GET_NEW_TOOL,
332,6,a,O,GET_NEW_TOOL,
332,7,new,O,GET_NEW_TOOL,
332,8,cream,B-IMPREGNATION_TOOL_TYPE,GET_NEW_TOOL,
333,1,bring,O,GET_NEW_TOOL,
333,2,me,O,GET_NEW_TOOL,
333,3,a,O,GET_NEW_TOOL,
333,4,new,O,GET_NEW_TOOL,
333,5,brush,B-CLEANING_TOOL_TYPE,GET_NEW_TOOL,
334,1,get,O,GET_NEW_TOOL,
334,2,a,O,GET_NEW_TOOL,
334,3,clean,O,GET_NEW_TOOL,
334,4,rag,B-CLEANING_TOOL_TYPE,GET_NEW_TOOL,
334,5,from,O,GET_NEW_TOOL,
334,6,the,O,GET_NEW_TOOL,
334,7,tool,O,GET_NEW_TOOL,
334,8,box,O,GET_NEW_TOOL,
335,1,get,O,GET_NEW_TOOL,
335,2,a,O,GET_NEW_TOOL,
335,3,new,O,GET_NEW_TOOL,
335,4,repair,O,GET_NEW_TOOL,
335,5,tool,O,GET_NEW_TOOL,
336,1,bring,O,GET_NEW_TOOL,
336,2,me,O,GET_NEW_TOOL,
336,3,a,O,GET_NEW_TOOL,
336,4,tool,O,GET_NEW_TOOL,
337,1,get,O,GET_NEW_TOOL,
337,2,a,O,GET_NEW_TOOL,
337,3,cleaning,O,GET_NEW_TOOL,
337,4,tool,O,GET_NEW_TOOL,
337,5,for,O,GET_NEW_TOOL,
337,6,me,O,GET_NEW_TOOL,
338,1,bring,O,GET_NEW_TOOL,
338,2,the,O,GET_NEW_TOOL,
338,3,next,O,GET_NEW_TOOL,
338,4,glue,B-REPAIR_TOOL_TYPE,GET_NEW_TOOL,
338,5,from,O,GET_NEW_TOOL,
338,6,the,O,GET_NEW_TOOL,
338,7,tool,O,GET_NEW_TOOL,
338,8,area,O,GET_NEW_TOOL,
339,1,take,O,GET_NEW_TOOL,
339,2,sole_glue,B-REPAIR_TOOL_TYPE,GET_NEW_TOOL,
339,3,from,O,GET_NEW_TOOL,
339,4,the,O,GET_NEW_TOOL,
339,5,tool,O,GET_NEW_TOOL,
339,6,box,O,GET_NEW_TOOL,
340,1,take,O,GET_NEW_TOOL,
340,2,a,O,GET_NEW_TOOL,
340,3,new,O,GET_NEW_TOOL,
340,4,sole,B-REPAIR_TOOL_TYPE,GET_NEW_TOOL,
340,5,hammer,I-REPAIR_TOOL_TYPE,GET_NEW_TOOL,
340,6,from,O,GET_NEW_TOOL,
340,7,the,O,GET_NEW_TOOL,
340,8,tools,O,GET_NEW_TOOL,
341,1,please,O,GET_NEW_TOOL,
341,2,get,O,GET_NEW_TOOL,
341,3,a,O,GET_NEW_TOOL,
341,4,fresh,O,GET_NEW_TOOL,
341,5,needle,B-REPAIR_TOOL_TYPE,GET_NEW_TOOL,
341,6,and,I-REPAIR_TOOL_TYPE,GET_NEW_TOOL,
341,7,yarn,I-REPAIR_TOOL_TYPE,GET_NEW_TOOL,
342,1,please,O,GET_NEW_TOOL,
342,2,get,O,GET_NEW_TOOL,
342,3,a,O,GET_NEW_TOOL,
342,4,fresh,O,GET_NEW_TOOL,
342,5,rag,B-CLEANING_TOOL_TYPE,GET_NEW_TOOL,
343,1,we,O,GET_NEW_TOOL,
343,2,need,O,GET_NEW_TOOL,
343,3,another,O,GET_NEW_TOOL,
343,4,sole,B-REPAIR_TOOL_TYPE,GET_NEW_TOOL,
343,5,hammer,I-REPAIR_TOOL_TYPE,GET_NEW_TOOL,
343,6,inside,O,GET_NEW_TOOL,
343,7,the,O,GET_NEW_TOOL,
343,8,tool,O,GET_NEW_TOOL,
343,9,area,O,GET_NEW_TOOL,
344,1,replace,O,GET_NEW_TOOL,
344,2,the,O,GET_NEW_TOOL,
344,3,current,O,GET_NEW_TOOL,
344,4,tool,O,GET_NEW_TOOL,
344,5,with,O,GET_NEW_TOOL,
344,6,a,O,GET_NEW_TOOL,
344,7,new,O,GET_NEW_TOOL,
344,8,spray,B-IMPREGNATION_TOOL_TYPE,GET_NEW_TOOL,
345,1,take,O,GET_NEW_TOOL,
345,2,a,O,GET_NEW_TOOL,
345,3,brush,B-CLEANING_TOOL_TYPE,GET_NEW_TOOL,
345,4,from,O,GET_NEW_TOOL,
345,5,the,O,GET_NEW_TOOL,
345,6,tool,O,GET_NEW_TOOL,
345,7,box,O,GET_NEW_TOOL,
346,1,fetch,O,GET_NEW_TOOL,
346,2,a,O,GET_NEW_TOOL,
346,3,replacement,O,GET_NEW_TOOL,
346,4,rag,B-CLEANING_TOOL_TYPE,GET_NEW_TOOL,
347,1,grab,O,GET_NEW_TOOL,
347,2,a,O,GET_NEW_TOOL,
347,3,new,O,GET_NEW_TOOL,
347,4,spray,B-IMPREGNATION_TOOL_TYPE,GET_NEW_TOOL,
347,5,from,O,GET_NEW_TOOL,
347,6,the,O,GET_NEW_TOOL,
347,7,infinite,O,GET_NEW_TOOL,
347,8,tool,O,GET_NEW_TOOL,
347,9,box,O,GET_NEW_TOOL,
348,1,grab,O,GET_NEW_TOOL,
348,2,another,O,GET_NEW_TOOL,
348,3,red,O,GET_NEW_TOOL,
348,4,brush,B-CLEANING_TOOL_TYPE,GET_NEW_TOOL,
349,1,we,O,GET_NEW_TOOL,
349,2,need,O,GET_NEW_TOOL,
349,3,another,O,GET_NEW_TOOL,
349,4,black,O,GET_NEW_TOOL,
349,5,sole,B-REPAIR_TOOL_TYPE,GET_NEW_TOOL,
349,6,glue,I-REPAIR_TOOL_TYPE,GET_NEW_TOOL,
350,1,take,O,GET_NEW_TOOL,
350,2,a,O,GET_NEW_TOOL,
350,3,spare,O,GET_NEW_TOOL,
350,4,sole,B-REPAIR_TOOL_TYPE,GET_NEW_TOOL,
350,5,hammer,I-REPAIR_TOOL_TYPE,GET_NEW_TOOL,
350,6,from,O,GET_NEW_TOOL,
350,7,the,O,GET_NEW_TOOL,
350,8,box,O,GET_NEW_TOOL,
351,1,please,O,GET_NEW_TOOL,
351,2,fetch,O,GET_NEW_TOOL,
351,3,a,O,GET_NEW_TOOL,
351,4,sole,B-REPAIR_TOOL_TYPE,GET_NEW_TOOL,
351,5,hammer,I-REPAIR_TOOL_TYPE,GET_NEW_TOOL,
351,6,from,O,GET_NEW_TOOL,
351,7,the,O,GET_NEW_TOOL,
351,8,tool,O,GET_NEW_TOOL,
351,9,box,O,GET_NEW_TOOL,
352,1,find,O,GET_NEW_TOOL,
352,2,a,O,GET_NEW_TOOL,
352,3,new,O,GET_NEW_TOOL,
352,4,spray,B-IMPREGNATION_TOOL_TYPE,GET_NEW_TOOL,
352,5,in,O,GET_NEW_TOOL,
352,6,the,O,GET_NEW_TOOL,
352,7,tool,O,GET_NEW_TOOL,
352,8,box,O,GET_NEW_TOOL,
353,1,get,O,GET_NEW_TOOL,
353,2,the,O,GET_NEW_TOOL,
353,3,replacement,O,GET_NEW_TOOL,
353,4,tool,O,GET_NEW_TOOL,
353,5,ready,O,GET_NEW_TOOL,
354,1,fetch,O,GET_NEW_TOOL,
354,2,the,O,GET_NEW_TOOL,
354,3,next,O,GET_NEW_TOOL,
354,4,available,O,GET_NEW_TOOL,
354,5,cleaner_2,B-OBJECT_ID,GET_NEW_TOOL,
355,1,get,O,GET_NEW_TOOL,
355,2,replacement,O,GET_NEW_TOOL,
355,3,sole,B-REPAIR_TOOL_TYPE,GET_NEW_TOOL,
355,4,glue,I-REPAIR_TOOL_TYPE,GET_NEW_TOOL,
356,1,find,O,GET_NEW_TOOL,
356,2,a,O,GET_NEW_TOOL,
356,3,new,O,GET_NEW_TOOL,
356,4,repair_hammer_8,B-OBJECT_ID,GET_NEW_TOOL,
356,5,in,O,GET_NEW_TOOL,
356,6,the,O,GET_NEW_TOOL,
356,7,tool,O,GET_NEW_TOOL,
356,8,box,O,GET_NEW_TOOL,
357,1,grab,O,GET_NEW_TOOL,
357,2,another,O,GET_NEW_TOOL,
357,3,cream,B-IMPREGNATION_TOOL_TYPE,GET_NEW_TOOL,
358,1,bring,O,GET_NEW_TOOL,
358,2,me,O,GET_NEW_TOOL,
358,3,the,O,GET_NEW_TOOL,
358,4,spare,O,GET_NEW_TOOL,
358,5,sole,B-REPAIR_TOOL_TYPE,GET_NEW_TOOL,
358,6,hammer,I-REPAIR_TOOL_TYPE,GET_NEW_TOOL,
359,1,bring,O,GET_NEW_TOOL,
359,2,yarn_needle_4,B-OBJECT_ID,GET_NEW_TOOL,
359,3,inside,O,GET_NEW_TOOL,
359,4,the,O,GET_NEW_TOOL,
359,5,tool,O,GET_NEW_TOOL,
359,6,area,O,GET_NEW_TOOL,
360,1,could,O,GET_NEW_TOOL,
360,2,you,O,GET_NEW_TOOL,
360,3,get,O,GET_NEW_TOOL,
360,4,a,O,GET_NEW_TOOL,
360,5,new,O,GET_NEW_TOOL,
360,6,cream,B-IMPREGNATION_TOOL_TYPE,GET_NEW_TOOL,
360,7,for,O,GET_NEW_TOOL,
360,8,this,O,GET_NEW_TOOL,
361,1,get,O,GET_NEW_TOOL,
361,2,another,O,GET_NEW_TOOL,
361,3,sole,B-REPAIR_TOOL_TYPE,GET_NEW_TOOL,
361,4,glue,I-REPAIR_TOOL_TYPE,GET_NEW_TOOL,
361,5,from,O,GET_NEW_TOOL,
361,6,the,O,GET_NEW_TOOL,
361,7,tool,O,GET_NEW_TOOL,
361,8,area,O,GET_NEW_TOOL,
362,1,bring,O,GET_NEW_TOOL,
362,2,over,O,GET_NEW_TOOL,
362,3,a,O,GET_NEW_TOOL,
362,4,new,O,GET_NEW_TOOL,
362,5,needle,B-REPAIR_TOOL_TYPE,GET_NEW_TOOL,
362,6,and,I-REPAIR_TOOL_TYPE,GET_NEW_TOOL,
362,7,yarn,I-REPAIR_TOOL_TYPE,GET_NEW_TOOL,
363,1,get,O,GET_NEW_TOOL,
363,2,a,O,GET_NEW_TOOL,
363,3,clean,O,GET_NEW_TOOL,
363,4,cleaner_2,B-OBJECT_ID,GET_NEW_TOOL,
363,5,from,O,GET_NEW_TOOL,
363,6,the,O,GET_NEW_TOOL,
363,7,tool,O,GET_NEW_TOOL,
363,8,box,O,GET_NEW_TOOL,
364,1,bring,O,GET_NEW_TOOL,
364,2,me,O,GET_NEW_TOOL,
364,3,a,O,GET_NEW_TOOL,
364,4,new,O,GET_NEW_TOOL,
364,5,rag,B-CLEANING_TOOL_TYPE,GET_NEW_TOOL,
365,1,pick,O,GET_NEW_TOOL,
365,2,up,O,GET_NEW_TOOL,
365,3,shoe_cleaner_5,B-OBJECT_ID,GET_NEW_TOOL,
365,4,from,O,GET_NEW_TOOL,
365,5,the,O,GET_NEW_TOOL,
365,6,tool,O,GET_NEW_TOOL,
365,7,area,O,GET_NEW_TOOL,
366,1,get,O,GET_NEW_TOOL,
366,2,another,O,GET_NEW_TOOL,
366,3,sole,B-REPAIR_TOOL_TYPE,GET_NEW_TOOL,
366,4,hammer,I-REPAIR_TOOL_TYPE,GET_NEW_TOOL,
366,5,from,O,GET_NEW_TOOL,
366,6,the,O,GET_NEW_TOOL,
366,7,tool,O,GET_NEW_TOOL,
366,8,area,O,GET_NEW_TOOL,
367,1,replace,O,GET_NEW_TOOL,
367,2,the,O,GET_NEW_TOOL,
367,3,current,O,GET_NEW_TOOL,
367,4,tool,O,GET_NEW_TOOL,
367,5,with,O,GET_NEW_TOOL,
367,6,a,O,GET_NEW_TOOL,
367,7,new,O,GET_NEW_TOOL,
367,8,sole,B-REPAIR_TOOL_TYPE,GET_NEW_TOOL,
367,9,hammer,I-REPAIR_TOOL_TYPE,GET_NEW_TOOL,
368,1,grab,O,GET_NEW_TOOL,
368,2,repair_hammer_8,B-OBJECT_ID,GET_NEW_TOOL,
368,3,from,O,GET_NEW_TOOL,
368,4,the,O,GET_NEW_TOOL,
368,5,infinite,O,GET_NEW_TOOL,
368,6,tool,O,GET_NEW_TOOL,
368,7,box,O,GET_NEW_TOOL,
369,1,bring,O,GET_NEW_TOOL,
369,2,me,O,GET_NEW_TOOL,
369,3,the,O,GET_NEW_TOOL,
369,4,spare,O,GET_NEW_TOOL,
369,5,cleaner,B-CLEANING_TOOL_TYPE,GET_NEW_TOOL,
370,1,take,O,GET_NEW_TOOL,
370,2,one,O,GET_NEW_TOOL,
370,3,more,O,GET_NEW_TOOL,
370,4,needle,B-REPAIR_TOOL_TYPE,GET_NEW_TOOL,
370,5,and,I-REPAIR_TOOL_TYPE,GET_NEW_TOOL,
370,6,yarn,I-REPAIR_TOOL_TYPE,GET_NEW_TOOL,
370,7,out,O,GET_NEW_TOOL,
370,8,of,O,GET_NEW_TOOL,
370,9,the,O,GET_NEW_TOOL,
370,10,box,O,GET_NEW_TOOL,
371,1,I,O,GET_NEW_TOOL,
371,2,need,O,GET_NEW_TOOL,
371,3,a,O,GET_NEW_TOOL,
371,4,new,O,GET_NEW_TOOL,
371,5,cream,B-IMPREGNATION_TOOL_TYPE,GET_NEW_TOOL,
372,1,could,O,GET_NEW_TOOL,
372,2,you,O,GET_NEW_TOOL,
372,3,get,O,GET_NEW_TOOL,
372,4,a,O,GET_NEW_TOOL,
372,5,sole,B-REPAIR_TOOL_TYPE,GET_NEW_TOOL,
372,6,glue,I-REPAIR_TOOL_TYPE,GET_NEW_TOOL,
372,7,for,O,GET_NEW_TOOL,
372,8,this,O,GET_NEW_TOOL,
373,1,grab,O,GET_NEW_TOOL,
373,2,a,O,GET_NEW_TOOL,
373,3,tool,O,GET_NEW_TOOL,
373,4,from,O,GET_NEW_TOOL,
373,5,the,O,GET_NEW_TOOL,
373,6,infinite,O,GET_NEW_TOOL,
373,7,tool,O,GET_NEW_TOOL,
373,8,box,O,GET_NEW_TOOL,
374,1,bring,O,GET_NEW_TOOL,
374,2,a,O,GET_NEW_TOOL,
374,3,fresh,O,GET_NEW_TOOL,
374,4,brush,B-CLEANING_TOOL_TYPE,GET_NEW_TOOL,
375,1,I,O,GET_NEW_TOOL,
375,2,need,O,GET_NEW_TOOL,
375,3,a,O,GET_NEW_TOOL,
375,4,new,O,GET_NEW_TOOL,
375,5,brush,B-CLEANING_TOOL_TYPE,GET_NEW_TOOL,
375,6,in,O,GET_NEW_TOOL,
375,7,the,O,GET_NEW_TOOL,
375,8,tool,O,GET_NEW_TOOL,
375,9,area,O,GET_NEW_TOOL,
376,1,please,O,GET_NEW_TOOL,
376,2,fetch,O,GET_NEW_TOOL,
376,3,a,O,GET_NEW_TOOL,
376,4,cleaner,B-CLEANING_TOOL_TYPE,GET_NEW_TOOL,
376,5,from,O,GET_NEW_TOOL,
376,6,the,O,GET_NEW_TOOL,
376,7,tool,O,GET_NEW_TOOL,
376,8,box,O,GET_NEW_TOOL,
377,1,get,O,GET_NEW_TOOL,
377,2,an,O,GET_NEW_TOOL,
377,3,extra,O,GET_NEW_TOOL,
377,4,cleaner,B-CLEANING_TOOL_TYPE,GET_NEW_TOOL,
377,5,for,O,GET_NEW_TOOL,
377,6,the,O,GET_NEW_TOOL,
377,7,task,O,GET_NEW_TOOL,
378,1,take,O,GET_NEW_TOOL,
378,2,a,O,GET_NEW_TOOL,
378,3,spare,O,GET_NEW_TOOL,
378,4,sole,B-REPAIR_TOOL_TYPE,GET_NEW_TOOL,
378,5,glue,I-REPAIR_TOOL_TYPE,GET_NEW_TOOL,
378,6,from,O,GET_NEW_TOOL,
378,7,the,O,GET_NEW_TOOL,
378,8,box,O,GET_NEW_TOOL,
379,1,grab,O,GET_NEW_TOOL,
379,2,a,O,GET_NEW_TOOL,
379,3,spare,O,GET_NEW_TOOL,
379,4,sole,B-REPAIR_TOOL_TYPE,GET_NEW_TOOL,
379,5,glue,I-REPAIR_TOOL_TYPE,GET_NEW_TOOL,
379,6,before,O,GET_NEW_TOOL,
379,7,we,O,GET_NEW_TOOL,
379,8,continue,O,GET_NEW_TOOL,
380,1,bring,O,GET_NEW_TOOL,
380,2,me,O,GET_NEW_TOOL,
380,3,the,O,GET_NEW_TOOL,
380,4,spare,O,GET_NEW_TOOL,
380,5,brush,B-CLEANING_TOOL_TYPE,GET_NEW_TOOL,
381,1,bring,O,GET_NEW_TOOL,
381,2,me,O,GET_NEW_TOOL,
381,3,the,O,GET_NEW_TOOL,
381,4,spare,O,GET_NEW_TOOL,
381,5,spray,B-IMPREGNATION_TOOL_TYPE,GET_NEW_TOOL,
382,1,get,O,GET_NEW_TOOL,
382,2,a,O,GET_NEW_TOOL,
382,3,new,O,GET_NEW_TOOL,
383,1,take,O,GET_NEW_TOOL,
383,2,one,O,GET_NEW_TOOL,
383,3,more,O,GET_NEW_TOOL,
383,4,cleaner,B-CLEANING_TOOL_TYPE,GET_NEW_TOOL,
383,5,out,O,GET_NEW_TOOL,
383,6,of,O,GET_NEW_TOOL,
383,7,the,O,GET_NEW_TOOL,
383,8,box,O,GET_NEW_TOOL,
384,1,take,O,GET_NEW_TOOL,
384,2,a,O,GET_NEW_TOOL,
384,3,new,O,GET_NEW_TOOL,
384,4,tool,O,GET_NEW_TOOL,
384,5,out,O,GET_NEW_TOOL,
384,6,of,O,GET_NEW_TOOL,
384,7,the,O,GET_NEW_TOOL,
384,8,box,O,GET_NEW_TOOL,
385,1,please,O,GET_NEW_TOOL,
385,2,fetch,O,GET_NEW_TOOL,
385,3,a,O,GET_NEW_TOOL,
385,4,rag,B-CLEANING_TOOL_TYPE,GET_NEW_TOOL,
385,5,from,O,GET_NEW_TOOL,
385,6,the,O,GET_NEW_TOOL,
385,7,tool,O,GET_NEW_TOOL,
385,8,box,O,GET_NEW_TOOL,
386,1,fetch,O,GET_NEW_TOOL,
386,2,the,O,GET_NEW_TOOL,
386,3,next,O,GET_NEW_TOOL,
386,4,available,O,GET_NEW_TOOL,
386,5,cream,B-IMPREGNATION_TOOL_TYPE,GET_NEW_TOOL,
387,1,take,O,GET_NEW_TOOL,
387,2,one,O,GET_NEW_TOOL,
387,3,more,O,GET_NEW_TOOL,
387,4,sole,B-REPAIR_TOOL_TYPE,GET_NEW_TOOL,
387,5,glue,I-REPAIR_TOOL_TYPE,GET_NEW_TOOL,
387,6,out,O,GET_NEW_TOOL,
387,7,of,O,GET_NEW_TOOL,
387,8,the,O,GET_NEW_TOOL,
387,9,box,O,GET_NEW_TOOL,
388,1,fetch,O,GET_NEW_TOOL,
388,2,some,O,GET_NEW_TOOL,
388,3,impregnation,O,GET_NEW_TOOL,
388,4,cream,B-IMPREGNATION_TOOL_TYPE,GET_NEW_TOOL,
389,1,get,O,GET_NEW_TOOL,
389,2,another,O,GET_NEW_TOOL,
389,3,spray_7,B-OBJECT_ID,GET_NEW_TOOL,
389,4,from,O,GET_NEW_TOOL,
389,5,the,O,GET_NEW_TOOL,
389,6,tool,O,GET_NEW_TOOL,
389,7,area,O,GET_NEW_TOOL,
390,1,get,O,GET_NEW_TOOL,
390,2,another,O,GET_NEW_TOOL,
390,3,needle,B-REPAIR_TOOL_TYPE,GET_NEW_TOOL,
390,4,and,I-REPAIR_TOOL_TYPE,GET_NEW_TOOL,
390,5,yarn,I-REPAIR_TOOL_TYPE,GET_NEW_TOOL,
390,6,from,O,GET_NEW_TOOL,
390,7,the,O,GET_NEW_TOOL,
390,8,tool,O,GET_NEW_TOOL,
390,9,area,O,GET_NEW_TOOL,
391,1,pick,O,GET_NEW_TOOL,
391,2,up,O,GET_NEW_TOOL,
391,3,a,O,GET_NEW_TOOL,
391,4,new,O,GET_NEW_TOOL,
391,5,rag,B-CLEANING_TOOL_TYPE,GET_NEW_TOOL,
391,6,for,O,GET_NEW_TOOL,
391,7,the,O,GET_NEW_TOOL,
391,8,tool,O,GET_NEW_TOOL,
391,9,area,O,GET_NEW_TOOL,
392,1,could,O,GET_NEW_TOOL,
392,2,you,O,GET_NEW_TOOL,
392,3,get,O,GET_NEW_TOOL,
392,4,a,O,GET_NEW_TOOL,
392,5,new,O,GET_NEW_TOOL,
392,6,needle,B-REPAIR_TOOL_TYPE,GET_NEW_TOOL,
392,7,and,I-REPAIR_TOOL_TYPE,GET_NEW_TOOL,
392,8,yarn,I-REPAIR_TOOL_TYPE,GET_NEW_TOOL,
392,9,for,O,GET_NEW_TOOL,
392,10,this,O,GET_NEW_TOOL,
393,1,fetch,O,GET_NEW_TOOL,
393,2,the,O,GET_NEW_TOOL,
393,3,next,O,GET_NEW_TOOL,
393,4,available,O,GET_NEW_TOOL,
393,5,sole,B-REPAIR_TOOL_TYPE,GET_NEW_TOOL,
393,6,glue,I-REPAIR_TOOL_TYPE,GET_NEW_TOOL,
394,1,could,O,GET_NEW_TOOL,
394,2,you,O,GET_NEW_TOOL,
394,3,get,O,GET_NEW_TOOL,
394,4,a,O,GET_NEW_TOOL,
394,5,new,O,GET_NEW_TOOL,
394,6,spray,B-IMPREGNATION_TOOL_TYPE,GET_NEW_TOOL,
394,7,for,O,GET_NEW_TOOL,
394,8,this,O,GET_NEW_TOOL,
395,1,find,O,GET_NEW_TOOL,
395,2,protection_cream_2,B-OBJECT_ID,GET_NEW_TOOL,
395,3,in,O,GET_NEW_TOOL,
395,4,the,O,GET_NEW_TOOL,
395,5,tool,O,GET_NEW_TOOL,
395,6,box,O,GET_NEW_TOOL,
396,1,grab,O,GET_NEW_TOOL,
396,2,a,O,GET_NEW_TOOL,
396,3,spare,O,GET_NEW_TOOL,
396,4,needle,B-REPAIR_TOOL_TYPE,GET_NEW_TOOL,
396,5,and,I-REPAIR_TOOL_TYPE,GET_NEW_TOOL,
396,6,yarn,I-REPAIR_TOOL_TYPE,GET_NEW_TOOL,
396,7,before,O,GET_NEW_TOOL,
396,8,we,O,GET_NEW_TOOL,
396,9,continue,O,GET_NEW_TOOL,
397,1,fetch,O,GET_NEW_TOOL,
397,2,the,O,GET_NEW_TOOL,
397,3,next,O,GET_NEW_TOOL,
397,4,available,O,GET_NEW_TOOL,
397,5,spray,B-IMPREGNATION_TOOL_TYPE,GET_NEW_TOOL,
398,1,bring,O,GET_NEW_TOOL,
398,2,me,O,GET_NEW_TOOL,
398,3,a,O,GET_NEW_TOOL,
398,4,spare,O,GET_NEW_TOOL,
398,5,glue,B-REPAIR_TOOL_TYPE,GET_NEW_TOOL,
399,1,find,O,GET_NEW_TOOL,
399,2,another,O,GET_NEW_TOOL,
399,3,sole,B-REPAIR_TOOL_TYPE,GET_NEW_TOOL,
399,4,glue,I-REPAIR_TOOL_TYPE,GET_NEW_TOOL,
399,5,for,O,GET_NEW_TOOL,
399,6,me,O,GET_NEW_TOOL,
400,1,bring,O,GET_NEW_TOOL,
400,2,over,O,GET_NEW_TOOL,
400,3,a,O,GET_NEW_TOOL,
400,4,new,O,GET_NEW_TOOL,
400,5,cleaner,B-CLEANING_TOOL_TYPE,GET_NEW_TOOL,
401,1,bring,O,GET_NEW_TOOL,
401,2,over,O,GET_NEW_TOOL,
401,3,a,O,GET_NEW_TOOL,
401,4,new,O,GET_NEW_TOOL,
401,5,waterproof_spray_4,B-OBJECT_ID,GET_NEW_TOOL,
402,1,get,O,GET_NEW_TOOL,
402,2,a,O,GET_NEW_TOOL,
402,3,new,O,GET_NEW_TOOL,
402,4,sole_glue_3,B-OBJECT_ID,GET_NEW_TOOL,
402,5,inside,O,GET_NEW_TOOL,
402,6,the,O,GET_NEW_TOOL,
402,7,tool,O,GET_NEW_TOOL,
402,8,area,O,GET_NEW_TOOL,
403,1,grab,O,GET_NEW_TOOL,
403,2,a,O,GET_NEW_TOOL,
403,3,spare,O,GET_NEW_TOOL,
403,4,rag,B-CLEANING_TOOL_TYPE,GET_NEW_TOOL,
403,5,before,O,GET_NEW_TOOL,
403,6,we,O,GET_NEW_TOOL,
403,7,continue,O,GET_NEW_TOOL,
404,1,fetch,O,GET_NEW_TOOL,
404,2,a,O,GET_NEW_TOOL,
404,3,replacement,O,GET_NEW_TOOL,
404,4,sole,B-REPAIR_TOOL_TYPE,GET_NEW_TOOL,
404,5,glue,I-REPAIR_TOOL_TYPE,GET_NEW_TOOL,
405,1,I,O,GET_NEW_TOOL,
405,2,need,O,GET_NEW_TOOL,
405,3,a,O,GET_NEW_TOOL,
405,4,new,O,GET_NEW_TOOL,
405,5,needle,B-REPAIR_TOOL_TYPE,GET_NEW_TOOL,
405,6,and,I-REPAIR_TOOL_TYPE,GET_NEW_TOOL,
405,7,yarn,I-REPAIR_TOOL_TYPE,GET_NEW_TOOL,
406,1,get,O,GET_NEW_TOOL,
406,2,a,O,GET_NEW_TOOL,
406,3,tool_8,B-OBJECT_ID,GET_NEW_TOOL,
406,4,for,O,GET_NEW_TOOL,
406,5,repairing,O,GET_NEW_TOOL,
406,6,the,O,GET_NEW_TOOL,
406,7,shoe,B-SHOE_TYPE,GET_NEW_TOOL,
407,1,we,O,GET_NEW_TOOL,
407,2,need,O,GET_NEW_TOOL,
407,3,another,O,GET_NEW_TOOL,
407,4,rag,B-CLEANING_TOOL_TYPE,GET_NEW_TOOL,
408,1,get,O,GET_NEW_TOOL,
408,2,another,O,GET_NEW_TOOL,
408,3,spray,B-IMPREGNATION_TOOL_TYPE,GET_NEW_TOOL,
408,4,from,O,GET_NEW_TOOL,
408,5,the,O,GET_NEW_TOOL,
408,6,tool,O,GET_NEW_TOOL,
408,7,area,O,GET_NEW_TOOL,
409,1,new,O,GET_NEW_TOOL,
409,2,sole,B-REPAIR_TOOL_TYPE,GET_NEW_TOOL,
409,3,glue,I-REPAIR_TOOL_TYPE,GET_NEW_TOOL,
410,1,we,O,GET_NEW_TOOL,
410,2,need,O,GET_NEW_TOOL,
410,3,another,O,GET_NEW_TOOL,
410,4,protection_cream_2,B-OBJECT_ID,GET_NEW_TOOL,
411,1,take,O,GET_NEW_TOOL,
411,2,a,O,GET_NEW_TOOL,
411,3,spare,O,GET_NEW_TOOL,
411,4,needle,B-REPAIR_TOOL_TYPE,GET_NEW_TOOL,
411,5,and,I-REPAIR_TOOL_TYPE,GET_NEW_TOOL,
411,6,yarn,I-REPAIR_TOOL_TYPE,GET_NEW_TOOL,
411,7,from,O,GET_NEW_TOOL,
411,8,the,O,GET_NEW_TOOL,
411,9,box,O,GET_NEW_TOOL,
412,1,bring,O,GET_NEW_TOOL,
412,2,me,O,GET_NEW_TOOL,
412,3,a,O,GET_NEW_TOOL,
412,4,new,O,GET_NEW_TOOL,
412,5,cleaner,B-CLEANING_TOOL_TYPE,GET_NEW_TOOL,
413,1,grab,O,GET_NEW_TOOL,
413,2,a,O,GET_NEW_TOOL,
413,3,spare,O,GET_NEW_TOOL,
413,4,cleaner,B-CLEANING_TOOL_TYPE,GET_NEW_TOOL,
413,5,before,O,GET_NEW_TOOL,
413,6,we,O,GET_NEW_TOOL,
413,7,continue,O,GET_NEW_TOOL,
414,1,get,O,GET_NEW_TOOL,
414,2,me,O,GET_NEW_TOOL,
414,3,brush_1,B-OBJECT_ID,GET_NEW_TOOL,
415,1,could,O,GET_NEW_TOOL,
415,2,you,O,GET_NEW_TOOL,
415,3,get,O,GET_NEW_TOOL,
415,4,a,O,GET_NEW_TOOL,
415,5,new,O,GET_NEW_TOOL,
415,6,rag,B-CLEANING_TOOL_TYPE,GET_NEW_TOOL,
416,1,bring,O,GET_NEW_TOOL,
416,2,me,O,GET_NEW_TOOL,
416,3,a,O,GET_NEW_TOOL,
416,4,new,O,GET_NEW_TOOL,
416,5,yarn_needle_4,B-OBJECT_ID,GET_NEW_TOOL,
417,1,get,O,GET_NEW_TOOL,
417,2,a,O,GET_NEW_TOOL,
417,3,new,O,GET_NEW_TOOL,
417,4,sole,B-REPAIR_TOOL_TYPE,GET_NEW_TOOL,
417,5,hammer,I-REPAIR_TOOL_TYPE,GET_NEW_TOOL,
418,1,get,O,GET_NEW_TOOL,
418,2,an,O,GET_NEW_TOOL,
418,3,extra,O,GET_NEW_TOOL,
418,4,rag,B-CLEANING_TOOL_TYPE,GET_NEW_TOOL,
418,5,inside,O,GET_NEW_TOOL,
418,6,the,O,GET_NEW_TOOL,
418,7,tool,O,GET_NEW_TOOL,
418,8,area,O,GET_NEW_TOOL,
418,9,for,O,GET_NEW_TOOL,
418,10,the,O,GET_NEW_TOOL,
418,11,task,O,GET_NEW_TOOL,
419,1,get,O,GET_NEW_TOOL,
419,2,a,O,GET_NEW_TOOL,
419,3,fresh,O,GET_NEW_TOOL,
419,4,tool,O,GET_NEW_TOOL,
419,5,from,O,GET_NEW_TOOL,
419,6,the,O,GET_NEW_TOOL,
419,7,tool,O,GET_NEW_TOOL,
419,8,area,O,GET_NEW_TOOL,
420,1,get,O,GET_NEW_TOOL,
420,2,tool_1,B-OBJECT_ID,GET_NEW_TOOL,
420,3,for,O,GET_NEW_TOOL,
420,4,waterproofing,O,GET_NEW_TOOL,
421,1,find,O,GET_NEW_TOOL,
421,2,another,O,GET_NEW_TOOL,
421,3,cream,B-IMPREGNATION_TOOL_TYPE,GET_NEW_TOOL,
421,4,for,O,GET_NEW_TOOL,
421,5,me,O,GET_NEW_TOOL,
422,1,bring,O,GET_NEW_TOOL,
422,2,over,O,GET_NEW_TOOL,
422,3,a,O,GET_NEW_TOOL,
422,4,new,O,GET_NEW_TOOL,
422,5,rag,B-CLEANING_TOOL_TYPE,GET_NEW_TOOL,
423,1,take,O,GET_NEW_TOOL,
423,2,a,O,GET_NEW_TOOL,
423,3,spare,O,GET_NEW_TOOL,
423,4,brush,B-CLEANING_TOOL_TYPE,GET_NEW_TOOL,
423,5,from,O,GET_NEW_TOOL,
423,6,the,O,GET_NEW_TOOL,
423,7,box,O,GET_NEW_TOOL,
424,1,bring,O,GET_NEW_TOOL,
424,2,a,O,GET_NEW_TOOL,
424,3,fresh,O,GET_NEW_TOOL,
424,4,cream,B-IMPREGNATION_TOOL_TYPE,GET_NEW_TOOL,
425,1,get,O,GET_NEW_TOOL,
425,2,an,O,GET_NEW_TOOL,
425,3,extra,O,GET_NEW_TOOL,
425,4,brush,B-CLEANING_TOOL_TYPE,GET_NEW_TOOL,
425,5,for,O,GET_NEW_TOOL,
425,6,the,O,GET_NEW_TOOL,
425,7,task,O,GET_NEW_TOOL,
426,1,get,O,GET_NEW_TOOL,
426,2,an,O,GET_NEW_TOOL,
426,3,extra,O,GET_NEW_TOOL,
426,4,sole,B-REPAIR_TOOL_TYPE,GET_NEW_TOOL,
426,5,hammer,I-REPAIR_TOOL_TYPE,GET_NEW_TOOL,
426,6,for,O,GET_NEW_TOOL,
426,7,the,O,GET_NEW_TOOL,
426,8,task,O,GET_NEW_TOOL,
427,1,I,O,GET_NEW_TOOL,
427,2,need,O,GET_NEW_TOOL,
427,3,a,O,GET_NEW_TOOL,
427,4,new,O,GET_NEW_TOOL,
427,5,cleaner_8,B-OBJECT_ID,GET_NEW_TOOL,
428,1,we,O,GET_NEW_TOOL,
428,2,need,O,GET_NEW_TOOL,
428,3,another,O,GET_NEW_TOOL,
428,4,shoe_cleaner_5,B-OBJECT_ID,GET_NEW_TOOL,
429,1,get,O,GET_NEW_TOOL,
429,2,replacement,O,GET_NEW_TOOL,
429,3,needle_and_yarn_1,B-OBJECT_ID,GET_NEW_TOOL,
430,1,bring,O,GET_NEW_TOOL,
430,2,the,O,GET_NEW_TOOL,
430,3,next,O,GET_NEW_TOOL,
430,4,spray_t_3,B-OBJECT_ID,GET_NEW_TOOL,
430,5,from,O,GET_NEW_TOOL,
430,6,the,O,GET_NEW_TOOL,
430,7,tool,O,GET_NEW_TOOL,
430,8,area,O,GET_NEW_TOOL,
431,1,grab,O,GET_NEW_TOOL,
431,2,another,O,GET_NEW_TOOL,
431,3,waterproof_spray_4,B-OBJECT_ID,GET_NEW_TOOL,
432,1,please,O,GET_NEW_TOOL,
432,2,get,O,GET_NEW_TOOL,
432,3,another,O,GET_NEW_TOOL,
432,4,tool,O,GET_NEW_TOOL,
433,1,please,O,GET_NEW_TOOL,
433,2,get,O,GET_NEW_TOOL,
433,3,a,O,GET_NEW_TOOL,
433,4,fresh,O,GET_NEW_TOOL,
433,5,hammer_2,B-OBJECT_ID,GET_NEW_TOOL,
434,1,take,O,GET_NEW_TOOL,
434,2,a,O,GET_NEW_TOOL,
434,3,spare,O,GET_NEW_TOOL,
434,4,spray,B-IMPREGNATION_TOOL_TYPE,GET_NEW_TOOL,
434,5,from,O,GET_NEW_TOOL,
434,6,the,O,GET_NEW_TOOL,
434,7,box,O,GET_NEW_TOOL,
435,1,fetch,O,GET_NEW_TOOL,
435,2,some,O,GET_NEW_TOOL,
435,3,sole,B-REPAIR_TOOL_TYPE,GET_NEW_TOOL,
435,4,glue,I-REPAIR_TOOL_TYPE,GET_NEW_TOOL,
436,1,get,O,GET_NEW_TOOL,
436,2,an,O,GET_NEW_TOOL,
436,3,impregnation,O,GET_NEW_TOOL,
436,4,tool,O,GET_NEW_TOOL,
437,1,bring,O,GET_NEW_TOOL,
437,2,over,O,GET_NEW_TOOL,
437,3,a,O,GET_NEW_TOOL,
437,4,new,O,GET_NEW_TOOL,
437,5,sole,B-REPAIR_TOOL_TYPE,GET_NEW_TOOL,
437,6,glue,I-REPAIR_TOOL_TYPE,GET_NEW_TOOL,
438,1,bring,O,GET_NEW_TOOL,
438,2,a,O,GET_NEW_TOOL,
438,3,fresh,O,GET_NEW_TOOL,
438,4,cleaner_2,B-OBJECT_ID,GET_NEW_TOOL,
439,1,grab,O,GET_NEW_TOOL,
439,2,another,O,GET_NEW_TOOL,
439,3,hamme_2,B-OBJECT_ID,GET_NEW_TOOL,
440,1,please,O,GET_NEW_TOOL,
440,2,get,O,GET_NEW_TOOL,
440,3,a,O,GET_NEW_TOOL,
440,4,fresh,O,GET_NEW_TOOL,
440,5,sole,B-REPAIR_TOOL_TYPE,GET_NEW_TOOL,
440,6,glue,I-REPAIR_TOOL_TYPE,GET_NEW_TOOL,
441,1,fetch,O,GET_NEW_TOOL,
441,2,the,O,GET_NEW_TOOL,
441,3,next,O,GET_NEW_TOOL,
441,4,available,O,GET_NEW_TOOL,
441,5,rag,B-CLEANING_TOOL_TYPE,GET_NEW_TOOL,
442,1,fetch,O,GET_NEW_TOOL,
442,2,a,O,GET_NEW_TOOL,
442,3,replacement,O,GET_NEW_TOOL,
442,4,cream,B-IMPREGNATION_TOOL_TYPE,GET_NEW_TOOL,
443,1,get,O,GET_NEW_TOOL,
443,2,a,O,GET_NEW_TOOL,
443,3,repair_tool_6,B-OBJECT_ID,GET_NEW_TOOL,
443,4,for,O,GET_NEW_TOOL,
443,5,cleaning,O,GET_NEW_TOOL,
444,1,get,O,GET_NEW_TOOL,
444,2,replacement,O,GET_NEW_TOOL,
445,1,bring,O,GET_NEW_TOOL,
445,2,the,O,GET_NEW_TOOL,
445,3,next,O,GET_NEW_TOOL,
445,4,needle_1,B-OBJECT_ID,GET_NEW_TOOL,
445,5,from,O,GET_NEW_TOOL,
445,6,the,O,GET_NEW_TOOL,
445,7,tool,O,GET_NEW_TOOL,
445,8,area,O,GET_NEW_TOOL,
446,1,bring,O,GET_NEW_TOOL,
446,2,me,O,GET_NEW_TOOL,
446,3,a,O,GET_NEW_TOOL,
446,4,tool,O,GET_NEW_TOOL,
446,5,for,O,GET_NEW_TOOL,
446,6,this,O,GET_NEW_TOOL,
446,7,step,O,GET_NEW_TOOL,
447,1,fetch,O,GET_NEW_TOOL,
447,2,some,O,GET_NEW_TOOL,
447,3,cleaner,B-CLEANING_TOOL_TYPE,GET_NEW_TOOL,
448,1,replace,O,GET_NEW_TOOL,
448,2,the,O,GET_NEW_TOOL,
448,3,current,O,GET_NEW_TOOL,
448,4,tool,O,GET_NEW_TOOL,
448,5,with,O,GET_NEW_TOOL,
448,6,a,O,GET_NEW_TOOL,
448,7,new,O,GET_NEW_TOOL,
448,8,needle,B-REPAIR_TOOL_TYPE,GET_NEW_TOOL,
448,9,and,I-REPAIR_TOOL_TYPE,GET_NEW_TOOL,
448,10,yarn,I-REPAIR_TOOL_TYPE,GET_NEW_TOOL,
449,1,please,O,GET_NEW_TOOL,
449,2,get,O,GET_NEW_TOOL,
449,3,a,O,GET_NEW_TOOL,
449,4,fresh,O,GET_NEW_TOOL,
449,5,spray,B-IMPREGNATION_TOOL_TYPE,GET_NEW_TOOL,
450,1,get,O,GET_NEW_TOOL,
450,2,another,O,GET_NEW_TOOL,
450,3,cream,B-IMPREGNATION_TOOL_TYPE,GET_NEW_TOOL,
450,4,from,O,GET_NEW_TOOL,
450,5,the,O,GET_NEW_TOOL,
450,6,tool,O,GET_NEW_TOOL,
450,7,area,O,GET_NEW_TOOL,
451,1,please,O,GET_NEW_TOOL,
451,2,fetch,O,GET_NEW_TOOL,
451,3,a,O,GET_NEW_TOOL,
451,4,brush,B-CLEANING_TOOL_TYPE,GET_NEW_TOOL,
451,5,from,O,GET_NEW_TOOL,
451,6,the,O,GET_NEW_TOOL,
451,7,tool,O,GET_NEW_TOOL,
451,8,box,O,GET_NEW_TOOL,
452,1,take,O,GET_NEW_TOOL,
452,2,a,O,GET_NEW_TOOL,
452,3,new,O,GET_NEW_TOOL,
452,4,yarn_needle_4,B-OBJECT_ID,GET_NEW_TOOL,
452,5,from,O,GET_NEW_TOOL,
452,6,the,O,GET_NEW_TOOL,
452,7,tools,O,GET_NEW_TOOL,
453,1,replace,O,GET_NEW_TOOL,
453,2,the,O,GET_NEW_TOOL,
453,3,current,O,GET_NEW_TOOL,
453,4,tool,O,GET_NEW_TOOL,
453,5,with,O,GET_NEW_TOOL,
453,6,a,O,GET_NEW_TOOL,
453,7,new,O,GET_NEW_TOOL,
453,8,sole,B-REPAIR_TOOL_TYPE,GET_NEW_TOOL,
453,9,glue,I-REPAIR_TOOL_TYPE,GET_NEW_TOOL,
454,1,please,O,GET_NEW_TOOL,
454,2,fetch,O,GET_NEW_TOOL,
454,3,a,O,GET_NEW_TOOL,
454,4,sole,B-REPAIR_TOOL_TYPE,GET_NEW_TOOL,
454,5,glue,I-REPAIR_TOOL_TYPE,GET_NEW_TOOL,
454,6,from,O,GET_NEW_TOOL,
454,7,the,O,GET_NEW_TOOL,
454,8,tool,O,GET_NEW_TOOL,
454,9,box,O,GET_NEW_TOOL,
455,1,replace,O,GET_NEW_TOOL,
455,2,the,O,GET_NEW_TOOL,
455,3,current,O,GET_NEW_TOOL,
455,4,tool,O,GET_NEW_TOOL,
455,5,with,O,GET_NEW_TOOL,
455,6,a,O,GET_NEW_TOOL,
455,7,new,O,GET_NEW_TOOL,
455,8,rag,B-CLEANING_TOOL_TYPE,GET_NEW_TOOL,
456,1,find,O,GET_NEW_TOOL,
456,2,another,O,GET_NEW_TOOL,
456,3,brush,B-CLEANING_TOOL_TYPE,GET_NEW_TOOL,
456,4,for,O,GET_NEW_TOOL,
456,5,me,O,GET_NEW_TOOL,
457,1,bring,O,GET_NEW_TOOL,
457,2,me,O,GET_NEW_TOOL,
457,3,the,O,GET_NEW_TOOL,
457,4,spare,O,GET_NEW_TOOL,
457,5,cream_6,B-OBJECT_ID,GET_NEW_TOOL,
458,1,take,O,GET_NEW_TOOL,
458,2,a,O,GET_NEW_TOOL,
458,3,sole,B-REPAIR_TOOL_TYPE,GET_NEW_TOOL,
458,4,hammer,I-REPAIR_TOOL_TYPE,GET_NEW_TOOL,
458,5,from,O,GET_NEW_TOOL,
458,6,the,O,GET_NEW_TOOL,
458,7,tool,O,GET_NEW_TOOL,
458,8,box,O,GET_NEW_TOOL,
459,1,grab,O,GET_NEW_TOOL,
459,2,brush_1,B-OBJECT_ID,GET_NEW_TOOL,
459,3,before,O,GET_NEW_TOOL,
459,4,we,O,GET_NEW_TOOL,
459,5,continue,O,GET_NEW_TOOL,
460,1,bring,O,GET_NEW_TOOL,
460,2,a,O,GET_NEW_TOOL,
460,3,fresh,O,GET_NEW_TOOL,
460,4,glue_1,B-OBJECT_ID,GET_NEW_TOOL,
461,1,find,O,GET_NEW_TOOL,
461,2,another,O,GET_NEW_TOOL,
461,3,repair_hammer_8,B-OBJECT_ID,GET_NEW_TOOL,
461,4,inside,O,GET_NEW_TOOL,
461,5,the,O,GET_NEW_TOOL,
461,6,tool,O,GET_NEW_TOOL,
461,7,area,O,GET_NEW_TOOL,
461,8,for,O,GET_NEW_TOOL,
461,9,me,O,GET_NEW_TOOL,
462,1,we,O,GET_NEW_TOOL,
462,2,need,O,GET_NEW_TOOL,
462,3,another,O,GET_NEW_TOOL,
462,4,brush,B-CLEANING_TOOL_TYPE,GET_NEW_TOOL,
463,1,bring,O,GET_NEW_TOOL,
463,2,me,O,GET_NEW_TOOL,
463,3,a,O,GET_NEW_TOOL,
463,4,new,O,GET_NEW_TOOL,
463,5,cream_6,B-OBJECT_ID,GET_NEW_TOOL,
464,1,grab,O,GET_NEW_TOOL,
464,2,a,O,GET_NEW_TOOL,
464,3,spare,O,GET_NEW_TOOL,
464,4,spray,B-IMPREGNATION_TOOL_TYPE,GET_NEW_TOOL,
464,5,before,O,GET_NEW_TOOL,
464,6,we,O,GET_NEW_TOOL,
464,7,continue,O,GET_NEW_TOOL,
465,1,please,O,GET_NEW_TOOL,
465,2,fetch,O,GET_NEW_TOOL,
465,3,a,O,GET_NEW_TOOL,
465,4,spray,B-IMPREGNATION_TOOL_TYPE,GET_NEW_TOOL,
465,5,from,O,GET_NEW_TOOL,
465,6,the,O,GET_NEW_TOOL,
465,7,tool,O,GET_NEW_TOOL,
465,8,box,O,GET_NEW_TOOL,
466,1,bring,O,GET_NEW_TOOL,
466,2,the,O,GET_NEW_TOOL,
466,3,next,O,GET_NEW_TOOL,
466,4,sole,B-REPAIR_TOOL_TYPE,GET_NEW_TOOL,
466,5,hammer,I-REPAIR_TOOL_TYPE,GET_NEW_TOOL,
466,6,from,O,GET_NEW_TOOL,
466,7,the,O,GET_NEW_TOOL,
466,8,tool,O,GET_NEW_TOOL,
466,9,area,O,GET_NEW_TOOL,
467,1,we,O,GET_NEW_TOOL,
467,2,need,O,GET_NEW_TOOL,
467,3,another,O,GET_NEW_TOOL,
467,4,needle,B-REPAIR_TOOL_TYPE,GET_NEW_TOOL,
467,5,and,I-REPAIR_TOOL_TYPE,GET_NEW_TOOL,
467,6,yarn,I-REPAIR_TOOL_TYPE,GET_NEW_TOOL,
468,1,get,O,GET_NEW_TOOL,
468,2,a,O,GET_NEW_TOOL,
468,3,brush,B-CLEANING_TOOL_TYPE,GET_NEW_TOOL,
469,1,we,O,GET_NEW_TOOL,
469,2,need,O,GET_NEW_TOOL,
469,3,another,O,GET_NEW_TOOL,
469,4,spray,B-IMPREGNATION_TOOL_TYPE,GET_NEW_TOOL,
470,1,find,O,GET_NEW_TOOL,
470,2,a,O,GET_NEW_TOOL,
470,3,new,O,GET_NEW_TOOL,
470,4,cleaning_brush_3,B-OBJECT_ID,GET_NEW_TOOL,
470,5,in,O,GET_NEW_TOOL,
470,6,the,O,GET_NEW_TOOL,
470,7,tool,O,GET_NEW_TOOL,
470,8,box,O,GET_NEW_TOOL,
471,1,could,O,GET_NEW_TOOL,
471,2,you,O,GET_NEW_TOOL,
471,3,get,O,GET_NEW_TOOL,
471,4,a,O,GET_NEW_TOOL,
471,5,cleaning,O,GET_NEW_TOOL,
471,6,tool,O,GET_NEW_TOOL,
471,7,maybe,O,GET_NEW_TOOL,
471,8,like,O,GET_NEW_TOOL,
471,9,brush_12,B-OBJECT_ID,GET_NEW_TOOL,
471,10,from,O,GET_NEW_TOOL,
471,11,the,O,GET_NEW_TOOL,
471,12,box,O,GET_NEW_TOOL,
472,1,I,O,GET_NEW_TOOL,
472,2,need,O,GET_NEW_TOOL,
472,3,a,O,GET_NEW_TOOL,
472,4,new,O,GET_NEW_TOOL,
472,5,spray_7,B-OBJECT_ID,GET_NEW_TOOL,
472,6,or,O,GET_NEW_TOOL,
472,7,something,O,GET_NEW_TOOL,
472,8,similar,O,GET_NEW_TOOL,
472,9,for,O,GET_NEW_TOOL,
472,10,waterproofing,O,GET_NEW_TOOL,
473,1,please,O,GET_NEW_TOOL,
473,2,fetch,O,GET_NEW_TOOL,
473,3,another,O,GET_NEW_TOOL,
473,4,sole,B-REPAIR_TOOL_TYPE,GET_NEW_TOOL,
473,5,glue,I-REPAIR_TOOL_TYPE,GET_NEW_TOOL,
473,6,for,O,GET_NEW_TOOL,
473,7,the,O,GET_NEW_TOOL,
473,8,repair,O,GET_NEW_TOOL,
474,1,can,O,GET_NEW_TOOL,
474,2,you,O,GET_NEW_TOOL,
474,3,bring,O,GET_NEW_TOOL,
474,4,in,O,GET_NEW_TOOL,
474,5,a,O,GET_NEW_TOOL,
474,6,fresh,O,GET_NEW_TOOL,
474,7,rag_4,B-OBJECT_ID,GET_NEW_TOOL,
474,8,from,O,GET_NEW_TOOL,
474,9,the,O,GET_NEW_TOOL,
474,10,infinite,O,GET_NEW_TOOL,
474,11,tool,O,GET_NEW_TOOL,
474,12,box,O,GET_NEW_TOOL,
475,1,get,O,GET_NEW_TOOL,
475,2,me,O,GET_NEW_TOOL,
475,3,a,O,GET_NEW_TOOL,
475,4,tool,O,GET_NEW_TOOL,
475,5,that,O,GET_NEW_TOOL,
475,6,can,O,GET_NEW_TOOL,
475,7,clean,O,GET_NEW_TOOL,
475,8,a,O,GET_NEW_TOOL,
475,9,muddy,O,GET_NEW_TOOL,
475,10,shoe,O,GET_NEW_TOOL,
476,1,I,O,GET_NEW_TOOL,
476,2,want,O,GET_NEW_TOOL,
476,3,a,O,GET_NEW_TOOL,
476,4,replacement,O,GET_NEW_TOOL,
476,5,needle_and_yarn_2,B-OBJECT_ID,GET_NEW_TOOL,
476,6,for,O,GET_NEW_TOOL,
476,7,fixing,O,GET_NEW_TOOL,
476,8,material,O,GET_NEW_TOOL,
477,1,please,O,GET_NEW_TOOL,
477,2,find,O,GET_NEW_TOOL,
477,3,a,O,GET_NEW_TOOL,
477,4,new,O,GET_NEW_TOOL,
477,5,cream_5,B-OBJECT_ID,GET_NEW_TOOL,
477,6,inside,O,GET_NEW_TOOL,
477,7,the,O,GET_NEW_TOOL,
477,8,tool,O,GET_NEW_TOOL,
477,9,area,O,GET_NEW_TOOL,
478,1,bring,O,GET_NEW_TOOL,
478,2,whatever,O,GET_NEW_TOOL,
478,3,repair,O,GET_NEW_TOOL,
478,4,tool,O,GET_NEW_TOOL,
478,5,is,O,GET_NEW_TOOL,
478,6,needed,O,GET_NEW_TOOL,
478,7,for,O,GET_NEW_TOOL,
478,8,a,O,GET_NEW_TOOL,
478,9,loose,O,GET_NEW_TOOL,
478,10,sole,O,GET_NEW_TOOL,
479,1,could,O,GET_NEW_TOOL,
479,2,you,O,GET_NEW_TOOL,
479,3,take,O,GET_NEW_TOOL,
479,4,out,O,GET_NEW_TOOL,
479,5,another,O,GET_NEW_TOOL,
479,6,cleaner,B-CLEANING_TOOL_TYPE,GET_NEW_TOOL,
479,7,from,O,GET_NEW_TOOL,
479,8,the,O,GET_NEW_TOOL,
479,9,tool,O,GET_NEW_TOOL,
479,10,box,O,GET_NEW_TOOL,
480,1,we,O,GET_NEW_TOOL,
480,2,need,O,GET_NEW_TOOL,
480,3,a,O,GET_NEW_TOOL,
480,4,fresh,O,GET_NEW_TOOL,
480,5,tool,O,GET_NEW_TOOL,
480,6,before,O,GET_NEW_TOOL,
480,7,continuing,O,GET_NEW_TOOL,
480,8,with,O,GET_NEW_TOOL,
480,9,the,O,GET_NEW_TOOL,
480,10,boot,O,GET_NEW_TOOL,
481,1,go,O,GO_ON_WALK,
481,2,on,O,GO_ON_WALK,
481,3,a,O,GO_ON_WALK,
481,4,run,O,GO_ON_WALK,
481,5,with,O,GO_ON_WALK,
481,6,the,O,GO_ON_WALK,
481,7,green,B-COLOR,GO_ON_WALK,
481,8,mid,B-SHOE_HEIGHT,GO_ON_WALK,
481,9,sandal_3,B-OBJECT_ID,GO_ON_WALK,
481,10,next,B-NEXT_TO_RELATION,GO_ON_WALK,
481,11,to,I-NEXT_TO_RELATION,GO_ON_WALK,
481,12,the,O,GO_ON_WALK,
481,13,brown,B-COLOR,GO_ON_WALK,
481,14,sandal,B-SHOE_TYPE,GO_ON_WALK,
482,1,take,O,GO_ON_WALK,
482,2,the,O,GO_ON_WALK,
482,3,canvas,B-MATERIAL,GO_ON_WALK,
482,4,sneaker,B-SHOE_TYPE,GO_ON_WALK,
482,5,outside,O,GO_ON_WALK,
482,6,for,O,GO_ON_WALK,
482,7,a,O,GO_ON_WALK,
482,8,short,B-WALK_LENGTH,GO_ON_WALK,
482,9,walk,O,GO_ON_WALK,
483,1,please,O,GO_ON_WALK,
483,2,take,O,GO_ON_WALK,
483,3,brown_sandal_4,B-OBJECT_ID,GO_ON_WALK,
483,4,on,O,GO_ON_WALK,
483,5,a,O,GO_ON_WALK,
483,6,walk,O,GO_ON_WALK,
484,1,go,O,GO_ON_WALK,
484,2,for,O,GO_ON_WALK,
484,3,a,O,GO_ON_WALK,
484,4,walk,O,GO_ON_WALK,
484,5,in,O,GO_ON_WALK,
484,6,the,O,GO_ON_WALK,
484,7,garage,B-WALK_PLACE,GO_ON_WALK,
484,8,wearing,O,GO_ON_WALK,
484,9,the,O,GO_ON_WALK,
484,10,leather,B-MATERIAL,GO_ON_WALK,
484,11,sneaker_4,B-OBJECT_ID,GO_ON_WALK,
484,12,next,B-NEXT_TO_RELATION,GO_ON_WALK,
484,13,to,I-NEXT_TO_RELATION,GO_ON_WALK,
484,14,sneaker_12,B-OBJECT_ID,GO_ON_WALK,
485,1,take,O,GO_ON_WALK,
485,2,rubber_sandal_6,B-OBJECT_ID,GO_ON_WALK,
485,3,outside,O,GO_ON_WALK,
485,4,for,O,GO_ON_WALK,
485,5,a,O,GO_ON_WALK,
485,6,medium,B-WALK_LENGTH,GO_ON_WALK,
485,7,walk,O,GO_ON_WALK,
486,1,walk,O,GO_ON_WALK,
486,2,through,O,GO_ON_WALK,
486,3,the,O,GO_ON_WALK,
486,4,park,B-WALK_PLACE,GO_ON_WALK,
486,5,in,O,GO_ON_WALK,
486,6,sunny,B-WALK_WEATHER,GO_ON_WALK,
486,7,weather,I-WALK_WEATHER,GO_ON_WALK,
486,8,with,O,GO_ON_WALK,
486,9,blue_sneaker_4,B-OBJECT_ID,GO_ON_WALK,
487,1,hike,O,GO_ON_WALK,
487,2,through,O,GO_ON_WALK,
487,3,the,O,GO_ON_WALK,
487,4,forest,B-WALK_PLACE,GO_ON_WALK,
487,5,with,O,GO_ON_WALK,
487,6,the,O,GO_ON_WALK,
487,7,blue,B-COLOR,GO_ON_WALK,
487,8,sandal,B-SHOE_TYPE,GO_ON_WALK,
487,9,next,B-NEXT_TO_RELATION,GO_ON_WALK,
487,10,to,I-NEXT_TO_RELATION,GO_ON_WALK,
487,11,the,O,GO_ON_WALK,
487,12,cleaning,O,GO_ON_WALK,
487,13,brush,B-CLEANING_TOOL_TYPE,GO_ON_WALK,
488,1,go,O,GO_ON_WALK,
488,2,for,O,GO_ON_WALK,
488,3,a,O,GO_ON_WALK,
488,4,walk,O,GO_ON_WALK,
488,5,in,O,GO_ON_WALK,
488,6,the,O,GO_ON_WALK,
488,7,parking,B-WALK_PLACE,GO_ON_WALK,
488,8,lot,I-WALK_PLACE,GO_ON_WALK,
488,9,wearing,O,GO_ON_WALK,
488,10,the,O,GO_ON_WALK,
488,11,sandal,B-SHOE_TYPE,GO_ON_WALK,
489,1,take,O,GO_ON_WALK,
489,2,a,O,GO_ON_WALK,
489,3,short,B-WALK_LENGTH,GO_ON_WALK,
489,4,walk,O,GO_ON_WALK,
489,5,in,O,GO_ON_WALK,
489,6,rainy,B-WALK_WEATHER,GO_ON_WALK,
489,7,weather,I-WALK_WEATHER,GO_ON_WALK,
489,8,with,O,GO_ON_WALK,
489,9,the,O,GO_ON_WALK,
489,10,yellow,B-COLOR,GO_ON_WALK,
489,11,sandal,B-SHOE_TYPE,GO_ON_WALK,
490,1,go,O,GO_ON_WALK,
490,2,around,O,GO_ON_WALK,
490,3,the,O,GO_ON_WALK,
490,4,garden,B-WALK_PLACE,GO_ON_WALK,
490,5,with,O,GO_ON_WALK,
490,6,the,O,GO_ON_WALK,
490,7,rubber,B-MATERIAL,GO_ON_WALK,
490,8,sneaker,B-SHOE_TYPE,GO_ON_WALK,
491,1,walk,O,GO_ON_WALK,
491,2,through,O,GO_ON_WALK,
491,3,the,O,GO_ON_WALK,
491,4,playground,B-WALK_PLACE,GO_ON_WALK,
491,5,in,O,GO_ON_WALK,
491,6,rainy,B-WALK_WEATHER,GO_ON_WALK,
491,7,weather,I-WALK_WEATHER,GO_ON_WALK,
491,8,with,O,GO_ON_WALK,
491,9,the,O,GO_ON_WALK,
491,10,black,B-COLOR,GO_ON_WALK,
491,11,suede,B-MATERIAL,GO_ON_WALK,
491,12,sandal,B-SHOE_TYPE,GO_ON_WALK,
491,13,next,B-NEXT_TO_RELATION,GO_ON_WALK,
491,14,to,I-NEXT_TO_RELATION,GO_ON_WALK,
491,15,spray_7,B-OBJECT_ID,GO_ON_WALK,
492,1,please,O,GO_ON_WALK,
492,2,take,O,GO_ON_WALK,
492,3,the,O,GO_ON_WALK,
492,4,blue,B-COLOR,GO_ON_WALK,
492,5,sandal,B-SHOE_TYPE,GO_ON_WALK,
492,6,on,O,GO_ON_WALK,
492,7,a,O,GO_ON_WALK,
492,8,walk,O,GO_ON_WALK,
493,1,head,O,GO_ON_WALK,
493,2,to,O,GO_ON_WALK,
493,3,the,O,GO_ON_WALK,
493,4,playground,B-WALK_PLACE,GO_ON_WALK,
493,5,with,O,GO_ON_WALK,
493,6,the,O,GO_ON_WALK,
493,7,sandal,B-SHOE_TYPE,GO_ON_WALK,
493,8,for,O,GO_ON_WALK,
493,9,a,O,GO_ON_WALK,
493,10,short,B-WALK_LENGTH,GO_ON_WALK,
493,11,walk,O,GO_ON_WALK,
494,1,please,O,GO_ON_WALK,
494,2,take,O,GO_ON_WALK,
494,3,the,O,GO_ON_WALK,
494,4,black,B-COLOR,GO_ON_WALK,
494,5,leather,B-MATERIAL,GO_ON_WALK,
494,6,sandal,B-SHOE_TYPE,GO_ON_WALK,
494,7,next,B-NEXT_TO_RELATION,GO_ON_WALK,
494,8,to,I-NEXT_TO_RELATION,GO_ON_WALK,
494,9,the,O,GO_ON_WALK,
494,10,sole,B-REPAIR_TOOL_TYPE,GO_ON_WALK,
494,11,hammer,I-REPAIR_TOOL_TYPE,GO_ON_WALK,
494,12,on,O,GO_ON_WALK,
494,13,a,O,GO_ON_WALK,
494,14,walk,O,GO_ON_WALK,
495,1,take,O,GO_ON_WALK,
495,2,the,O,GO_ON_WALK,
495,3,black,B-COLOR,GO_ON_WALK,
495,4,sneaker,B-SHOE_TYPE,GO_ON_WALK,
495,5,out,O,GO_ON_WALK,
495,6,on,O,GO_ON_WALK,
495,7,the,O,GO_ON_WALK,
495,8,trail,B-WALK_PLACE,GO_ON_WALK,
496,1,walk,O,GO_ON_WALK,
496,2,through,O,GO_ON_WALK,
496,3,the,O,GO_ON_WALK,
496,4,street,B-WALK_PLACE,GO_ON_WALK,
496,5,in,O,GO_ON_WALK,
496,6,rainy,B-WALK_WEATHER,GO_ON_WALK,
496,7,weather,I-WALK_WEATHER,GO_ON_WALK,
496,8,with,O,GO_ON_WALK,
496,9,the,O,GO_ON_WALK,
496,10,suede,B-MATERIAL,GO_ON_WALK,
496,11,sandal_3,B-OBJECT_ID,GO_ON_WALK,
497,1,take,O,GO_ON_WALK,
497,2,a,O,GO_ON_WALK,
497,3,medium,B-WALK_LENGTH,GO_ON_WALK,
497,4,walk,O,GO_ON_WALK,
497,5,in,O,GO_ON_WALK,
497,6,rainy,B-WALK_WEATHER,GO_ON_WALK,
497,7,weather,I-WALK_WEATHER,GO_ON_WALK,
497,8,with,O,GO_ON_WALK,
497,9,the,O,GO_ON_WALK,
497,10,yellow,B-COLOR,GO_ON_WALK,
497,11,boot,B-SHOE_TYPE,GO_ON_WALK,
497,12,next,B-NEXT_TO_RELATION,GO_ON_WALK,
497,13,to,I-NEXT_TO_RELATION,GO_ON_WALK,
497,14,the,O,GO_ON_WALK,
497,15,black,B-COLOR,GO_ON_WALK,
497,16,boot,B-SHOE_TYPE,GO_ON_WALK,
497,17,in,B-LOCATION_RELATION,GO_ON_WALK,
497,18,the,O,GO_ON_WALK,
497,19,drying,B-OBJECT_LOCATION,GO_ON_WALK,
497,20,area,I-OBJECT_LOCATION,GO_ON_WALK,
498,1,use,O,GO_ON_WALK,
498,2,leather_boot_3,B-OBJECT_ID,GO_ON_WALK,
498,3,for,O,GO_ON_WALK,
498,4,a,O,GO_ON_WALK,
498,5,walk,O,GO_ON_WALK,
498,6,in,O,GO_ON_WALK,
498,7,the,O,GO_ON_WALK,
498,8,beach,B-WALK_PLACE,GO_ON_WALK,
499,1,go,O,GO_ON_WALK,
499,2,walking,O,GO_ON_WALK,
499,3,with,O,GO_ON_WALK,
499,4,the,O,GO_ON_WALK,
499,5,shoe_4,B-OBJECT_ID,GO_ON_WALK,
500,1,go,O,GO_ON_WALK,
500,2,for,O,GO_ON_WALK,
500,3,a,O,GO_ON_WALK,
500,4,jog,O,GO_ON_WALK,
500,5,with,O,GO_ON_WALK,
500,6,the,O,GO_ON_WALK,
500,7,white,B-COLOR,GO_ON_WALK,
500,8,sneaker,B-SHOE_TYPE,GO_ON_WALK,
500,9,next,B-NEXT_TO_RELATION,GO_ON_WALK,
500,10,to,I-NEXT_TO_RELATION,GO_ON_WALK,
500,11,rag_4,B-OBJECT_ID,GO_ON_WALK,
500,12,on,B-LOCATION_RELATION,GO_ON_WALK,
500,13,the,O,GO_ON_WALK,
500,14,floor,B-OBJECT_LOCATION,GO_ON_WALK,
501,1,go,O,GO_ON_WALK,
501,2,for,O,GO_ON_WALK,
501,3,a,O,GO_ON_WALK,
501,4,walk,O,GO_ON_WALK,
501,5,in,O,GO_ON_WALK,
501,6,the,O,GO_ON_WALK,
501,7,garden,B-WALK_PLACE,GO_ON_WALK,
501,8,wearing,O,GO_ON_WALK,
501,9,the,O,GO_ON_WALK,
501,10,green,B-COLOR,GO_ON_WALK,
501,11,boot,B-SHOE_TYPE,GO_ON_WALK,
502,1,take,O,GO_ON_WALK,
502,2,sandal_88,B-OBJECT_ID,GO_ON_WALK,
502,3,out,O,GO_ON_WALK,
502,4,on,O,GO_ON_WALK,
502,5,the,O,GO_ON_WALK,
502,6,trail,B-WALK_PLACE,GO_ON_WALK,
503,1,use,O,GO_ON_WALK,
503,2,the,O,GO_ON_WALK,
503,3,red,B-COLOR,GO_ON_WALK,
503,4,boot,B-SHOE_TYPE,GO_ON_WALK,
503,5,next,B-NEXT_TO_RELATION,GO_ON_WALK,
503,6,to,O,GO_ON_WALK,
503,6,the,O,GO_ON_WALK,
503,6,white,I-NEXT_TO_RELATION,GO_ON_WALK,
503,7,cream_5,B-OBJECT_ID,GO_ON_WALK,
503,8,inside,B-LOCATION_RELATION,GO_ON_WALK,
503,9,the,O,GO_ON_WALK,
503,10,floor,B-OBJECT_LOCATION,GO_ON_WALK,
503,11,box,I-OBJECT_LOCATION,GO_ON_WALK,
503,12,for,O,GO_ON_WALK,
503,13,a,O,GO_ON_WALK,
503,14,walk,O,GO_ON_WALK,
503,15,in,O,GO_ON_WALK,
503,16,the,O,GO_ON_WALK,
503,17,park,B-WALK_PLACE,GO_ON_WALK,
504,1,please,O,GO_ON_WALK,
504,2,take,O,GO_ON_WALK,
504,3,the,O,GO_ON_WALK,
504,4,yellow,B-COLOR,GO_ON_WALK,
504,5,sneaker_6,B-OBJECT_ID,GO_ON_WALK,
504,6,on,O,GO_ON_WALK,
504,7,a,O,GO_ON_WALK,
504,8,walk,O,GO_ON_WALK,
505,1,take,O,GO_ON_WALK,
505,2,a,O,GO_ON_WALK,
505,3,short,B-WALK_LENGTH,GO_ON_WALK,
505,4,walk,O,GO_ON_WALK,
505,5,in,O,GO_ON_WALK,
505,6,sunny,B-WALK_WEATHER,GO_ON_WALK,
505,7,weather,I-WALK_WEATHER,GO_ON_WALK,
505,8,with,O,GO_ON_WALK,
505,9,the,O,GO_ON_WALK,
505,10,sneaker_1,B-OBJECT_ID,GO_ON_WALK,
506,1,go,O,GO_ON_WALK,
506,2,on,O,GO_ON_WALK,
506,3,a,O,GO_ON_WALK,
506,4,run,O,GO_ON_WALK,
506,5,with,O,GO_ON_WALK,
506,6,the,O,GO_ON_WALK,
506,7,red,B-COLOR,GO_ON_WALK,
506,8,canvas,B-MATERIAL,GO_ON_WALK,
506,9,high,B-SHOE_HEIGHT,GO_ON_WALK,
506,10,sandal_3,B-OBJECT_ID,GO_ON_WALK,
506,11,next,B-NEXT_TO_RELATION,GO_ON_WALK,
506,12,to,I-NEXT_TO_RELATION,GO_ON_WALK,
506,13,the,O,GO_ON_WALK,
506,14,blue,B-COLOR,GO_ON_WALK,
506,15,sneaker,B-SHOE_TYPE,GO_ON_WALK,
506,16,on,B-LOCATION_RELATION,GO_ON_WALK,
506,17,the,O,GO_ON_WALK,
506,18,middle,B-OBJECT_LOCATION,GO_ON_WALK,
506,19,shelf,I-OBJECT_LOCATION,GO_ON_WALK,
507,1,go,O,GO_ON_WALK,
507,2,for,O,GO_ON_WALK,
507,3,a,O,GO_ON_WALK,
507,4,jog,O,GO_ON_WALK,
507,5,with,O,GO_ON_WALK,
507,6,the,O,GO_ON_WALK,
507,7,blue,B-COLOR,GO_ON_WALK,
507,8,boot_5,B-OBJECT_ID,GO_ON_WALK,
508,1,take,O,GO_ON_WALK,
508,2,a,O,GO_ON_WALK,
508,3,walk,O,GO_ON_WALK,
508,4,with,O,GO_ON_WALK,
508,5,the,O,GO_ON_WALK,
508,6,red,B-COLOR,GO_ON_WALK,
508,7,sneaker,B-SHOE_TYPE,GO_ON_WALK,
508,8,on,O,GO_ON_WALK,
508,9,a,O,GO_ON_WALK,
508,10,sunny,B-WALK_WEATHER,GO_ON_WALK,
508,11,street,B-WALK_PLACE,GO_ON_WALK,
509,1,go,O,GO_ON_WALK,
509,2,for,O,GO_ON_WALK,
509,3,a,O,GO_ON_WALK,
509,4,jog,O,GO_ON_WALK,
509,5,with,O,GO_ON_WALK,
509,6,the,O,GO_ON_WALK,
509,7,white,B-COLOR,GO_ON_WALK,
509,8,boot,B-SHOE_TYPE,GO_ON_WALK,
510,1,walk,O,GO_ON_WALK,
510,2,through,O,GO_ON_WALK,
510,3,the,O,GO_ON_WALK,
510,4,street,B-WALK_PLACE,GO_ON_WALK,
510,5,in,O,GO_ON_WALK,
510,6,rainy,B-WALK_WEATHER,GO_ON_WALK,
510,7,weather,I-WALK_WEATHER,GO_ON_WALK,
510,8,with,O,GO_ON_WALK,
510,9,the,O,GO_ON_WALK,
510,10,rubber,B-MATERIAL,GO_ON_WALK,
510,11,sneaker,B-SHOE_TYPE,GO_ON_WALK,
510,12,next,B-NEXT_TO_RELATION,GO_ON_WALK,
510,13,to,I-NEXT_TO_RELATION,GO_ON_WALK,
510,14,sole_glue_3,B-OBJECT_ID,GO_ON_WALK,
510,15,in,B-LOCATION_RELATION,GO_ON_WALK,
510,16,the,O,GO_ON_WALK,
510,17,floor,B-OBJECT_LOCATION,GO_ON_WALK,
510,18,box,I-OBJECT_LOCATION,GO_ON_WALK,
511,1,go,O,GO_ON_WALK,
511,2,outside,O,GO_ON_WALK,
511,3,with,O,GO_ON_WALK,
511,4,the,O,GO_ON_WALK,
511,5,white,B-COLOR,GO_ON_WALK,
511,6,suede,B-MATERIAL,GO_ON_WALK,
511,7,sandal,B-SHOE_TYPE,GO_ON_WALK,
511,8,for,O,GO_ON_WALK,
511,9,a,O,GO_ON_WALK,
511,10,walk,O,GO_ON_WALK,
512,1,hike,O,GO_ON_WALK,
512,2,through,O,GO_ON_WALK,
512,3,the,O,GO_ON_WALK,
512,4,street,B-WALK_PLACE,GO_ON_WALK,
512,5,with,O,GO_ON_WALK,
512,6,the,O,GO_ON_WALK,
512,7,brown,B-COLOR,GO_ON_WALK,
512,8,sandal,B-SHOE_TYPE,GO_ON_WALK,
513,1,hike,O,GO_ON_WALK,
513,2,through,O,GO_ON_WALK,
513,3,the,O,GO_ON_WALK,
513,4,construction,B-WALK_PLACE,GO_ON_WALK,
513,5,site,I-WALK_PLACE,GO_ON_WALK,
513,6,with,O,GO_ON_WALK,
513,7,the,O,GO_ON_WALK,
513,8,sneaker,B-SHOE_TYPE,GO_ON_WALK,
513,9,in,B-LOCATION_RELATION,GO_ON_WALK,
513,10,the,O,GO_ON_WALK,
513,11,drying,B-OBJECT_LOCATION,GO_ON_WALK,
513,12,area,I-OBJECT_LOCATION,GO_ON_WALK,
513,13,next,B-NEXT_TO_RELATION,GO_ON_WALK,
513,14,to,I-NEXT_TO_RELATION,GO_ON_WALK,
513,15,the,O,GO_ON_WALK,
513,16,red,B-COLOR,GO_ON_WALK,
513,17,boot,B-SHOE_TYPE,GO_ON_WALK,
514,1,take,O,GO_ON_WALK,
514,2,the,O,GO_ON_WALK,
514,3,black,B-COLOR,GO_ON_WALK,
514,4,sandal,B-SHOE_TYPE,GO_ON_WALK,
514,5,outside,O,GO_ON_WALK,
514,6,for,O,GO_ON_WALK,
514,7,a,O,GO_ON_WALK,
514,8,short,B-WALK_LENGTH,GO_ON_WALK,
514,9,walk,O,GO_ON_WALK,
515,1,go,O,GO_ON_WALK,
515,2,on,O,GO_ON_WALK,
515,3,a,O,GO_ON_WALK,
515,4,run,O,GO_ON_WALK,
515,5,with,O,GO_ON_WALK,
515,6,the,O,GO_ON_WALK,
515,7,blue,B-COLOR,GO_ON_WALK,
515,8,sneaker,B-SHOE_TYPE,GO_ON_WALK,
516,1,go,O,GO_ON_WALK,
516,2,strolling,O,GO_ON_WALK,
516,3,in,O,GO_ON_WALK,
516,4,the,O,GO_ON_WALK,
516,5,city,B-WALK_PLACE,GO_ON_WALK,
516,6,with,O,GO_ON_WALK,
516,7,the,O,GO_ON_WALK,
516,8,green,B-COLOR,GO_ON_WALK,
516,9,sneaker,B-SHOE_TYPE,GO_ON_WALK,
516,10,on,B-LOCATION_RELATION,GO_ON_WALK,
516,11,the,O,GO_ON_WALK,
516,12,top,B-OBJECT_LOCATION,GO_ON_WALK,
516,13,shelf,I-OBJECT_LOCATION,GO_ON_WALK,
516,14,next,B-NEXT_TO_RELATION,GO_ON_WALK,
516,15,to,I-NEXT_TO_RELATION,GO_ON_WALK,
516,16,brush_12,B-OBJECT_ID,GO_ON_WALK,
517,1,go,O,GO_ON_WALK,
517,2,strolling,O,GO_ON_WALK,
517,3,in,O,GO_ON_WALK,
517,4,the,O,GO_ON_WALK,
517,5,city,B-WALK_PLACE,GO_ON_WALK,
517,6,with,O,GO_ON_WALK,
517,7,the,O,GO_ON_WALK,
517,8,brown,B-COLOR,GO_ON_WALK,
517,9,boot,B-SHOE_TYPE,GO_ON_WALK,
518,1,take,O,GO_ON_WALK,
518,2,the,O,GO_ON_WALK,
518,3,white,B-COLOR,GO_ON_WALK,
518,4,sandal,B-SHOE_TYPE,GO_ON_WALK,
518,5,outside,O,GO_ON_WALK,
518,6,for,O,GO_ON_WALK,
518,7,a,O,GO_ON_WALK,
518,8,long,B-WALK_LENGTH,GO_ON_WALK,
518,9,walk,O,GO_ON_WALK,
519,1,take,O,GO_ON_WALK,
519,2,the,O,GO_ON_WALK,
519,3,white,B-COLOR,GO_ON_WALK,
519,4,sandal,B-SHOE_TYPE,GO_ON_WALK,
519,5,inside,B-LOCATION_RELATION,GO_ON_WALK,
519,6,the,O,GO_ON_WALK,
519,7,tool,B-OBJECT_LOCATION,GO_ON_WALK,
519,8,area,I-OBJECT_LOCATION,GO_ON_WALK,
519,9,next,B-NEXT_TO_RELATION,GO_ON_WALK,
519,10,to,I-NEXT_TO_RELATION,GO_ON_WALK,
519,11,the,O,GO_ON_WALK,
519,12,spray,B-IMPREGNATION_TOOL_TYPE,GO_ON_WALK,
519,13,bottle,O,GO_ON_WALK,
519,14,for,O,GO_ON_WALK,
519,15,a,O,GO_ON_WALK,
519,16,walk,O,GO_ON_WALK,
520,1,take,O,GO_ON_WALK,
520,2,a,O,GO_ON_WALK,
520,3,medium,B-WALK_LENGTH,GO_ON_WALK,
520,4,walk,O,GO_ON_WALK,
520,5,in,O,GO_ON_WALK,
520,6,sunny,B-WALK_WEATHER,GO_ON_WALK,
520,7,weather,I-WALK_WEATHER,GO_ON_WALK,
520,8,with,O,GO_ON_WALK,
520,9,the,O,GO_ON_WALK,
520,10,blue,B-COLOR,GO_ON_WALK,
520,11,boot,B-SHOE_TYPE,GO_ON_WALK,
521,1,take,O,GO_ON_WALK,
521,2,the,O,GO_ON_WALK,
521,3,black,B-COLOR,GO_ON_WALK,
521,4,leather,B-MATERIAL,GO_ON_WALK,
521,5,sneaker,B-SHOE_TYPE,GO_ON_WALK,
521,6,for,O,GO_ON_WALK,
521,7,a,O,GO_ON_WALK,
521,8,walk,O,GO_ON_WALK,
522,1,take,O,GO_ON_WALK,
522,2,a,O,GO_ON_WALK,
522,3,medium,B-WALK_LENGTH,GO_ON_WALK,
522,4,walk,O,GO_ON_WALK,
522,5,in,O,GO_ON_WALK,
522,6,rainy,B-WALK_WEATHER,GO_ON_WALK,
522,7,weather,I-WALK_WEATHER,GO_ON_WALK,
522,8,with,O,GO_ON_WALK,
522,9,the,O,GO_ON_WALK,
522,10,white,B-COLOR,GO_ON_WALK,
522,11,sneaker,B-SHOE_TYPE,GO_ON_WALK,
522,12,from,B-LOCATION_RELATION,GO_ON_WALK,
522,13,the,O,GO_ON_WALK,
522,14,middle,B-OBJECT_LOCATION,GO_ON_WALK,
522,15,shelf,I-OBJECT_LOCATION,GO_ON_WALK,
522,16,next,B-NEXT_TO_RELATION,GO_ON_WALK,
522,17,to,I-NEXT_TO_RELATION,GO_ON_WALK,
522,18,the,O,GO_ON_WALK,
522,19,green,B-COLOR,GO_ON_WALK,
522,20,sandal,B-SHOE_TYPE,GO_ON_WALK,
523,1,go,O,GO_ON_WALK,
523,2,on,O,GO_ON_WALK,
523,3,a,O,GO_ON_WALK,
523,4,medium,B-WALK_LENGTH,GO_ON_WALK,
523,5,walk,O,GO_ON_WALK,
523,6,with,O,GO_ON_WALK,
523,7,the,O,GO_ON_WALK,
523,8,brown,B-COLOR,GO_ON_WALK,
523,9,rubber,B-MATERIAL,GO_ON_WALK,
523,10,sandal_4,B-OBJECT_ID,GO_ON_WALK,
524,1,take,O,GO_ON_WALK,
524,2,the,O,GO_ON_WALK,
524,3,red,B-COLOR,GO_ON_WALK,
524,4,sneaker,B-SHOE_TYPE,GO_ON_WALK,
524,5,out,O,GO_ON_WALK,
524,6,on,O,GO_ON_WALK,
524,7,the,O,GO_ON_WALK,
524,8,trail,B-WALK_PLACE,GO_ON_WALK,
525,1,walk,O,GO_ON_WALK,
525,2,with,O,GO_ON_WALK,
525,3,the,O,GO_ON_WALK,
525,4,brown,B-COLOR,GO_ON_WALK,
525,5,boot_5,B-OBJECT_ID,GO_ON_WALK,
525,6,through,O,GO_ON_WALK,
525,7,the,O,GO_ON_WALK,
525,8,meadow,B-WALK_PLACE,GO_ON_WALK,
526,1,take,O,GO_ON_WALK,
526,2,the,O,GO_ON_WALK,
526,3,red,B-COLOR,GO_ON_WALK,
526,4,boot,B-SHOE_TYPE,GO_ON_WALK,
526,5,on,B-LOCATION_RELATION,GO_ON_WALK,
526,6,the,O,GO_ON_WALK,
526,7,floor,B-OBJECT_LOCATION,GO_ON_WALK,
526,8,next,B-NEXT_TO_RELATION,GO_ON_WALK,
526,9,to,I-NEXT_TO_RELATION,GO_ON_WALK,
526,10,cleaner_3,B-OBJECT_ID,GO_ON_WALK,
526,11,for,O,GO_ON_WALK,
526,12,a,O,GO_ON_WALK,
526,13,walk,O,GO_ON_WALK,
527,1,take,O,GO_ON_WALK,
527,2,the,O,GO_ON_WALK,
527,3,blue,B-COLOR,GO_ON_WALK,
527,4,boot,B-SHOE_TYPE,GO_ON_WALK,
527,5,out,O,GO_ON_WALK,
527,6,on,O,GO_ON_WALK,
527,7,the,O,GO_ON_WALK,
527,8,trail,B-WALK_PLACE,GO_ON_WALK,
528,1,walk,O,GO_ON_WALK,
528,2,through,O,GO_ON_WALK,
528,3,the,O,GO_ON_WALK,
528,4,playground,B-WALK_PLACE,GO_ON_WALK,
528,5,in,O,GO_ON_WALK,
528,6,rainy,B-WALK_WEATHER,GO_ON_WALK,
528,7,weather,I-WALK_WEATHER,GO_ON_WALK,
528,8,with,O,GO_ON_WALK,
528,9,the,O,GO_ON_WALK,
528,10,black,B-COLOR,GO_ON_WALK,
528,11,sandal,B-SHOE_TYPE,GO_ON_WALK,
529,1,please,O,GO_ON_WALK,
529,2,take,O,GO_ON_WALK,
529,3,the,O,GO_ON_WALK,
529,4,green,B-COLOR,GO_ON_WALK,
529,5,sandal_9,B-OBJECT_ID,GO_ON_WALK,
529,6,next,B-NEXT_TO_RELATION,GO_ON_WALK,
529,7,to,I-NEXT_TO_RELATION,GO_ON_WALK,
529,8,the,O,GO_ON_WALK,
529,9,hammer,B-REPAIR_TOOL_TYPE,GO_ON_WALK,
529,10,inside,B-LOCATION_RELATION,GO_ON_WALK,
529,11,the,O,GO_ON_WALK,
529,12,drying,B-OBJECT_LOCATION,GO_ON_WALK,
529,13,area,I-OBJECT_LOCATION,GO_ON_WALK,
529,14,next,B-NEXT_TO_RELATION,GO_ON_WALK,
529,15,to,I-NEXT_TO_RELATION,GO_ON_WALK,
529,16,spray_7,B-OBJECT_ID,GO_ON_WALK,
529,17,on,O,GO_ON_WALK,
529,18,a,O,GO_ON_WALK,
529,19,walk,O,GO_ON_WALK,
530,1,go,O,GO_ON_WALK,
530,2,for,O,GO_ON_WALK,
530,3,a,O,GO_ON_WALK,
530,4,jog,O,GO_ON_WALK,
530,5,with,O,GO_ON_WALK,
530,6,the,O,GO_ON_WALK,
530,7,green,B-COLOR,GO_ON_WALK,
530,8,sneaker,B-SHOE_TYPE,GO_ON_WALK,
531,1,go,O,GO_ON_WALK,
531,2,for,O,GO_ON_WALK,
531,3,a,O,GO_ON_WALK,
531,4,walk,O,GO_ON_WALK,
531,5,in,O,GO_ON_WALK,
531,6,the,O,GO_ON_WALK,
531,7,field,B-WALK_PLACE,GO_ON_WALK,
531,8,wearing,O,GO_ON_WALK,
531,9,the,O,GO_ON_WALK,
531,10,brown,B-COLOR,GO_ON_WALK,
531,11,sneaker,B-SHOE_TYPE,GO_ON_WALK,
532,1,go,O,GO_ON_WALK,
532,2,for,O,GO_ON_WALK,
532,3,a,O,GO_ON_WALK,
532,4,walk,O,GO_ON_WALK,
532,5,in,O,GO_ON_WALK,
532,6,the,O,GO_ON_WALK,
532,7,city,B-WALK_PLACE,GO_ON_WALK,
532,8,wearing,O,GO_ON_WALK,
532,9,the,O,GO_ON_WALK,
532,10,blue,B-COLOR,GO_ON_WALK,
532,11,sneaker,B-SHOE_TYPE,GO_ON_WALK,
532,12,next,B-NEXT_TO_RELATION,GO_ON_WALK,
532,13,to,I-NEXT_TO_RELATION,GO_ON_WALK,
532,14,the,O,GO_ON_WALK,
532,15,canvas,B-MATERIAL,GO_ON_WALK,
532,16,boot,B-SHOE_TYPE,GO_ON_WALK,
532,17,on,B-LOCATION_RELATION,GO_ON_WALK,
532,18,the,O,GO_ON_WALK,
532,19,bottom,B-OBJECT_LOCATION,GO_ON_WALK,
532,20,shelf,I-OBJECT_LOCATION,GO_ON_WALK,
533,1,take,O,GO_ON_WALK,
533,2,the,O,GO_ON_WALK,
533,3,red,B-COLOR,GO_ON_WALK,
533,4,leather,B-MATERIAL,GO_ON_WALK,
533,5,sandal,B-SHOE_TYPE,GO_ON_WALK,
533,6,out,O,GO_ON_WALK,
533,7,on,O,GO_ON_WALK,
533,8,the,O,GO_ON_WALK,
533,9,trail,B-WALK_PLACE,GO_ON_WALK,
534,1,take,O,GO_ON_WALK,
534,2,the,O,GO_ON_WALK,
534,3,red,B-COLOR,GO_ON_WALK,
534,4,leather,B-MATERIAL,GO_ON_WALK,
534,5,boot,B-SHOE_TYPE,GO_ON_WALK,
534,6,outside,O,GO_ON_WALK,
534,7,for,O,GO_ON_WALK,
534,8,a,O,GO_ON_WALK,
534,9,short,B-WALK_LENGTH,GO_ON_WALK,
534,10,walk,O,GO_ON_WALK,
535,1,go,O,GO_ON_WALK,
535,2,on,O,GO_ON_WALK,
535,3,a,O,GO_ON_WALK,
535,4,run,O,GO_ON_WALK,
535,5,with,O,GO_ON_WALK,
535,6,the,O,GO_ON_WALK,
535,7,red,B-COLOR,GO_ON_WALK,
535,8,sneaker_1,B-OBJECT_ID,GO_ON_WALK,
535,9,next,B-NEXT_TO_RELATION,GO_ON_WALK,
535,10,to,I-NEXT_TO_RELATION,GO_ON_WALK,
535,11,needle_and_yarn_1,B-OBJECT_ID,GO_ON_WALK,
535,12,in,B-LOCATION_RELATION,GO_ON_WALK,
535,13,the,O,GO_ON_WALK,
535,14,tool,B-OBJECT_LOCATION,GO_ON_WALK,
535,15,area,I-OBJECT_LOCATION,GO_ON_WALK,
536,1,walk,O,GO_ON_WALK,
536,2,through,O,GO_ON_WALK,
536,3,the,O,GO_ON_WALK,
536,4,construction,B-WALK_PLACE,GO_ON_WALK,
536,5,site,I-WALK_PLACE,GO_ON_WALK,
536,6,in,O,GO_ON_WALK,
536,7,rainy,B-WALK_WEATHER,GO_ON_WALK,
536,8,weather,I-WALK_WEATHER,GO_ON_WALK,
536,9,with,O,GO_ON_WALK,
536,10,the,O,GO_ON_WALK,
536,11,white,B-COLOR,GO_ON_WALK,
536,12,sneaker,B-SHOE_TYPE,GO_ON_WALK,
537,1,hike,O,GO_ON_WALK,
537,2,through,O,GO_ON_WALK,
537,3,the,O,GO_ON_WALK,
537,4,workshop,B-WALK_PLACE,GO_ON_WALK,
537,5,with,O,GO_ON_WALK,
537,6,the,O,GO_ON_WALK,
537,7,boot,B-SHOE_TYPE,GO_ON_WALK,
538,1,walk,O,GO_ON_WALK,
538,2,with,O,GO_ON_WALK,
538,3,the,O,GO_ON_WALK,
538,4,blue,B-COLOR,GO_ON_WALK,
538,5,sneaker,B-SHOE_TYPE,GO_ON_WALK,
538,6,next,B-NEXT_TO_RELATION,GO_ON_WALK,
538,7,to,I-NEXT_TO_RELATION,GO_ON_WALK,
538,8,the,O,GO_ON_WALK,
538,9,brown,B-COLOR,GO_ON_WALK,
538,10,sandals,B-SHOE_TYPE,GO_ON_WALK,
538,11,through,O,GO_ON_WALK,
538,12,the,O,GO_ON_WALK,
538,13,construction,B-WALK_PLACE,GO_ON_WALK,
538,14,site,I-WALK_PLACE,GO_ON_WALK,
539,1,go,O,GO_ON_WALK,
539,2,on,O,GO_ON_WALK,
539,3,a,O,GO_ON_WALK,
539,4,long,B-WALK_LENGTH,GO_ON_WALK,
539,5,walk,O,GO_ON_WALK,
539,6,with,O,GO_ON_WALK,
539,7,the,O,GO_ON_WALK,
539,8,black,B-COLOR,GO_ON_WALK,
539,9,rubber,B-MATERIAL,GO_ON_WALK,
539,10,low,B-SHOE_HEIGHT,GO_ON_WALK,
539,11,boots,B-SHOE_TYPE,GO_ON_WALK,
540,1,use,O,GO_ON_WALK,
540,2,the,O,GO_ON_WALK,
540,3,black,B-COLOR,GO_ON_WALK,
540,4,sandal_6,B-OBJECT_ID,GO_ON_WALK,
540,5,for,O,GO_ON_WALK,
540,6,a,O,GO_ON_WALK,
540,7,walk,O,GO_ON_WALK,
540,8,in,O,GO_ON_WALK,
540,9,the,O,GO_ON_WALK,
540,10,garden,B-WALK_PLACE,GO_ON_WALK,
541,1,walk,O,GO_ON_WALK,
541,2,through,O,GO_ON_WALK,
541,3,the,O,GO_ON_WALK,
541,4,city,B-WALK_PLACE,GO_ON_WALK,
541,5,in,O,GO_ON_WALK,
541,6,rainy,B-WALK_WEATHER,GO_ON_WALK,
541,7,weather,I-WALK_WEATHER,GO_ON_WALK,
541,8,with,O,GO_ON_WALK,
541,9,the,O,GO_ON_WALK,
541,10,green,B-COLOR,GO_ON_WALK,
541,11,boots,B-SHOE_TYPE,GO_ON_WALK,
541,12,next,B-NEXT_TO_RELATION,GO_ON_WALK,
541,13,to,I-NEXT_TO_RELATION,GO_ON_WALK,
541,14,sneaker_12,B-OBJECT_ID,GO_ON_WALK,
542,1,hike,O,GO_ON_WALK,
542,2,through,O,GO_ON_WALK,
542,3,the,O,GO_ON_WALK,
542,4,garage,B-WALK_PLACE,GO_ON_WALK,
542,5,with,O,GO_ON_WALK,
542,6,the,O,GO_ON_WALK,
542,7,yellow,B-COLOR,GO_ON_WALK,
542,8,boot,B-SHOE_TYPE,GO_ON_WALK,
543,1,hike,O,GO_ON_WALK,
543,2,through,O,GO_ON_WALK,
543,3,the,O,GO_ON_WALK,
543,4,garden,B-WALK_PLACE,GO_ON_WALK,
543,5,with,O,GO_ON_WALK,
543,6,the,O,GO_ON_WALK,
543,7,sneakers,B-SHOE_TYPE,GO_ON_WALK,
544,1,take,O,GO_ON_WALK,
544,2,the,O,GO_ON_WALK,
544,3,red,B-COLOR,GO_ON_WALK,
544,4,rubber,B-MATERIAL,GO_ON_WALK,
544,5,boot,B-SHOE_TYPE,GO_ON_WALK,
544,6,for,O,GO_ON_WALK,
544,7,a,O,GO_ON_WALK,
544,8,walk,O,GO_ON_WALK,
545,1,go,O,GO_ON_WALK,
545,2,on,O,GO_ON_WALK,
545,3,a,O,GO_ON_WALK,
545,4,run,O,GO_ON_WALK,
545,5,with,O,GO_ON_WALK,
545,6,the,O,GO_ON_WALK,
545,7,boots,B-SHOE_TYPE,GO_ON_WALK,
545,8,next,B-NEXT_TO_RELATION,GO_ON_WALK,
545,9,to,I-NEXT_TO_RELATION,GO_ON_WALK,
545,10,the,O,GO_ON_WALK,
545,11,cleaning,O,GO_ON_WALK,
545,12,brush,B-CLEANING_TOOL_TYPE,GO_ON_WALK,
546,1,go,O,GO_ON_WALK,
546,2,for,O,GO_ON_WALK,
546,3,a,O,GO_ON_WALK,
546,4,walk,O,GO_ON_WALK,
546,5,in,O,GO_ON_WALK,
546,6,the,O,GO_ON_WALK,
546,7,field,B-WALK_PLACE,GO_ON_WALK,
546,8,wearing,O,GO_ON_WALK,
546,9,the,O,GO_ON_WALK,
546,10,brown,B-COLOR,GO_ON_WALK,
546,11,canvas,B-MATERIAL,GO_ON_WALK,
546,12,boots,B-SHOE_TYPE,GO_ON_WALK,
547,1,go,O,GO_ON_WALK,
547,2,for,O,GO_ON_WALK,
547,3,a,O,GO_ON_WALK,
547,4,walk,O,GO_ON_WALK,
548,1,take,O,GO_ON_WALK,
548,2,the,O,GO_ON_WALK,
548,3,boot,B-SHOE_TYPE,GO_ON_WALK,
548,4,on,O,GO_ON_WALK,
548,5,a,O,GO_ON_WALK,
548,6,rainy,B-WALK_WEATHER,GO_ON_WALK,
548,7,forest,B-WALK_PLACE,GO_ON_WALK,
548,8,walk,O,GO_ON_WALK,
549,1,please,O,GO_ON_WALK,
549,2,take,O,GO_ON_WALK,
549,3,the,O,GO_ON_WALK,
549,4,canvas,B-MATERIAL,GO_ON_WALK,
549,5,boot,B-SHOE_TYPE,GO_ON_WALK,
549,6,next,B-NEXT_TO_RELATION,GO_ON_WALK,
549,7,to,I-NEXT_TO_RELATION,GO_ON_WALK,
549,8,spray_7,B-OBJECT_ID,GO_ON_WALK,
549,9,on,O,GO_ON_WALK,
549,10,a,O,GO_ON_WALK,
549,11,walk,O,GO_ON_WALK,
550,1,make,O,GO_ON_WALK,
550,2,a,O,GO_ON_WALK,
550,3,short,B-WALK_LENGTH,GO_ON_WALK,
550,4,trip,O,GO_ON_WALK,
550,5,through,O,GO_ON_WALK,
550,6,the,O,GO_ON_WALK,
550,7,park,B-WALK_PLACE,GO_ON_WALK,
550,8,with,O,GO_ON_WALK,
550,9,the,O,GO_ON_WALK,
550,10,sneakers,B-SHOE_TYPE,GO_ON_WALK,
551,1,hike,O,GO_ON_WALK,
551,2,through,O,GO_ON_WALK,
551,3,the,O,GO_ON_WALK,
551,4,field,B-WALK_PLACE,GO_ON_WALK,
551,5,with,O,GO_ON_WALK,
551,6,the,O,GO_ON_WALK,
551,7,suede,B-MATERIAL,GO_ON_WALK,
551,8,high,B-SHOE_HEIGHT,GO_ON_WALK,
551,9,boot,B-SHOE_TYPE,GO_ON_WALK,
552,1,go,O,GO_ON_WALK,
552,2,on,O,GO_ON_WALK,
552,3,a,O,GO_ON_WALK,
552,4,run,O,GO_ON_WALK,
552,5,with,O,GO_ON_WALK,
552,6,the,O,GO_ON_WALK,
552,7,white,B-COLOR,GO_ON_WALK,
552,8,sandals,B-SHOE_TYPE,GO_ON_WALK,
552,9,next,B-NEXT_TO_RELATION,GO_ON_WALK,
552,10,to,I-NEXT_TO_RELATION,GO_ON_WALK,
552,11,the,O,GO_ON_WALK,
552,12,sole,B-REPAIR_TOOL_TYPE,GO_ON_WALK,
552,13,hammer,I-REPAIR_TOOL_TYPE,GO_ON_WALK,
553,1,please,O,GO_ON_WALK,
553,2,take,O,GO_ON_WALK,
553,3,the,O,GO_ON_WALK,
553,4,clean,B-CLEANING_STATUS,GO_ON_WALK,
553,5,boot,B-SHOE_TYPE,GO_ON_WALK,
553,6,on,O,GO_ON_WALK,
553,7,a,O,GO_ON_WALK,
553,8,walk,O,GO_ON_WALK,
554,1,go,O,GO_ON_WALK,
554,2,for,O,GO_ON_WALK,
554,3,a,O,GO_ON_WALK,
554,4,walk,O,GO_ON_WALK,
554,5,in,O,GO_ON_WALK,
554,6,the,O,GO_ON_WALK,
554,7,trail,B-WALK_PLACE,GO_ON_WALK,
554,8,wearing,O,GO_ON_WALK,
554,9,the,O,GO_ON_WALK,
554,10,brown,B-COLOR,GO_ON_WALK,
554,11,rubber,B-MATERIAL,GO_ON_WALK,
554,12,sneaker,B-SHOE_TYPE,GO_ON_WALK,
555,1,hike,O,GO_ON_WALK,
555,2,through,O,GO_ON_WALK,
555,3,the,O,GO_ON_WALK,
555,4,trail,B-WALK_PLACE,GO_ON_WALK,
555,5,with,O,GO_ON_WALK,
555,6,the,O,GO_ON_WALK,
555,7,red,B-COLOR,GO_ON_WALK,
555,8,sandal_6,B-OBJECT_ID,GO_ON_WALK,
555,9,next,B-NEXT_TO_RELATION,GO_ON_WALK,
555,10,to,I-NEXT_TO_RELATION,GO_ON_WALK,
555,11,the,O,GO_ON_WALK,
555,12,black,B-COLOR,GO_ON_WALK,
555,13,boots,B-SHOE_TYPE,GO_ON_WALK,
555,14,in,B-LOCATION_RELATION,GO_ON_WALK,
555,15,the,O,GO_ON_WALK,
555,16,drying,B-OBJECT_LOCATION,GO_ON_WALK,
555,17,area,I-OBJECT_LOCATION,GO_ON_WALK,
556,1,walk,O,GO_ON_WALK,
556,2,with,O,GO_ON_WALK,
556,3,the,O,GO_ON_WALK,
556,4,red,B-COLOR,GO_ON_WALK,
556,5,leather,B-MATERIAL,GO_ON_WALK,
556,6,boot,B-SHOE_TYPE,GO_ON_WALK,
556,7,through,O,GO_ON_WALK,
556,8,the,O,GO_ON_WALK,
556,9,city,B-WALK_PLACE,GO_ON_WALK,
557,1,go,O,GO_ON_WALK,
557,2,outside,O,GO_ON_WALK,
557,3,with,O,GO_ON_WALK,
557,4,the,O,GO_ON_WALK,
557,5,canvas,B-MATERIAL,GO_ON_WALK,
557,6,sandal_88,B-OBJECT_ID,GO_ON_WALK,
557,7,for,O,GO_ON_WALK,
557,8,a,O,GO_ON_WALK,
557,9,walk,O,GO_ON_WALK,
558,1,go,O,GO_ON_WALK,
558,2,on,O,GO_ON_WALK,
558,3,a,O,GO_ON_WALK,
558,4,medium,B-WALK_LENGTH,GO_ON_WALK,
558,5,walk,O,GO_ON_WALK,
558,6,with,O,GO_ON_WALK,
558,7,the,O,GO_ON_WALK,
558,8,yellow,B-COLOR,GO_ON_WALK,
558,9,sneaker,B-SHOE_TYPE,GO_ON_WALK,
558,10,next,B-NEXT_TO_RELATION,GO_ON_WALK,
558,11,to,I-NEXT_TO_RELATION,GO_ON_WALK,
558,12,rag_4,B-OBJECT_ID,GO_ON_WALK,
558,13,on,B-LOCATION_RELATION,GO_ON_WALK,
558,14,the,O,GO_ON_WALK,
558,15,floor,B-OBJECT_LOCATION,GO_ON_WALK,
559,1,go,O,GO_ON_WALK,
559,2,outside,O,GO_ON_WALK,
559,3,with,O,GO_ON_WALK,
559,4,the,O,GO_ON_WALK,
559,5,sandal,B-SHOE_TYPE,GO_ON_WALK,
559,6,for,O,GO_ON_WALK,
559,7,a,O,GO_ON_WALK,
559,8,walk,O,GO_ON_WALK,
560,1,hike,O,GO_ON_WALK,
560,2,through,O,GO_ON_WALK,
560,3,the,O,GO_ON_WALK,
560,4,field,B-WALK_PLACE,GO_ON_WALK,
560,5,with,O,GO_ON_WALK,
560,6,the,O,GO_ON_WALK,
560,7,brown,B-COLOR,GO_ON_WALK,
560,8,sandals,B-SHOE_TYPE,GO_ON_WALK,
561,1,take,O,GO_ON_WALK,
561,2,sandal_3,B-OBJECT_ID,GO_ON_WALK,
561,3,outside,O,GO_ON_WALK,
561,4,for,O,GO_ON_WALK,
561,5,a,O,GO_ON_WALK,
561,6,long,B-WALK_LENGTH,GO_ON_WALK,
561,7,walk,O,GO_ON_WALK,
562,1,go,O,GO_ON_WALK,
562,2,for,O,GO_ON_WALK,
562,3,a,O,GO_ON_WALK,
562,4,walk,O,GO_ON_WALK,
562,5,in,O,GO_ON_WALK,
562,6,the,O,GO_ON_WALK,
562,7,workshop,B-WALK_PLACE,GO_ON_WALK,
562,8,wearing,O,GO_ON_WALK,
562,9,blue_sneaker_4,B-OBJECT_ID,GO_ON_WALK,
562,10,next,B-NEXT_TO_RELATION,GO_ON_WALK,
562,11,to,I-NEXT_TO_RELATION,GO_ON_WALK,
562,12,white,O,GO_ON_WALK,
562,13,cream,B-IMPREGNATION_TOOL_TYPE,GO_ON_WALK,
562,14,inside,B-LOCATION_RELATION,GO_ON_WALK,
562,15,the,O,GO_ON_WALK,
562,16,tool,B-OBJECT_LOCATION,GO_ON_WALK,
562,17,area,I-OBJECT_LOCATION,GO_ON_WALK,
563,1,use,O,GO_ON_WALK,
563,2,the,O,GO_ON_WALK,
563,3,green,B-COLOR,GO_ON_WALK,
563,4,boot,B-SHOE_TYPE,GO_ON_WALK,
563,5,for,O,GO_ON_WALK,
563,6,a,O,GO_ON_WALK,
563,7,walk,O,GO_ON_WALK,
563,8,in,O,GO_ON_WALK,
563,9,the,O,GO_ON_WALK,
563,10,playground,B-WALK_PLACE,GO_ON_WALK,
564,1,take,O,GO_ON_WALK,
564,2,the,O,GO_ON_WALK,
564,3,suede,B-MATERIAL,GO_ON_WALK,
564,4,sneakers,B-SHOE_TYPE,GO_ON_WALK,
564,5,outside,O,GO_ON_WALK,
564,6,for,O,GO_ON_WALK,
564,7,a,O,GO_ON_WALK,
564,8,short,B-WALK_LENGTH,GO_ON_WALK,
564,9,walk,O,GO_ON_WALK,
565,1,take,O,GO_ON_WALK,
565,2,a,O,GO_ON_WALK,
565,3,medium,B-WALK_LENGTH,GO_ON_WALK,
565,4,walk,O,GO_ON_WALK,
565,5,in,O,GO_ON_WALK,
565,6,rainy,B-WALK_WEATHER,GO_ON_WALK,
565,7,weather,I-WALK_WEATHER,GO_ON_WALK,
565,8,with,O,GO_ON_WALK,
565,9,the,O,GO_ON_WALK,
565,10,yellow,B-COLOR,GO_ON_WALK,
565,11,suede,B-MATERIAL,GO_ON_WALK,
565,12,boot,B-SHOE_TYPE,GO_ON_WALK,
565,13,next,B-NEXT_TO_RELATION,GO_ON_WALK,
565,14,to,I-NEXT_TO_RELATION,GO_ON_WALK,
565,15,the,O,GO_ON_WALK,
565,16,blue,B-COLOR,GO_ON_WALK,
565,17,sneakers,B-SHOE_TYPE,GO_ON_WALK,
565,18,on,B-LOCATION_RELATION,GO_ON_WALK,
565,19,the,O,GO_ON_WALK,
565,20,middle,B-OBJECT_LOCATION,GO_ON_WALK,
565,21,shelf,I-OBJECT_LOCATION,GO_ON_WALK,
566,1,go,O,GO_ON_WALK,
566,2,for,O,GO_ON_WALK,
566,3,a,O,GO_ON_WALK,
566,4,long,B-WALK_LENGTH,GO_ON_WALK,
566,5,walk,O,GO_ON_WALK,
566,6,at,O,GO_ON_WALK,
566,7,the,O,GO_ON_WALK,
566,8,beach,B-WALK_PLACE,GO_ON_WALK,
566,9,with,O,GO_ON_WALK,
566,10,sandal_3,B-OBJECT_ID,GO_ON_WALK,
567,1,go,O,GO_ON_WALK,
567,2,on,O,GO_ON_WALK,
567,3,a,O,GO_ON_WALK,
567,4,long,B-WALK_LENGTH,GO_ON_WALK,
567,5,walk,O,GO_ON_WALK,
568,1,go,O,GO_ON_WALK,
568,2,on,O,GO_ON_WALK,
568,3,a,O,GO_ON_WALK,
568,4,short,B-WALK_LENGTH,GO_ON_WALK,
568,5,walk,O,GO_ON_WALK,
568,6,with,O,GO_ON_WALK,
568,7,the,O,GO_ON_WALK,
568,8,dirty,B-CLEANING_STATUS,GO_ON_WALK,
568,9,sneaker,B-SHOE_TYPE,GO_ON_WALK,
569,1,go,O,GO_ON_WALK,
569,2,for,O,GO_ON_WALK,
569,3,a,O,GO_ON_WALK,
569,4,jog,O,GO_ON_WALK,
569,5,with,O,GO_ON_WALK,
569,6,the,O,GO_ON_WALK,
569,7,boots,B-SHOE_TYPE,GO_ON_WALK,
569,8,next,B-NEXT_TO_RELATION,GO_ON_WALK,
569,9,to,I-NEXT_TO_RELATION,GO_ON_WALK,
569,10,sole_glue_3,B-OBJECT_ID,GO_ON_WALK,
569,11,in,B-LOCATION_RELATION,GO_ON_WALK,
569,12,the,O,GO_ON_WALK,
569,13,tool,B-OBJECT_LOCATION,GO_ON_WALK,
569,14,area,I-OBJECT_LOCATION,GO_ON_WALK,
570,1,try,O,GO_ON_WALK,
570,2,the,O,GO_ON_WALK,
570,3,boot,B-SHOE_TYPE,GO_ON_WALK,
570,4,on,O,GO_ON_WALK,
570,5,a,O,GO_ON_WALK,
570,6,long,B-WALK_LENGTH,GO_ON_WALK,
570,7,rainy,B-WALK_WEATHER,GO_ON_WALK,
570,8,trail,B-WALK_PLACE,GO_ON_WALK,
570,9,walk,O,GO_ON_WALK,
571,1,take,O,GO_ON_WALK,
571,2,canvas_sneaker_9,B-OBJECT_ID,GO_ON_WALK,
571,3,for,O,GO_ON_WALK,
571,4,a,O,GO_ON_WALK,
571,5,walk,O,GO_ON_WALK,
572,1,walk,O,GO_ON_WALK,
572,2,with,O,GO_ON_WALK,
572,3,the,O,GO_ON_WALK,
572,4,blue,B-COLOR,GO_ON_WALK,
572,5,sandals,B-SHOE_TYPE,GO_ON_WALK,
572,6,in,B-LOCATION_RELATION,GO_ON_WALK,
572,7,the,O,GO_ON_WALK,
572,8,drying,B-OBJECT_LOCATION,GO_ON_WALK,
572,9,area,I-OBJECT_LOCATION,GO_ON_WALK,
572,10,next,B-NEXT_TO_RELATION,GO_ON_WALK,
572,11,to,I-NEXT_TO_RELATION,GO_ON_WALK,
572,12,the,O,GO_ON_WALK,
572,13,red,B-COLOR,GO_ON_WALK,
572,14,boot,B-SHOE_TYPE,GO_ON_WALK,
572,15,through,O,GO_ON_WALK,
572,16,the,O,GO_ON_WALK,
572,17,park,B-WALK_PLACE,GO_ON_WALK,
573,1,wear,O,GO_ON_WALK,
573,2,the,O,GO_ON_WALK,
573,3,boot_5,B-OBJECT_ID,GO_ON_WALK,
573,4,for,O,GO_ON_WALK,
573,5,a,O,GO_ON_WALK,
573,6,muddy,O,GO_ON_WALK,
573,7,walk,O,GO_ON_WALK,
573,8,through,O,GO_ON_WALK,
573,9,the,O,GO_ON_WALK,
573,10,field,B-WALK_PLACE,GO_ON_WALK,
574,1,walk,O,GO_ON_WALK,
574,2,with,O,GO_ON_WALK,
574,3,the,O,GO_ON_WALK,
574,4,black,B-COLOR,GO_ON_WALK,
574,5,boot,B-SHOE_TYPE,GO_ON_WALK,
574,6,through,O,GO_ON_WALK,
574,7,the,O,GO_ON_WALK,
574,8,street,B-WALK_PLACE,GO_ON_WALK,
575,1,wear,O,GO_ON_WALK,
575,2,canvas_sneaker_9,B-OBJECT_ID,GO_ON_WALK,
575,3,on,B-LOCATION_RELATION,GO_ON_WALK,
575,4,the,O,GO_ON_WALK,
575,5,top,B-OBJECT_LOCATION,GO_ON_WALK,
575,6,shelf,I-OBJECT_LOCATION,GO_ON_WALK,
575,7,next,B-NEXT_TO_RELATION,GO_ON_WALK,
575,8,to,I-NEXT_TO_RELATION,GO_ON_WALK,
575,9,brush_12,B-OBJECT_ID,GO_ON_WALK,
575,10,and,O,GO_ON_WALK,
575,11,walk,O,GO_ON_WALK,
575,12,around,O,GO_ON_WALK,
575,13,the,O,GO_ON_WALK,
575,14,trail,B-WALK_PLACE,GO_ON_WALK,
576,1,take,O,GO_ON_WALK,
576,2,the,O,GO_ON_WALK,
576,3,yellow,B-COLOR,GO_ON_WALK,
576,4,rubber,B-MATERIAL,GO_ON_WALK,
576,5,sneaker,B-SHOE_TYPE,GO_ON_WALK,
576,6,out,O,GO_ON_WALK,
576,7,on,O,GO_ON_WALK,
576,8,the,O,GO_ON_WALK,
576,9,trail,B-WALK_PLACE,GO_ON_WALK,
577,1,take,O,GO_ON_WALK,
577,2,the,O,GO_ON_WALK,
577,3,yellow,B-COLOR,GO_ON_WALK,
577,4,sneaker,B-SHOE_TYPE,GO_ON_WALK,
577,5,out,O,GO_ON_WALK,
577,6,on,O,GO_ON_WALK,
577,7,the,O,GO_ON_WALK,
577,8,trail,B-WALK_PLACE,GO_ON_WALK,
578,1,walk,O,GO_ON_WALK,
578,2,with,O,GO_ON_WALK,
578,3,the,O,GO_ON_WALK,
579,1,walk,O,GO_ON_WALK,
579,2,through,O,GO_ON_WALK,
579,3,the,O,GO_ON_WALK,
579,4,park,B-WALK_PLACE,GO_ON_WALK,
579,5,in,O,GO_ON_WALK,
579,6,sunny,B-WALK_WEATHER,GO_ON_WALK,
579,7,weather,I-WALK_WEATHER,GO_ON_WALK,
579,8,with,O,GO_ON_WALK,
579,9,green_sandal_9,B-OBJECT_ID,GO_ON_WALK,
580,1,go,O,GO_ON_WALK,
580,2,for,O,GO_ON_WALK,
580,3,a,O,GO_ON_WALK,
580,4,jog,O,GO_ON_WALK,
580,5,with,O,GO_ON_WALK,
580,6,the,O,GO_ON_WALK,
580,7,brown,B-COLOR,GO_ON_WALK,
580,8,suede,B-MATERIAL,GO_ON_WALK,
580,9,boot,B-SHOE_TYPE,GO_ON_WALK,
580,10,inside,B-LOCATION_RELATION,GO_ON_WALK,
580,11,the,O,GO_ON_WALK,
580,12,floor,B-OBJECT_LOCATION,GO_ON_WALK,
580,13,box,I-OBJECT_LOCATION,GO_ON_WALK,
581,1,hike,O,GO_ON_WALK,
581,2,through,O,GO_ON_WALK,
581,3,the,O,GO_ON_WALK,
581,4,city,B-WALK_PLACE,GO_ON_WALK,
581,5,with,O,GO_ON_WALK,
581,6,the,O,GO_ON_WALK,
581,7,white,B-COLOR,GO_ON_WALK,
581,8,sandals,B-SHOE_TYPE,GO_ON_WALK,
582,1,go,O,GO_ON_WALK,
582,2,for,O,GO_ON_WALK,
582,3,a,O,GO_ON_WALK,
582,4,walk,O,GO_ON_WALK,
582,5,in,O,GO_ON_WALK,
582,6,the,O,GO_ON_WALK,
582,7,playground,B-WALK_PLACE,GO_ON_WALK,
582,8,wearing,O,GO_ON_WALK,
582,9,the,O,GO_ON_WALK,
582,10,red,B-COLOR,GO_ON_WALK,
582,11,sneaker,B-SHOE_TYPE,GO_ON_WALK,
583,1,take,O,GO_ON_WALK,
583,2,the,O,GO_ON_WALK,
583,3,black,B-COLOR,GO_ON_WALK,
583,4,sandal,B-SHOE_TYPE,GO_ON_WALK,
583,5,from,B-LOCATION_RELATION,GO_ON_WALK,
583,6,the,O,GO_ON_WALK,
583,7,middle,B-OBJECT_LOCATION,GO_ON_WALK,
583,8,shelf,I-OBJECT_LOCATION,GO_ON_WALK,
583,9,next,B-NEXT_TO_RELATION,GO_ON_WALK,
583,10,to,I-NEXT_TO_RELATION,GO_ON_WALK,
583,11,the,O,GO_ON_WALK,
583,12,green,B-COLOR,GO_ON_WALK,
583,13,sandals,B-SHOE_TYPE,GO_ON_WALK,
583,14,for,O,GO_ON_WALK,
583,15,a,O,GO_ON_WALK,
583,16,walk,O,GO_ON_WALK,
584,1,wear,O,GO_ON_WALK,
584,2,the,O,GO_ON_WALK,
584,3,black,B-COLOR,GO_ON_WALK,
584,4,sneaker_7,B-OBJECT_ID,GO_ON_WALK,
584,5,and,O,GO_ON_WALK,
584,6,walk,O,GO_ON_WALK,
584,7,around,O,GO_ON_WALK,
584,8,the,O,GO_ON_WALK,
584,9,park,B-WALK_PLACE,GO_ON_WALK,
585,1,go,O,GO_ON_WALK,
585,2,on,O,GO_ON_WALK,
585,3,a,O,GO_ON_WALK,
585,4,short,B-WALK_LENGTH,GO_ON_WALK,
585,5,walk,O,GO_ON_WALK,
585,6,with,O,GO_ON_WALK,
585,7,the,O,GO_ON_WALK,
585,8,blue,B-COLOR,GO_ON_WALK,
585,9,sneaker_12,B-OBJECT_ID,GO_ON_WALK,
586,1,go,O,GO_ON_WALK,
586,2,around,O,GO_ON_WALK,
586,3,the,O,GO_ON_WALK,
586,4,garden,B-WALK_PLACE,GO_ON_WALK,
586,5,with,O,GO_ON_WALK,
586,6,the,O,GO_ON_WALK,
586,7,yellow,B-COLOR,GO_ON_WALK,
586,8,canvas,B-MATERIAL,GO_ON_WALK,
586,9,sandal,B-SHOE_TYPE,GO_ON_WALK,
586,10,on,B-LOCATION_RELATION,GO_ON_WALK,
586,11,the,O,GO_ON_WALK,
586,12,floor,B-OBJECT_LOCATION,GO_ON_WALK,
587,1,go,O,GO_ON_WALK,
587,2,on,O,GO_ON_WALK,
587,3,a,O,GO_ON_WALK,
587,4,run,O,GO_ON_WALK,
587,5,with,O,GO_ON_WALK,
587,6,the,O,GO_ON_WALK,
587,7,red,B-COLOR,GO_ON_WALK,
587,8,boots,B-SHOE_TYPE,GO_ON_WALK,
588,1,please,O,GO_ON_WALK,
588,2,take,O,GO_ON_WALK,
588,3,the,O,GO_ON_WALK,
588,4,yellow,B-COLOR,GO_ON_WALK,
588,5,sandal,B-SHOE_TYPE,GO_ON_WALK,
588,6,on,O,GO_ON_WALK,
588,7,a,O,GO_ON_WALK,
588,8,walk,O,GO_ON_WALK,
589,1,take,O,GO_ON_WALK,
589,2,the,O,GO_ON_WALK,
589,3,sneaker_1,B-OBJECT_ID,GO_ON_WALK,
589,4,next,B-NEXT_TO_RELATION,GO_ON_WALK,
589,5,to,I-NEXT_TO_RELATION,GO_ON_WALK,
589,6,the,O,GO_ON_WALK,
589,7,hammer,B-REPAIR_TOOL_TYPE,GO_ON_WALK,
589,8,inside,B-LOCATION_RELATION,GO_ON_WALK,
589,9,the,O,GO_ON_WALK,
589,10,drying,B-OBJECT_LOCATION,GO_ON_WALK,
589,11,area,I-OBJECT_LOCATION,GO_ON_WALK,
589,12,next,B-NEXT_TO_RELATION,GO_ON_WALK,
589,13,to,I-NEXT_TO_RELATION,GO_ON_WALK,
589,14,spray_7,B-OBJECT_ID,GO_ON_WALK,
589,15,out,O,GO_ON_WALK,
589,16,on,O,GO_ON_WALK,
589,17,the,O,GO_ON_WALK,
589,18,trail,B-WALK_PLACE,GO_ON_WALK,
590,1,take,O,GO_ON_WALK,
590,2,the,O,GO_ON_WALK,
590,3,red,B-COLOR,GO_ON_WALK,
590,4,rubber,B-MATERIAL,GO_ON_WALK,
590,5,sneakers,B-SHOE_TYPE,GO_ON_WALK,
590,6,outside,O,GO_ON_WALK,
590,7,for,O,GO_ON_WALK,
590,8,a,O,GO_ON_WALK,
590,9,short,B-WALK_LENGTH,GO_ON_WALK,
590,10,walk,O,GO_ON_WALK,
591,1,take,O,GO_ON_WALK,
591,2,the,O,GO_ON_WALK,
591,3,blue,B-COLOR,GO_ON_WALK,
591,4,sandal,B-SHOE_TYPE,GO_ON_WALK,
591,5,outside,O,GO_ON_WALK,
591,6,for,O,GO_ON_WALK,
591,7,a,O,GO_ON_WALK,
591,8,medium,B-WALK_LENGTH,GO_ON_WALK,
591,9,walk,O,GO_ON_WALK,
592,1,please,O,GO_ON_WALK,
592,2,take,O,GO_ON_WALK,
592,3,dirty_sneaker_6,B-OBJECT_ID,GO_ON_WALK,
592,4,next,B-NEXT_TO_RELATION,GO_ON_WALK,
592,5,to,I-NEXT_TO_RELATION,GO_ON_WALK,
592,6,the,O,GO_ON_WALK,
592,7,canvas,B-MATERIAL,GO_ON_WALK,
592,8,boot,B-SHOE_TYPE,GO_ON_WALK,
592,9,on,B-LOCATION_RELATION,GO_ON_WALK,
592,10,the,O,GO_ON_WALK,
592,11,bottom,B-OBJECT_LOCATION,GO_ON_WALK,
592,12,shelf,I-OBJECT_LOCATION,GO_ON_WALK,
592,13,on,O,GO_ON_WALK,
592,14,a,O,GO_ON_WALK,
592,15,walk,O,GO_ON_WALK,
593,1,take,O,GO_ON_WALK,
593,2,the,O,GO_ON_WALK,
593,3,yellow,B-COLOR,GO_ON_WALK,
593,4,sandal,B-SHOE_TYPE,GO_ON_WALK,
593,5,outside,O,GO_ON_WALK,
593,6,for,O,GO_ON_WALK,
593,7,a,O,GO_ON_WALK,
593,8,medium,B-WALK_LENGTH,GO_ON_WALK,
593,9,walk,O,GO_ON_WALK,
594,1,run,O,GO_ON_WALK,
594,2,with,O,GO_ON_WALK,
594,3,the,O,GO_ON_WALK,
594,4,sneaker_6,B-OBJECT_ID,GO_ON_WALK,
595,1,walk,O,GO_ON_WALK,
595,2,through,O,GO_ON_WALK,
595,3,the,O,GO_ON_WALK,
595,4,construction,B-WALK_PLACE,GO_ON_WALK,
595,5,site,I-WALK_PLACE,GO_ON_WALK,
595,6,in,O,GO_ON_WALK,
595,7,rainy,B-WALK_WEATHER,GO_ON_WALK,
595,8,weather,I-WALK_WEATHER,GO_ON_WALK,
595,9,with,O,GO_ON_WALK,
595,10,the,O,GO_ON_WALK,
595,11,red,B-COLOR,GO_ON_WALK,
595,12,leather,B-MATERIAL,GO_ON_WALK,
595,13,sneaker_1,B-OBJECT_ID,GO_ON_WALK,
595,14,next,B-NEXT_TO_RELATION,GO_ON_WALK,
595,15,to,I-NEXT_TO_RELATION,GO_ON_WALK,
595,16,needle_and_yarn_1,B-OBJECT_ID,GO_ON_WALK,
596,1,hike,O,GO_ON_WALK,
596,2,through,O,GO_ON_WALK,
596,3,the,O,GO_ON_WALK,
596,4,garage,B-WALK_PLACE,GO_ON_WALK,
596,5,with,O,GO_ON_WALK,
596,6,the,O,GO_ON_WALK,
596,7,black,B-COLOR,GO_ON_WALK,
596,8,sandal,B-SHOE_TYPE,GO_ON_WALK,
597,1,go,O,GO_ON_WALK,
597,2,strolling,O,GO_ON_WALK,
597,3,in,O,GO_ON_WALK,
597,4,the,O,GO_ON_WALK,
597,5,city,B-WALK_PLACE,GO_ON_WALK,
597,6,with,O,GO_ON_WALK,
597,7,sneaker_1,B-OBJECT_ID,GO_ON_WALK,
598,1,go,O,GO_ON_WALK,
598,2,around,O,GO_ON_WALK,
598,3,the,O,GO_ON_WALK,
598,4,garden,B-WALK_PLACE,GO_ON_WALK,
598,5,with,O,GO_ON_WALK,
598,6,the,O,GO_ON_WALK,
598,7,yellow,B-COLOR,GO_ON_WALK,
598,8,sneaker,B-SHOE_TYPE,GO_ON_WALK,
599,1,take,O,GO_ON_WALK,
599,2,the,O,GO_ON_WALK,
599,3,boot_11,B-OBJECT_ID,GO_ON_WALK,
599,4,next,B-NEXT_TO_RELATION,GO_ON_WALK,
599,5,to,I-NEXT_TO_RELATION,GO_ON_WALK,
599,6,the,O,GO_ON_WALK,
599,7,brown,B-COLOR,GO_ON_WALK,
599,8,sandal,B-SHOE_TYPE,GO_ON_WALK,
599,9,outside,O,GO_ON_WALK,
600,1,wear,O,GO_ON_WALK,
600,2,the,O,GO_ON_WALK,
600,3,red,B-COLOR,GO_ON_WALK,
600,4,suede,B-MATERIAL,GO_ON_WALK,
600,5,sneaker_6,B-OBJECT_ID,GO_ON_WALK,
600,6,and,O,GO_ON_WALK,
600,7,walk,O,GO_ON_WALK,
600,8,around,O,GO_ON_WALK,
600,9,the,O,GO_ON_WALK,
600,10,garage,B-WALK_PLACE,GO_ON_WALK,
601,1,take,O,GO_ON_WALK,
601,2,the,O,GO_ON_WALK,
601,3,boot,B-SHOE_TYPE,GO_ON_WALK,
601,4,for,O,GO_ON_WALK,
601,5,a,O,GO_ON_WALK,
601,6,walk,O,GO_ON_WALK,
602,1,go,O,GO_ON_WALK,
602,2,for,O,GO_ON_WALK,
602,3,a,O,GO_ON_WALK,
602,4,walk,O,GO_ON_WALK,
602,5,in,O,GO_ON_WALK,
602,6,the,O,GO_ON_WALK,
602,7,field,B-WALK_PLACE,GO_ON_WALK,
602,8,wearing,O,GO_ON_WALK,
602,9,the,O,GO_ON_WALK,
602,10,brown,B-COLOR,GO_ON_WALK,
602,11,canvas,B-MATERIAL,GO_ON_WALK,
602,12,sandal,B-SHOE_TYPE,GO_ON_WALK,
602,13,next,B-NEXT_TO_RELATION,GO_ON_WALK,
602,14,to,I-NEXT_TO_RELATION,GO_ON_WALK,
602,15,sneaker_12,B-OBJECT_ID,GO_ON_WALK,
603,1,go,O,GO_ON_WALK,
603,2,on,O,GO_ON_WALK,
603,3,a,O,GO_ON_WALK,
603,4,run,O,GO_ON_WALK,
603,5,with,O,GO_ON_WALK,
603,6,the,O,GO_ON_WALK,
603,7,white,B-COLOR,GO_ON_WALK,
603,8,suede,B-MATERIAL,GO_ON_WALK,
603,9,mid,B-SHOE_HEIGHT,GO_ON_WALK,
603,10,sneaker,B-SHOE_TYPE,GO_ON_WALK,
604,1,go,O,GO_ON_WALK,
604,2,for,O,GO_ON_WALK,
604,3,a,O,GO_ON_WALK,
604,4,walk,O,GO_ON_WALK,
604,5,in,O,GO_ON_WALK,
604,6,the,O,GO_ON_WALK,
604,7,parking,B-WALK_PLACE,GO_ON_WALK,
604,8,lot,I-WALK_PLACE,GO_ON_WALK,
604,9,wearing,O,GO_ON_WALK,
604,10,the,O,GO_ON_WALK,
604,11,brown,B-COLOR,GO_ON_WALK,
604,12,boot,B-SHOE_TYPE,GO_ON_WALK,
605,1,go,O,GO_ON_WALK,
605,2,for,O,GO_ON_WALK,
605,3,a,O,GO_ON_WALK,
605,4,walk,O,GO_ON_WALK,
605,5,in,O,GO_ON_WALK,
605,6,the,O,GO_ON_WALK,
605,7,parking,B-WALK_PLACE,GO_ON_WALK,
605,8,lot,I-WALK_PLACE,GO_ON_WALK,
605,9,wearing,O,GO_ON_WALK,
605,10,the,O,GO_ON_WALK,
605,11,white,B-COLOR,GO_ON_WALK,
605,12,sneaker,B-SHOE_TYPE,GO_ON_WALK,
605,13,next,B-NEXT_TO_RELATION,GO_ON_WALK,
605,14,to,I-NEXT_TO_RELATION,GO_ON_WALK,
605,15,the,O,GO_ON_WALK,
605,16,cleaning,O,GO_ON_WALK,
605,17,brush,B-CLEANING_TOOL_TYPE,GO_ON_WALK,
606,1,go,O,GO_ON_WALK,
606,2,around,O,GO_ON_WALK,
606,3,the,O,GO_ON_WALK,
606,4,garden,B-WALK_PLACE,GO_ON_WALK,
606,5,with,O,GO_ON_WALK,
606,6,the,O,GO_ON_WALK,
606,7,sandals,B-SHOE_TYPE,GO_ON_WALK,
607,1,take,O,GO_ON_WALK,
607,2,the,O,GO_ON_WALK,
607,3,sneaker,B-SHOE_TYPE,GO_ON_WALK,
607,4,outside,O,GO_ON_WALK,
607,5,for,O,GO_ON_WALK,
607,6,a,O,GO_ON_WALK,
607,7,short,B-WALK_LENGTH,GO_ON_WALK,
607,8,walk,O,GO_ON_WALK,
608,1,use,O,GO_ON_WALK,
608,2,the,O,GO_ON_WALK,
608,3,black,B-COLOR,GO_ON_WALK,
608,4,suede,B-MATERIAL,GO_ON_WALK,
608,5,sandal,B-SHOE_TYPE,GO_ON_WALK,
608,6,next,B-NEXT_TO_RELATION,GO_ON_WALK,
608,7,to,I-NEXT_TO_RELATION,GO_ON_WALK,
608,8,spray_7,B-OBJECT_ID,GO_ON_WALK,
608,9,for,O,GO_ON_WALK,
608,10,a,O,GO_ON_WALK,
608,11,walk,O,GO_ON_WALK,
608,12,in,O,GO_ON_WALK,
608,13,the,O,GO_ON_WALK,
608,14,construction,B-WALK_PLACE,GO_ON_WALK,
608,15,site,I-WALK_PLACE,GO_ON_WALK,
609,1,take,O,GO_ON_WALK,
609,2,the,O,GO_ON_WALK,
609,3,boot,B-SHOE_TYPE,GO_ON_WALK,
609,4,outside,O,GO_ON_WALK,
609,5,for,O,GO_ON_WALK,
609,6,a,O,GO_ON_WALK,
609,7,short,B-WALK_LENGTH,GO_ON_WALK,
609,8,walk,O,GO_ON_WALK,
610,1,go,O,GO_ON_WALK,
610,2,on,O,GO_ON_WALK,
610,3,a,O,GO_ON_WALK,
610,4,short,B-WALK_LENGTH,GO_ON_WALK,
610,5,walk,O,GO_ON_WALK,
610,6,with,O,GO_ON_WALK,
610,7,blue_sneaker_4,B-OBJECT_ID,GO_ON_WALK,
611,1,wear,O,GO_ON_WALK,
611,2,the,O,GO_ON_WALK,
611,3,leather,B-MATERIAL,GO_ON_WALK,
611,4,sandal_3,B-OBJECT_ID,GO_ON_WALK,
611,5,next,B-NEXT_TO_RELATION,GO_ON_WALK,
611,6,to,I-NEXT_TO_RELATION,GO_ON_WALK,
611,7,the,O,GO_ON_WALK,
611,8,sole,B-REPAIR_TOOL_TYPE,GO_ON_WALK,
611,9,hammer,I-REPAIR_TOOL_TYPE,GO_ON_WALK,
611,10,and,O,GO_ON_WALK,
611,11,walk,O,GO_ON_WALK,
611,12,around,O,GO_ON_WALK,
611,13,the,O,GO_ON_WALK,
611,14,forest,B-WALK_PLACE,GO_ON_WALK,
612,1,go,O,GO_ON_WALK,
612,2,for,O,GO_ON_WALK,
612,3,a,O,GO_ON_WALK,
612,4,walk,O,GO_ON_WALK,
612,5,in,O,GO_ON_WALK,
612,6,the,O,GO_ON_WALK,
612,7,field,B-WALK_PLACE,GO_ON_WALK,
612,8,wearing,O,GO_ON_WALK,
612,9,sandal_88,B-OBJECT_ID,GO_ON_WALK,
613,1,go,O,GO_ON_WALK,
613,2,strolling,O,GO_ON_WALK,
613,3,in,O,GO_ON_WALK,
613,4,the,O,GO_ON_WALK,
613,5,city,B-WALK_PLACE,GO_ON_WALK,
613,6,with,O,GO_ON_WALK,
613,7,the,O,GO_ON_WALK,
613,8,black,B-COLOR,GO_ON_WALK,
613,9,sneaker,B-SHOE_TYPE,GO_ON_WALK,
614,1,go,O,GO_ON_WALK,
614,2,on,O,GO_ON_WALK,
614,3,a,O,GO_ON_WALK,
614,4,medium,B-WALK_LENGTH,GO_ON_WALK,
614,5,walk,O,GO_ON_WALK,
614,6,with,O,GO_ON_WALK,
614,7,the,O,GO_ON_WALK,
614,8,boot,B-SHOE_TYPE,GO_ON_WALK,
615,1,wear,O,GO_ON_WALK,
615,2,the,O,GO_ON_WALK,
615,3,rubber,B-MATERIAL,GO_ON_WALK,
615,4,low,B-SHOE_HEIGHT,GO_ON_WALK,
615,5,sneakers,B-SHOE_TYPE,GO_ON_WALK,
615,6,next,B-NEXT_TO_RELATION,GO_ON_WALK,
615,7,to,I-NEXT_TO_RELATION,GO_ON_WALK,
615,8,the,O,GO_ON_WALK,
615,9,black,B-COLOR,GO_ON_WALK,
615,10,boot,B-SHOE_TYPE,GO_ON_WALK,
615,11,in,B-LOCATION_RELATION,GO_ON_WALK,
615,12,the,O,GO_ON_WALK,
615,13,drying,B-OBJECT_LOCATION,GO_ON_WALK,
615,14,area,I-OBJECT_LOCATION,GO_ON_WALK,
615,15,and,O,GO_ON_WALK,
615,16,walk,O,GO_ON_WALK,
615,17,around,O,GO_ON_WALK,
615,18,the,O,GO_ON_WALK,
615,19,field,B-WALK_PLACE,GO_ON_WALK,
616,1,take,O,GO_ON_WALK,
616,2,the,O,GO_ON_WALK,
616,3,black,B-COLOR,GO_ON_WALK,
616,4,sneaker_4,B-OBJECT_ID,GO_ON_WALK,
616,5,outside,O,GO_ON_WALK,
616,6,for,O,GO_ON_WALK,
616,7,a,O,GO_ON_WALK,
616,8,short,B-WALK_LENGTH,GO_ON_WALK,
616,9,walk,O,GO_ON_WALK,
617,1,go,O,GO_ON_WALK,
617,2,for,O,GO_ON_WALK,
617,3,a,O,GO_ON_WALK,
617,4,jog,O,GO_ON_WALK,
617,5,with,O,GO_ON_WALK,
617,6,the,O,GO_ON_WALK,
617,7,yellow,B-COLOR,GO_ON_WALK,
617,8,leather,B-MATERIAL,GO_ON_WALK,
617,9,sandals,B-SHOE_TYPE,GO_ON_WALK,
618,1,take,O,GO_ON_WALK,
618,2,a,O,GO_ON_WALK,
618,3,long,B-WALK_LENGTH,GO_ON_WALK,
618,4,walk,O,GO_ON_WALK,
618,5,in,O,GO_ON_WALK,
618,6,sunny,B-WALK_WEATHER,GO_ON_WALK,
618,7,weather,I-WALK_WEATHER,GO_ON_WALK,
618,8,with,O,GO_ON_WALK,
618,9,the,O,GO_ON_WALK,
618,10,sandal,B-SHOE_TYPE,GO_ON_WALK,
618,11,next,B-NEXT_TO_RELATION,GO_ON_WALK,
618,12,to,I-NEXT_TO_RELATION,GO_ON_WALK,
618,13,rag_4,B-OBJECT_ID,GO_ON_WALK,
618,14,on,B-LOCATION_RELATION,GO_ON_WALK,
618,15,the,O,GO_ON_WALK,
618,16,floor,B-OBJECT_LOCATION,GO_ON_WALK,
619,1,take,O,GO_ON_WALK,
619,2,the,O,GO_ON_WALK,
619,3,rubber,B-MATERIAL,GO_ON_WALK,
619,4,sneaker,B-SHOE_TYPE,GO_ON_WALK,
619,5,out,O,GO_ON_WALK,
619,6,on,O,GO_ON_WALK,
619,7,the,O,GO_ON_WALK,
619,8,trail,B-WALK_PLACE,GO_ON_WALK,
620,1,go,O,GO_ON_WALK,
620,2,on,O,GO_ON_WALK,
620,3,a,O,GO_ON_WALK,
620,4,run,O,GO_ON_WALK,
620,5,with,O,GO_ON_WALK,
620,6,the,O,GO_ON_WALK,
620,7,brown,B-COLOR,GO_ON_WALK,
620,8,sneaker,B-SHOE_TYPE,GO_ON_WALK,
621,1,take,O,GO_ON_WALK,
621,2,the,O,GO_ON_WALK,
621,3,yellow,B-COLOR,GO_ON_WALK,
621,4,sandal,B-SHOE_TYPE,GO_ON_WALK,
621,5,next,B-NEXT_TO_RELATION,GO_ON_WALK,
621,6,to,I-NEXT_TO_RELATION,GO_ON_WALK,
621,7,cream_5,B-OBJECT_ID,GO_ON_WALK,
621,8,inside,B-LOCATION_RELATION,GO_ON_WALK,
621,9,the,O,GO_ON_WALK,
621,10,tool,B-OBJECT_LOCATION,GO_ON_WALK,
621,11,area,I-OBJECT_LOCATION,GO_ON_WALK,
621,12,outside,O,GO_ON_WALK,
621,13,for,O,GO_ON_WALK,
621,14,a,O,GO_ON_WALK,
621,15,long,B-WALK_LENGTH,GO_ON_WALK,
621,16,walk,O,GO_ON_WALK,
622,1,please,O,GO_ON_WALK,
622,2,take,O,GO_ON_WALK,
622,3,the,O,GO_ON_WALK,
622,4,red,B-COLOR,GO_ON_WALK,
622,5,sandal_88,B-OBJECT_ID,GO_ON_WALK,
622,6,on,O,GO_ON_WALK,
622,7,a,O,GO_ON_WALK,
622,8,walk,O,GO_ON_WALK,
623,1,please,O,GO_ON_WALK,
623,2,take,O,GO_ON_WALK,
623,3,the,O,GO_ON_WALK,
623,4,green,B-COLOR,GO_ON_WALK,
623,5,sneakers,B-SHOE_TYPE,GO_ON_WALK,
623,6,on,O,GO_ON_WALK,
623,7,a,O,GO_ON_WALK,
623,8,walk,O,GO_ON_WALK,
624,1,wear,O,GO_ON_WALK,
624,2,the,O,GO_ON_WALK,
624,3,yellow,B-COLOR,GO_ON_WALK,
624,4,canvas,B-MATERIAL,GO_ON_WALK,
624,5,sandal_9,B-OBJECT_ID,GO_ON_WALK,
624,6,beside,B-NEXT_TO_RELATION,GO_ON_WALK,
624,7,the,O,GO_ON_WALK,
624,8,blue,B-COLOR,GO_ON_WALK,
624,9,sneaker,B-SHOE_TYPE,GO_ON_WALK,
624,10,on,B-LOCATION_RELATION,GO_ON_WALK,
624,11,the,O,GO_ON_WALK,
624,12,middle,B-OBJECT_LOCATION,GO_ON_WALK,
624,13,shelf,I-OBJECT_LOCATION,GO_ON_WALK,
624,14,and,O,GO_ON_WALK,
624,15,walk,O,GO_ON_WALK,
624,16,around,O,GO_ON_WALK,
624,17,the,O,GO_ON_WALK,
624,18,forest,B-WALK_PLACE,GO_ON_WALK,
625,1,take,O,GO_ON_WALK,
625,2,the,O,GO_ON_WALK,
625,3,sneaker,B-SHOE_TYPE,GO_ON_WALK,
625,4,for,O,GO_ON_WALK,
625,5,a,O,GO_ON_WALK,
625,6,walk,O,GO_ON_WALK,
626,1,go,O,GO_ON_WALK,
626,2,on,O,GO_ON_WALK,
626,3,a,O,GO_ON_WALK,
626,4,medium,B-WALK_LENGTH,GO_ON_WALK,
626,5,walk,O,GO_ON_WALK,
626,6,with,O,GO_ON_WALK,
626,7,sandal_3,B-OBJECT_ID,GO_ON_WALK,
627,1,go,O,GO_ON_WALK,
627,2,for,O,GO_ON_WALK,
627,3,a,O,GO_ON_WALK,
627,4,jog,O,GO_ON_WALK,
627,5,with,O,GO_ON_WALK,
627,6,the,O,GO_ON_WALK,
627,7,green,B-COLOR,GO_ON_WALK,
627,8,leather,B-MATERIAL,GO_ON_WALK,
627,9,sneakers,B-SHOE_TYPE,GO_ON_WALK,
627,10,next,B-NEXT_TO_RELATION,GO_ON_WALK,
627,11,to,I-NEXT_TO_RELATION,GO_ON_WALK,
627,12,sole_glue_3,B-OBJECT_ID,GO_ON_WALK,
627,13,in,B-LOCATION_RELATION,GO_ON_WALK,
627,14,the,O,GO_ON_WALK,
627,15,tool,B-OBJECT_LOCATION,GO_ON_WALK,
627,16,area,I-OBJECT_LOCATION,GO_ON_WALK,
628,1,hike,O,GO_ON_WALK,
628,2,with,O,GO_ON_WALK,
628,3,the,O,GO_ON_WALK,
628,4,shoe,B-SHOE_TYPE,GO_ON_WALK,
629,1,go,O,GO_ON_WALK,
629,2,outside,O,GO_ON_WALK,
629,3,with,O,GO_ON_WALK,
629,4,the,O,GO_ON_WALK,
629,5,white,B-COLOR,GO_ON_WALK,
629,6,sneaker,B-SHOE_TYPE,GO_ON_WALK,
629,7,for,O,GO_ON_WALK,
629,8,a,O,GO_ON_WALK,
629,9,walk,O,GO_ON_WALK,
630,1,go,O,GO_ON_WALK,
630,2,for,O,GO_ON_WALK,
630,3,a,O,GO_ON_WALK,
630,4,jog,O,GO_ON_WALK,
630,5,with,O,GO_ON_WALK,
630,6,brown_boot_6,B-OBJECT_ID,GO_ON_WALK,
630,7,in,B-LOCATION_RELATION,GO_ON_WALK,
630,8,the,O,GO_ON_WALK,
630,9,drying,B-OBJECT_LOCATION,GO_ON_WALK,
630,10,area,I-OBJECT_LOCATION,GO_ON_WALK,
630,11,next,B-NEXT_TO_RELATION,GO_ON_WALK,
630,12,to,I-NEXT_TO_RELATION,GO_ON_WALK,
630,13,the,O,GO_ON_WALK,
630,14,red,B-COLOR,GO_ON_WALK,
630,15,boot,B-SHOE_TYPE,GO_ON_WALK,
631,1,I,O,GO_ON_WALK,
631,2,want,O,GO_ON_WALK,
631,3,to,O,GO_ON_WALK,
631,4,go,O,GO_ON_WALK,
631,5,walking,O,GO_ON_WALK,
631,6,with,O,GO_ON_WALK,
631,7,sneaker_14,B-OBJECT_ID,GO_ON_WALK,
631,8,through,O,GO_ON_WALK,
631,9,the,O,GO_ON_WALK,
631,10,park,B-WALK_PLACE,GO_ON_WALK,
632,1,could,O,GO_ON_WALK,
632,2,you,O,GO_ON_WALK,
632,3,take,O,GO_ON_WALK,
632,4,the,O,GO_ON_WALK,
632,5,boots,B-SHOE_TYPE,GO_ON_WALK,
632,6,for,O,GO_ON_WALK,
632,7,a,O,GO_ON_WALK,
632,8,rainy,B-WALK_WEATHER,GO_ON_WALK,
632,9,walk,O,GO_ON_WALK,
632,10,on,O,GO_ON_WALK,
632,11,the,O,GO_ON_WALK,
632,12,trail,B-WALK_PLACE,GO_ON_WALK,
633,1,let,O,GO_ON_WALK,
633,2,us,O,GO_ON_WALK,
633,3,do,O,GO_ON_WALK,
633,4,a,O,GO_ON_WALK,
633,5,short,B-WALK_LENGTH,GO_ON_WALK,
633,6,walk,O,GO_ON_WALK,
633,7,with,O,GO_ON_WALK,
633,8,the,O,GO_ON_WALK,
633,9,brown_sandal_4,B-OBJECT_ID,GO_ON_WALK,
634,1,I,O,GO_ON_WALK,
634,2,feel,O,GO_ON_WALK,
634,3,like,O,GO_ON_WALK,
634,4,going,O,GO_ON_WALK,
634,5,for,O,GO_ON_WALK,
634,6,a,O,GO_ON_WALK,
634,7,run,O,GO_ON_WALK,
634,8,in,O,GO_ON_WALK,
634,9,the,O,GO_ON_WALK,
634,10,city,B-WALK_PLACE,GO_ON_WALK,
634,11,with,O,GO_ON_WALK,
634,12,the,O,GO_ON_WALK,
634,13,very,B-CLEANING_STATUS,GO_ON_WALK,
634,14,dirty,B-CLEANING_STATUS,GO_ON_WALK,
634,15,sneaker,B-SHOE_TYPE,GO_ON_WALK,
634,16,on,B-LOCATION_RELATION,GO_ON_WALK,
634,17,the,O,GO_ON_WALK,
634,18,top,B-OBJECT_LOCATION,GO_ON_WALK,
634,19,shelf,I-OBJECT_LOCATION,GO_ON_WALK,
634,20,next,O,GO_ON_WALK,
634,21,to,O,GO_ON_WALK,
634,22,brush_12s,O,GO_ON_WALK,
635,1,please,O,GO_ON_WALK,
635,2,go,O,GO_ON_WALK,
635,3,out,O,GO_ON_WALK,
635,4,walking,O,GO_ON_WALK,
635,5,in,O,GO_ON_WALK,
635,6,the,O,GO_ON_WALK,
635,7,forest,B-WALK_PLACE,GO_ON_WALK,
635,8,with,O,GO_ON_WALK,
635,9,boot_8,B-OBJECT_ID,GO_ON_WALK,
636,1,take,O,GO_ON_WALK,
636,2,the,O,GO_ON_WALK,
636,3,shoe,B-SHOE_TYPE,GO_ON_WALK,
636,4,for,O,GO_ON_WALK,
636,5,a,O,GO_ON_WALK,
636,6,medium,B-WALK_LENGTH,GO_ON_WALK,
636,7,walk,O,GO_ON_WALK,
636,8,maybe,O,GO_ON_WALK,
636,9,around,O,GO_ON_WALK,
636,10,the,O,GO_ON_WALK,
636,11,street,B-WALK_PLACE,GO_ON_WALK,
637,1,can,O,GO_ON_WALK,
637,2,we,O,GO_ON_WALK,
637,3,walk,O,GO_ON_WALK,
637,4,the,O,GO_ON_WALK,
637,5,leather,B-MATERIAL,GO_ON_WALK,
637,6,boot,B-SHOE_TYPE,GO_ON_WALK,
637,7,inside,B-LOCATION_RELATION,GO_ON_WALK,
637,8,the,O,GO_ON_WALK,
637,9,tool,B-OBJECT_LOCATION,GO_ON_WALK,
637,10,area,I-OBJECT_LOCATION,GO_ON_WALK,
637,11,next,B-NEXT_TO_RELATION,GO_ON_WALK,
637,12,to,I-NEXT_TO_RELATION,GO_ON_WALK,
637,13,the,O,GO_ON_WALK,
637,14,spray,B-IMPREGNATION_TOOL_TYPE,GO_ON_WALK,
637,15,bottles,O,GO_ON_WALK,
637,16,through,O,GO_ON_WALK,
637,17,the,O,GO_ON_WALK,
637,18,garden,B-WALK_PLACE,GO_ON_WALK,
638,1,I,O,GO_ON_WALK,
638,2,want,O,GO_ON_WALK,
638,3,a,O,GO_ON_WALK,
638,4,long,B-WALK_LENGTH,GO_ON_WALK,
638,5,hike,O,GO_ON_WALK,
638,6,with,O,GO_ON_WALK,
638,7,the,O,GO_ON_WALK,
638,8,high,B-SHOE_HEIGHT,GO_ON_WALK,
638,9,boot,B-SHOE_TYPE,GO_ON_WALK,
638,10,on,O,GO_ON_WALK,
638,11,the,O,GO_ON_WALK,
638,12,trail,B-WALK_PLACE,GO_ON_WALK,
639,1,head,O,GO_ON_WALK,
639,2,outside,O,GO_ON_WALK,
639,3,with,O,GO_ON_WALK,
639,4,sneake_22,B-OBJECT_ID,GO_ON_WALK,
639,5,for,O,GO_ON_WALK,
639,6,a,O,GO_ON_WALK,
639,7,sunny,B-WALK_WEATHER,GO_ON_WALK,
639,8,walk,O,GO_ON_WALK,
640,1,use,O,GO_ON_WALK,
640,2,the,O,GO_ON_WALK,
640,3,sandal,B-SHOE_TYPE,GO_ON_WALK,
640,4,from,B-LOCATION_RELATION,GO_ON_WALK,
640,5,the,O,GO_ON_WALK,
640,6,middle,B-OBJECT_LOCATION,GO_ON_WALK,
640,7,shelf,I-OBJECT_LOCATION,GO_ON_WALK,
640,8,next,B-NEXT_TO_RELATION,GO_ON_WALK,
640,9,to,I-NEXT_TO_RELATION,GO_ON_WALK,
640,10,the,O,GO_ON_WALK,
640,11,green,B-COLOR,GO_ON_WALK,
640,12,sandals,B-SHOE_TYPE,GO_ON_WALK,
640,13,for,O,GO_ON_WALK,
640,14,walking,O,GO_ON_WALK,
640,15,around,O,GO_ON_WALK,
640,16,the,O,GO_ON_WALK,
640,17,playground,B-WALK_PLACE,GO_ON_WALK,
641,1,seal,O,IMPREGNATE,
641,2,the,O,IMPREGNATE,
641,3,black,B-COLOR,IMPREGNATE,
641,4,leather,B-MATERIAL,IMPREGNATE,
641,5,sandals,B-SHOE_TYPE,IMPREGNATE,
641,6,next,B-NEXT_TO_RELATION,IMPREGNATE,
641,7,to,I-NEXT_TO_RELATION,IMPREGNATE,
641,8,the,O,IMPREGNATE,
641,9,brown,B-COLOR,IMPREGNATE,
641,10,sandal,B-SHOE_TYPE,IMPREGNATE,
641,11,with,B-BEFORE_SENTENCE_SPLIT,IMPREGNATE,
641,12,the,O,IMPREGNATE,
641,13,spray,B-IMPREGNATION_TOOL_TYPE,IMPREGNATE,
642,1,add,O,IMPREGNATE,
642,2,a,O,IMPREGNATE,
642,3,protective,O,IMPREGNATE,
642,4,layer,O,IMPREGNATE,
642,5,to,O,IMPREGNATE,
642,6,the,O,IMPREGNATE,
642,7,black,B-COLOR,IMPREGNATE,
642,8,leather,B-MATERIAL,IMPREGNATE,
642,9,sneaker,B-SHOE_TYPE,IMPREGNATE,
643,1,apply,O,IMPREGNATE,
643,2,cream,B-IMPREGNATION_TOOL_TYPE,IMPREGNATE,
643,3,to,B-AFTER_SENTENCE_SPLIT,IMPREGNATE,
643,4,the,O,IMPREGNATE,
643,5,white,B-COLOR,IMPREGNATE,
643,6,leather,B-MATERIAL,IMPREGNATE,
643,7,boots,B-SHOE_TYPE,IMPREGNATE,
644,1,cover,O,IMPREGNATE,
644,2,wet_boot_11,B-OBJECT_ID,IMPREGNATE,
644,3,with,B-BEFORE_SENTENCE_SPLIT,IMPREGNATE,
644,4,waterproofing,O,IMPREGNATE,
644,5,cream,B-IMPREGNATION_TOOL_TYPE,IMPREGNATE,
644,6,next,B-NEXT_TO_RELATION,IMPREGNATE,
644,7,to,I-NEXT_TO_RELATION,IMPREGNATE,
644,8,sneaker_12,B-OBJECT_ID,IMPREGNATE,
645,1,rub,O,IMPREGNATE,
645,2,cream,B-IMPREGNATION_TOOL_TYPE,IMPREGNATE,
645,3,into,B-AFTER_SENTENCE_SPLIT,IMPREGNATE,
645,4,the,O,IMPREGNATE,
645,5,blue,B-COLOR,IMPREGNATE,
645,6,suede,B-MATERIAL,IMPREGNATE,
645,7,sandal,B-SHOE_TYPE,IMPREGNATE,
645,8,for,O,IMPREGNATE,
645,9,protection,O,IMPREGNATE,
646,1,please,O,IMPREGNATE,
646,2,waterproof,O,IMPREGNATE,
646,3,the,O,IMPREGNATE,
646,4,black,B-COLOR,IMPREGNATE,
646,5,suede,B-MATERIAL,IMPREGNATE,
646,6,boot_6,B-OBJECT_ID,IMPREGNATE,
647,1,please,O,IMPREGNATE,
647,2,waterproof,O,IMPREGNATE,
647,3,the,O,IMPREGNATE,
647,4,black,B-COLOR,IMPREGNATE,
647,5,sneaker,B-SHOE_TYPE,IMPREGNATE,
647,6,next,B-NEXT_TO_RELATION,IMPREGNATE,
647,7,to,I-NEXT_TO_RELATION,IMPREGNATE,
647,8,the,O,IMPREGNATE,
647,9,cleaning,O,IMPREGNATE,
647,10,brush,B-CLEANING_TOOL_TYPE,IMPREGNATE,
648,1,coat,O,IMPREGNATE,
648,2,the,O,IMPREGNATE,
648,3,green,B-COLOR,IMPREGNATE,
648,4,mid,B-SHOE_HEIGHT,IMPREGNATE,
648,5,boot,B-SHOE_TYPE,IMPREGNATE,
648,6,with,B-BEFORE_SENTENCE_SPLIT,IMPREGNATE,
648,7,the,O,IMPREGNATE,
648,8,cream,B-IMPREGNATION_TOOL_TYPE,IMPREGNATE,
649,1,make,O,IMPREGNATE,
649,2,sure,O,IMPREGNATE,
649,3,the,O,IMPREGNATE,
649,4,black,B-COLOR,IMPREGNATE,
649,5,boot_5,B-OBJECT_ID,IMPREGNATE,
649,6,is,O,IMPREGNATE,
649,7,protected,O,IMPREGNATE,
649,8,from,O,IMPREGNATE,
649,9,water,O,IMPREGNATE,
650,1,protect,O,IMPREGNATE,
650,2,rubber_sandal_6,B-OBJECT_ID,IMPREGNATE,
650,3,with,B-BEFORE_SENTENCE_SPLIT,IMPREGNATE,
650,4,the,O,IMPREGNATE,
650,5,spray,B-IMPREGNATION_TOOL_TYPE,IMPREGNATE,
651,1,rub,O,IMPREGNATE,
651,2,cream,B-IMPREGNATION_TOOL_TYPE,IMPREGNATE,
651,3,into,B-AFTER_SENTENCE_SPLIT,IMPREGNATE,
651,4,canvas_sneaker_9,B-OBJECT_ID,IMPREGNATE,
651,5,next,B-NEXT_TO_RELATION,IMPREGNATE,
651,6,to,I-NEXT_TO_RELATION,IMPREGNATE,
651,7,spray_7,B-OBJECT_ID,IMPREGNATE,
651,8,for,O,IMPREGNATE,
651,9,protection,O,IMPREGNATE,
652,1,apply,O,IMPREGNATE,
652,2,spray,B-IMPREGNATION_TOOL_TYPE,IMPREGNATE,
652,3,to,B-AFTER_SENTENCE_SPLIT,IMPREGNATE,
652,4,sandal_88,B-OBJECT_ID,IMPREGNATE,
653,1,impregnate,O,IMPREGNATE,
653,2,the,O,IMPREGNATE,
653,3,blue,B-COLOR,IMPREGNATE,
653,4,canvas,B-MATERIAL,IMPREGNATE,
653,5,boot_2,B-OBJECT_ID,IMPREGNATE,
653,6,with,B-BEFORE_SENTENCE_SPLIT,IMPREGNATE,
653,7,the,O,IMPREGNATE,
653,8,cream,B-IMPREGNATION_TOOL_TYPE,IMPREGNATE,
654,1,give,O,IMPREGNATE,
654,2,the,O,IMPREGNATE,
654,3,rubber,B-MATERIAL,IMPREGNATE,
654,4,sneakers,B-SHOE_TYPE,IMPREGNATE,
654,5,next,B-NEXT_TO_RELATION,IMPREGNATE,
654,6,to,I-NEXT_TO_RELATION,IMPREGNATE,
654,7,the,O,IMPREGNATE,
654,8,sole,B-REPAIR_TOOL_TYPE,IMPREGNATE,
654,9,hammer,I-REPAIR_TOOL_TYPE,IMPREGNATE,
654,10,a,O,IMPREGNATE,
654,11,waterproof,O,IMPREGNATE,
654,12,treatment,O,IMPREGNATE,
655,1,prepare,O,IMPREGNATE,
655,2,brown_boot_6,B-OBJECT_ID,IMPREGNATE,
655,3,for,O,IMPREGNATE,
655,4,rain,O,IMPREGNATE,
655,5,with,B-BEFORE_SENTENCE_SPLIT,IMPREGNATE,
655,6,the,O,IMPREGNATE,
655,7,cream,B-IMPREGNATION_TOOL_TYPE,IMPREGNATE,
656,1,waterproof,O,IMPREGNATE,
656,2,the,O,IMPREGNATE,
657,1,rub,O,IMPREGNATE,
657,2,cream,B-IMPREGNATION_TOOL_TYPE,IMPREGNATE,
657,3,into,B-AFTER_SENTENCE_SPLIT,IMPREGNATE,
657,4,the,O,IMPREGNATE,
657,5,green,B-COLOR,IMPREGNATE,
657,6,sneaker,B-SHOE_TYPE,IMPREGNATE,
657,7,for,O,IMPREGNATE,
657,8,protection,O,IMPREGNATE,
658,1,the,O,IMPREGNATE,
658,2,shoe,O,IMPREGNATE,
658,3,is,O,IMPREGNATE,
658,4,unprotected,B-IMPREGNATION_STATUS,IMPREGNATE,
658,5,use,B-BEFORE_SENTENCE_SPLIT,IMPREGNATE,
658,6,the,O,IMPREGNATE,
658,7,cream,B-IMPREGNATION_TOOL_TYPE,IMPREGNATE,
658,8,next,B-NEXT_TO_RELATION,IMPREGNATE,
658,9,to,I-NEXT_TO_RELATION,IMPREGNATE,
658,10,the,O,IMPREGNATE,
658,11,black,B-COLOR,IMPREGNATE,
658,12,boot,B-SHOE_TYPE,IMPREGNATE,
658,13,in,B-LOCATION_RELATION,IMPREGNATE,
658,14,the,O,IMPREGNATE,
658,15,drying,B-OBJECT_LOCATION,IMPREGNATE,
658,16,area,I-OBJECT_LOCATION,IMPREGNATE,
658,17,on,O,IMPREGNATE,
658,18,it,O,IMPREGNATE,
659,1,treat,O,IMPREGNATE,
659,2,the,O,IMPREGNATE,
659,3,high,B-SHOE_HEIGHT,IMPREGNATE,
659,4,boot_2,B-OBJECT_ID,IMPREGNATE,
659,5,with,B-BEFORE_SENTENCE_SPLIT,IMPREGNATE,
659,6,waterproofing,O,IMPREGNATE,
659,7,spray,B-IMPREGNATION_TOOL_TYPE,IMPREGNATE,
660,1,please,O,IMPREGNATE,
660,2,waterproof,O,IMPREGNATE,
660,3,brown_boot_6,B-OBJECT_ID,IMPREGNATE,
661,1,cover,O,IMPREGNATE,
661,2,the,O,IMPREGNATE,
661,3,green,B-COLOR,IMPREGNATE,
661,4,leather,B-MATERIAL,IMPREGNATE,
661,5,sandal,B-SHOE_TYPE,IMPREGNATE,
661,6,next,B-NEXT_TO_RELATION,IMPREGNATE,
661,7,to,I-NEXT_TO_RELATION,IMPREGNATE,
661,8,rag_4,B-OBJECT_ID,IMPREGNATE,
661,9,on,B-LOCATION_RELATION,IMPREGNATE,
661,10,the,O,IMPREGNATE,
661,11,floor,B-OBJECT_LOCATION,IMPREGNATE,
661,12,with,B-BEFORE_SENTENCE_SPLIT,IMPREGNATE,
661,13,waterproofing,O,IMPREGNATE,
661,14,cream,B-IMPREGNATION_TOOL_TYPE,IMPREGNATE,
662,1,apply,O,IMPREGNATE,
662,2,cream,B-IMPREGNATION_TOOL_TYPE,IMPREGNATE,
662,3,to,B-AFTER_SENTENCE_SPLIT,IMPREGNATE,
662,4,the,O,IMPREGNATE,
662,5,canvas,B-MATERIAL,IMPREGNATE,
662,6,sneaker,B-SHOE_TYPE,IMPREGNATE,
663,1,please,O,IMPREGNATE,
663,2,waterproof,O,IMPREGNATE,
663,3,the,O,IMPREGNATE,
663,4,suede,B-MATERIAL,IMPREGNATE,
663,5,sneaker,B-SHOE_TYPE,IMPREGNATE,
664,1,spray,B-IMPREGNATION_TOOL_TYPE,IMPREGNATE,
664,2,the,O,IMPREGNATE,
664,3,yellow,B-COLOR,IMPREGNATE,
664,4,leather,B-MATERIAL,IMPREGNATE,
664,5,sneaker,B-SHOE_TYPE,IMPREGNATE,
664,6,to,O,IMPREGNATE,
664,7,protect,O,IMPREGNATE,
664,8,it,O,IMPREGNATE,
665,1,coat,O,IMPREGNATE,
665,2,the,O,IMPREGNATE,
665,3,suede,B-MATERIAL,IMPREGNATE,
665,4,boot,B-SHOE_TYPE,IMPREGNATE,
665,5,with,B-BEFORE_SENTENCE_SPLIT,IMPREGNATE,
665,6,the,O,IMPREGNATE,
665,7,cream,B-IMPREGNATION_TOOL_TYPE,IMPREGNATE,
665,8,next,B-NEXT_TO_RELATION,IMPREGNATE,
665,9,to,I-NEXT_TO_RELATION,IMPREGNATE,
665,10,cream_5,B-OBJECT_ID,IMPREGNATE,
665,11,inside,B-LOCATION_RELATION,IMPREGNATE,
665,12,the,O,IMPREGNATE,
665,13,tool,B-OBJECT_LOCATION,IMPREGNATE,
665,14,area,I-OBJECT_LOCATION,IMPREGNATE,
666,1,use,O,IMPREGNATE,
666,2,impregnation,O,IMPREGNATE,
666,3,spray,B-IMPREGNATION_TOOL_TYPE,IMPREGNATE,
666,4,on,B-AFTER_SENTENCE_SPLIT,IMPREGNATE,
666,5,the,O,IMPREGNATE,
666,6,red,B-COLOR,IMPREGNATE,
666,7,canvas,B-MATERIAL,IMPREGNATE,
666,8,boot,B-SHOE_TYPE,IMPREGNATE,
667,1,use,O,IMPREGNATE,
667,2,impregnation,O,IMPREGNATE,
667,3,spray,B-IMPREGNATION_TOOL_TYPE,IMPREGNATE,
667,4,on,B-AFTER_SENTENCE_SPLIT,IMPREGNATE,
667,5,the,O,IMPREGNATE,
667,6,rubber,B-MATERIAL,IMPREGNATE,
667,7,sneaker,B-SHOE_TYPE,IMPREGNATE,
668,1,coat,O,IMPREGNATE,
668,2,the,O,IMPREGNATE,
668,3,brown,B-COLOR,IMPREGNATE,
668,4,rubber,B-MATERIAL,IMPREGNATE,
668,5,sneakers,B-SHOE_TYPE,IMPREGNATE,
668,6,beside,B-NEXT_TO_RELATION,IMPREGNATE,
668,7,the,O,IMPREGNATE,
668,8,blue,B-COLOR,IMPREGNATE,
668,9,sneaker,B-SHOE_TYPE,IMPREGNATE,
668,10,on,B-LOCATION_RELATION,IMPREGNATE,
668,11,the,O,IMPREGNATE,
668,12,middle,B-OBJECT_LOCATION,IMPREGNATE,
668,13,shelf,I-OBJECT_LOCATION,IMPREGNATE,
668,14,with,B-BEFORE_SENTENCE_SPLIT,IMPREGNATE,
668,15,the,O,IMPREGNATE,
668,16,spray,B-IMPREGNATION_TOOL_TYPE,IMPREGNATE,
669,1,add,O,IMPREGNATE,
669,2,a,O,IMPREGNATE,
669,3,protective,O,IMPREGNATE,
669,4,layer,O,IMPREGNATE,
669,5,to,O,IMPREGNATE,
669,6,the,O,IMPREGNATE,
669,7,red,B-COLOR,IMPREGNATE,
669,8,sandal_9,B-OBJECT_ID,IMPREGNATE,
670,1,rub,O,IMPREGNATE,
670,2,cream,B-IMPREGNATION_TOOL_TYPE,IMPREGNATE,
670,3,into,B-AFTER_SENTENCE_SPLIT,IMPREGNATE,
670,4,the,O,IMPREGNATE,
670,5,boots,B-SHOE_TYPE,IMPREGNATE,
670,6,for,O,IMPREGNATE,
670,7,protection,O,IMPREGNATE,
671,1,rub,O,IMPREGNATE,
671,2,cream,B-IMPREGNATION_TOOL_TYPE,IMPREGNATE,
671,3,next,B-NEXT_TO_RELATION,IMPREGNATE,
671,4,to,I-NEXT_TO_RELATION,IMPREGNATE,
671,5,sole_glue_3,B-OBJECT_ID,IMPREGNATE,
671,6,in,B-LOCATION_RELATION,IMPREGNATE,
671,7,the,O,IMPREGNATE,
671,8,tool,B-OBJECT_LOCATION,IMPREGNATE,
671,9,area,I-OBJECT_LOCATION,IMPREGNATE,
671,10,into,B-AFTER_SENTENCE_SPLIT,IMPREGNATE,
671,11,the,O,IMPREGNATE,
671,12,yellow,B-COLOR,IMPREGNATE,
671,13,sneakers,B-SHOE_TYPE,IMPREGNATE,
671,14,for,O,IMPREGNATE,
671,15,protection,O,IMPREGNATE,
672,1,use,O,IMPREGNATE,
672,2,the,O,IMPREGNATE,
672,3,cream,B-IMPREGNATION_TOOL_TYPE,IMPREGNATE,
672,4,to,B-AFTER_SENTENCE_SPLIT,IMPREGNATE,
672,5,impregnate,O,IMPREGNATE,
672,6,the,O,IMPREGNATE,
672,7,clean,B-CLEANING_STATUS,IMPREGNATE,
672,8,sandal,B-SHOE_TYPE,IMPREGNATE,
673,1,prepare,O,IMPREGNATE,
673,2,the,O,IMPREGNATE,
673,3,high,B-SHOE_HEIGHT,IMPREGNATE,
673,4,sneakers,B-SHOE_TYPE,IMPREGNATE,
673,5,for,O,IMPREGNATE,
673,6,rain,O,IMPREGNATE,
673,7,with,B-BEFORE_SENTENCE_SPLIT,IMPREGNATE,
673,8,the,O,IMPREGNATE,
673,9,spray,B-IMPREGNATION_TOOL_TYPE,IMPREGNATE,
674,1,treat,O,IMPREGNATE,
674,2,the,O,IMPREGNATE,
674,3,sneaker,B-SHOE_TYPE,IMPREGNATE,
674,4,in,B-LOCATION_RELATION,IMPREGNATE,
674,5,the,O,IMPREGNATE,
674,6,drying,B-OBJECT_LOCATION,IMPREGNATE,
674,7,area,I-OBJECT_LOCATION,IMPREGNATE,
674,8,next,B-NEXT_TO_RELATION,IMPREGNATE,
674,9,to,I-NEXT_TO_RELATION,IMPREGNATE,
674,10,the,O,IMPREGNATE,
674,11,red,B-COLOR,IMPREGNATE,
674,12,boot,B-SHOE_TYPE,IMPREGNATE,
674,13,with,B-BEFORE_SENTENCE_SPLIT,IMPREGNATE,
674,14,waterproofing,O,IMPREGNATE,
674,15,spray,B-IMPREGNATION_TOOL_TYPE,IMPREGNATE,
675,1,add,O,IMPREGNATE,
675,2,a,O,IMPREGNATE,
675,3,protective,O,IMPREGNATE,
675,4,layer,O,IMPREGNATE,
675,5,to,O,IMPREGNATE,
675,6,the,O,IMPREGNATE,
675,7,brown,B-COLOR,IMPREGNATE,
675,8,boot,B-SHOE_TYPE,IMPREGNATE,
676,1,use,O,IMPREGNATE,
676,2,the,O,IMPREGNATE,
676,3,spray,B-IMPREGNATION_TOOL_TYPE,IMPREGNATE,
676,4,on,B-AFTER_SENTENCE_SPLIT,IMPREGNATE,
676,5,the,O,IMPREGNATE,
676,6,sandal,B-SHOE_TYPE,IMPREGNATE,
676,7,to,O,IMPREGNATE,
676,8,protect,O,IMPREGNATE,
676,9,it,O,IMPREGNATE,
677,1,make,O,IMPREGNATE,
677,2,the,O,IMPREGNATE,
677,3,sandal,B-SHOE_TYPE,IMPREGNATE,
677,4,on,B-LOCATION_RELATION,IMPREGNATE,
677,5,the,O,IMPREGNATE,
677,6,top,B-OBJECT_LOCATION,IMPREGNATE,
677,7,shelf,I-OBJECT_LOCATION,IMPREGNATE,
677,8,next,B-NEXT_TO_RELATION,IMPREGNATE,
677,9,to,I-NEXT_TO_RELATION,IMPREGNATE,
677,10,brush_12,B-OBJECT_ID,IMPREGNATE,
677,11,waterproof,O,IMPREGNATE,
678,1,apply,O,IMPREGNATE,
678,2,cream,B-IMPREGNATION_TOOL_TYPE,IMPREGNATE,
678,3,to,B-AFTER_SENTENCE_SPLIT,IMPREGNATE,
679,1,prepare,O,IMPREGNATE,
679,2,the,O,IMPREGNATE,
679,3,sandal,B-SHOE_TYPE,IMPREGNATE,
679,4,for,O,IMPREGNATE,
679,5,rain,O,IMPREGNATE,
679,6,with,B-BEFORE_SENTENCE_SPLIT,IMPREGNATE,
679,7,the,O,IMPREGNATE,
679,8,spray,B-IMPREGNATION_TOOL_TYPE,IMPREGNATE,
680,1,cover,O,IMPREGNATE,
680,2,the,O,IMPREGNATE,
680,3,green,B-COLOR,IMPREGNATE,
680,4,sandal,B-SHOE_TYPE,IMPREGNATE,
680,5,with,B-BEFORE_SENTENCE_SPLIT,IMPREGNATE,
680,6,waterproofing,O,IMPREGNATE,
680,7,cream,B-IMPREGNATION_TOOL_TYPE,IMPREGNATE,
681,1,impregnate,O,IMPREGNATE,
681,2,shoe_1,B-OBJECT_ID,IMPREGNATE,
681,3,inside,B-LOCATION_RELATION,IMPREGNATE,
681,4,the,O,IMPREGNATE,
681,5,floor,B-OBJECT_LOCATION,IMPREGNATE,
681,6,box,I-OBJECT_LOCATION,IMPREGNATE,
681,7,next,B-NEXT_TO_RELATION,IMPREGNATE,
681,8,to,I-NEXT_TO_RELATION,IMPREGNATE,
681,9,the,O,IMPREGNATE,
681,10,spray,B-IMPREGNATION_TOOL_TYPE,IMPREGNATE,
681,11,bottle,O,IMPREGNATE,
682,1,use,O,IMPREGNATE,
682,2,impregnation,O,IMPREGNATE,
682,3,spray,B-IMPREGNATION_TOOL_TYPE,IMPREGNATE,
682,4,on,B-AFTER_SENTENCE_SPLIT,IMPREGNATE,
682,5,the,O,IMPREGNATE,
682,6,sneakers,B-SHOE_TYPE,IMPREGNATE,
683,1,waterproof,O,IMPREGNATE,
683,2,the,O,IMPREGNATE,
683,3,boot_2,B-OBJECT_ID,IMPREGNATE,
683,4,before,O,IMPREGNATE,
683,5,the,O,IMPREGNATE,
683,6,walk,O,IMPREGNATE,
684,1,please,O,IMPREGNATE,
684,2,waterproof,O,IMPREGNATE,
684,3,the,O,IMPREGNATE,
684,4,green,B-COLOR,IMPREGNATE,
684,5,boot,B-SHOE_TYPE,IMPREGNATE,
684,6,from,B-LOCATION_RELATION,IMPREGNATE,
684,7,the,O,IMPREGNATE,
684,8,middle,B-OBJECT_LOCATION,IMPREGNATE,
684,9,shelf,I-OBJECT_LOCATION,IMPREGNATE,
684,10,next,B-NEXT_TO_RELATION,IMPREGNATE,
684,11,to,I-NEXT_TO_RELATION,IMPREGNATE,
684,12,the,O,IMPREGNATE,
684,13,green,B-COLOR,IMPREGNATE,
684,14,sandal,B-SHOE_TYPE,IMPREGNATE,
685,1,make,O,IMPREGNATE,
685,2,sneaker_1,B-OBJECT_ID,IMPREGNATE,
685,3,waterproof,O,IMPREGNATE,
686,1,make,O,IMPREGNATE,
686,2,sure,O,IMPREGNATE,
686,3,the,O,IMPREGNATE,
686,4,high,B-SHOE_HEIGHT,IMPREGNATE,
686,5,sandal_3,B-OBJECT_ID,IMPREGNATE,
686,6,is,O,IMPREGNATE,
686,7,protected,O,IMPREGNATE,
686,8,from,O,IMPREGNATE,
686,9,water,O,IMPREGNATE,
687,1,use,B-BEFORE_SENTENCE_SPLIT,IMPREGNATE,
687,2,spray,B-IMPREGNATION_TOOL_TYPE,IMPREGNATE,
687,3,on,B-LOCATION_RELATION,IMPREGNATE,
687,4,the,O,IMPREGNATE,
687,5,floor,B-OBJECT_LOCATION,IMPREGNATE,
687,6,next,B-NEXT_TO_RELATION,IMPREGNATE,
687,7,to,I-NEXT_TO_RELATION,IMPREGNATE,
687,8,cleaner_3,B-OBJECT_ID,IMPREGNATE,
688,1,prepare,O,IMPREGNATE,
688,2,the,O,IMPREGNATE,
688,3,green,B-COLOR,IMPREGNATE,
688,4,leather,B-MATERIAL,IMPREGNATE,
688,5,boot,B-SHOE_TYPE,IMPREGNATE,
688,6,for,O,IMPREGNATE,
688,7,rain,O,IMPREGNATE,
688,8,with,B-BEFORE_SENTENCE_SPLIT,IMPREGNATE,
688,9,the,O,IMPREGNATE,
688,10,cream,B-IMPREGNATION_TOOL_TYPE,IMPREGNATE,
689,1,give,O,IMPREGNATE,
689,2,the,O,IMPREGNATE,
689,3,brown,B-COLOR,IMPREGNATE,
689,4,canvas,B-MATERIAL,IMPREGNATE,
689,5,boots,B-SHOE_TYPE,IMPREGNATE,
689,6,a,O,IMPREGNATE,
689,7,waterproof,O,IMPREGNATE,
689,8,treatment,O,IMPREGNATE,
690,1,add,O,IMPREGNATE,
690,2,a,O,IMPREGNATE,
690,3,protective,O,IMPREGNATE,
690,4,layer,O,IMPREGNATE,
690,5,to,O,IMPREGNATE,
690,6,the,O,IMPREGNATE,
690,7,leather,B-MATERIAL,IMPREGNATE,
690,8,sneaker,B-SHOE_TYPE,IMPREGNATE,
690,9,next,B-NEXT_TO_RELATION,IMPREGNATE,
690,10,to,I-NEXT_TO_RELATION,IMPREGNATE,
690,11,the,O,IMPREGNATE,
690,12,hammer,B-REPAIR_TOOL_TYPE,IMPREGNATE,
690,13,inside,B-LOCATION_RELATION,IMPREGNATE,
690,14,the,O,IMPREGNATE,
690,15,drying,B-OBJECT_LOCATION,IMPREGNATE,
690,16,area,I-OBJECT_LOCATION,IMPREGNATE,
690,17,next,B-NEXT_TO_RELATION,IMPREGNATE,
690,18,to,I-NEXT_TO_RELATION,IMPREGNATE,
690,19,spray_7,B-OBJECT_ID,IMPREGNATE,
691,1,add,O,IMPREGNATE,
691,2,a,O,IMPREGNATE,
691,3,protective,O,IMPREGNATE,
691,4,layer,O,IMPREGNATE,
691,5,to,O,IMPREGNATE,
691,6,the,O,IMPREGNATE,
691,7,yellow,B-COLOR,IMPREGNATE,
691,8,sneaker,B-SHOE_TYPE,IMPREGNATE,
692,1,rub,O,IMPREGNATE,
692,2,cream,B-IMPREGNATION_TOOL_TYPE,IMPREGNATE,
692,3,into,B-AFTER_SENTENCE_SPLIT,IMPREGNATE,
692,4,the,O,IMPREGNATE,
692,5,suede,B-MATERIAL,IMPREGNATE,
692,6,boot,B-SHOE_TYPE,IMPREGNATE,
692,7,for,O,IMPREGNATE,
692,8,protection,O,IMPREGNATE,
693,1,apply,O,IMPREGNATE,
693,2,cream,B-IMPREGNATION_TOOL_TYPE,IMPREGNATE,
693,3,to,B-AFTER_SENTENCE_SPLIT,IMPREGNATE,
693,4,the,O,IMPREGNATE,
693,5,clean,B-CLEANING_STATUS,IMPREGNATE,
693,6,sneaker,B-SHOE_TYPE,IMPREGNATE,
694,1,the,O,IMPREGNATE,
694,2,shoe,B-SHOE_TYPE,IMPREGNATE,
694,3,next,B-NEXT_TO_RELATION,IMPREGNATE,
694,4,to,I-NEXT_TO_RELATION,IMPREGNATE,
694,5,the,O,IMPREGNATE,
694,6,canvas,B-MATERIAL,IMPREGNATE,
694,7,boot,B-SHOE_TYPE,IMPREGNATE,
694,8,on,B-LOCATION_RELATION,IMPREGNATE,
694,9,the,O,IMPREGNATE,
694,10,bottom,B-OBJECT_LOCATION,IMPREGNATE,
694,11,shelf,I-OBJECT_LOCATION,IMPREGNATE,
694,12,is,O,IMPREGNATE,
694,13,unprotected,B-IMPREGNATION_STATUS,IMPREGNATE,
694,14,use,B-BEFORE_SENTENCE_SPLIT,IMPREGNATE,
694,15,the,O,IMPREGNATE,
694,16,spray,B-IMPREGNATION_TOOL_TYPE,IMPREGNATE,
694,17,on,O,IMPREGNATE,
694,18,it,O,IMPREGNATE,
695,1,protect,O,IMPREGNATE,
695,2,the,O,IMPREGNATE,
695,3,shoe_10,B-OBJECT_ID,IMPREGNATE,
696,1,impregnate,O,IMPREGNATE,
696,2,the,O,IMPREGNATE,
696,3,red,B-COLOR,IMPREGNATE,
696,4,sandal_3,B-OBJECT_ID,IMPREGNATE,
696,5,with,B-BEFORE_SENTENCE_SPLIT,IMPREGNATE,
696,6,the,O,IMPREGNATE,
696,7,spray,B-IMPREGNATION_TOOL_TYPE,IMPREGNATE,
697,1,treat,O,IMPREGNATE,
697,2,sandal_88,B-OBJECT_ID,IMPREGNATE,
697,3,with,B-BEFORE_SENTENCE_SPLIT,IMPREGNATE,
697,4,waterproofing,O,IMPREGNATE,
697,5,spray,B-IMPREGNATION_TOOL_TYPE,IMPREGNATE,
697,6,next,B-NEXT_TO_RELATION,IMPREGNATE,
697,7,to,I-NEXT_TO_RELATION,IMPREGNATE,
697,8,needle_and_yarn_1,B-OBJECT_ID,IMPREGNATE,
697,9,in,B-LOCATION_RELATION,IMPREGNATE,
697,10,the,O,IMPREGNATE,
697,11,tool,B-OBJECT_LOCATION,IMPREGNATE,
697,12,area,I-OBJECT_LOCATION,IMPREGNATE,
698,1,rub,O,IMPREGNATE,
698,2,cream,B-IMPREGNATION_TOOL_TYPE,IMPREGNATE,
698,3,into,B-AFTER_SENTENCE_SPLIT,IMPREGNATE,
698,4,the,O,IMPREGNATE,
698,5,white,B-COLOR,IMPREGNATE,
698,6,boot,B-SHOE_TYPE,IMPREGNATE,
698,7,for,O,IMPREGNATE,
698,8,protection,O,IMPREGNATE,
699,1,protect,O,IMPREGNATE,
699,2,that,O,IMPREGNATE,
699,3,shoe,B-SHOE_TYPE,IMPREGNATE,
699,4,with,B-BEFORE_SENTENCE_SPLIT,IMPREGNATE,
699,5,cream,B-IMPREGNATION_TOOL_TYPE,IMPREGNATE,
700,1,give,O,IMPREGNATE,
700,2,the,O,IMPREGNATE,
700,3,sneaker,B-SHOE_TYPE,IMPREGNATE,
700,4,next,B-NEXT_TO_RELATION,IMPREGNATE,
700,5,to,I-NEXT_TO_RELATION,IMPREGNATE,
700,6,the,O,IMPREGNATE,
700,7,brown,B-COLOR,IMPREGNATE,
700,8,sandal,B-SHOE_TYPE,IMPREGNATE,
700,9,a,O,IMPREGNATE,
700,10,waterproof,O,IMPREGNATE,
700,11,treatment,O,IMPREGNATE,
701,1,add,O,IMPREGNATE,
701,2,a,O,IMPREGNATE,
701,3,protective,O,IMPREGNATE,
701,4,layer,O,IMPREGNATE,
701,5,to,O,IMPREGNATE,
701,6,the,O,IMPREGNATE,
701,7,green,B-COLOR,IMPREGNATE,
701,8,boot_2,B-OBJECT_ID,IMPREGNATE,
702,1,use,O,IMPREGNATE,
702,2,the,O,IMPREGNATE,
702,3,cream,B-IMPREGNATION_TOOL_TYPE,IMPREGNATE,
702,4,to,B-AFTER_SENTENCE_SPLIT,IMPREGNATE,
702,5,impregnate,O,IMPREGNATE,
702,6,the,O,IMPREGNATE,
702,7,red,B-COLOR,IMPREGNATE,
702,8,leather,B-MATERIAL,IMPREGNATE,
702,9,sneakers,B-SHOE_TYPE,IMPREGNATE,
703,1,give,O,IMPREGNATE,
703,2,the,O,IMPREGNATE,
703,3,rubber,B-MATERIAL,IMPREGNATE,
703,4,boots,B-SHOE_TYPE,IMPREGNATE,
703,5,next,B-NEXT_TO_RELATION,IMPREGNATE,
703,6,to,I-NEXT_TO_RELATION,IMPREGNATE,
703,7,sneaker_12,B-OBJECT_ID,IMPREGNATE,
703,8,a,O,IMPREGNATE,
703,9,waterproof,O,IMPREGNATE,
703,10,treatment,O,IMPREGNATE,
704,1,cover,O,IMPREGNATE,
704,2,the,O,IMPREGNATE,
704,3,red,B-COLOR,IMPREGNATE,
704,4,boot,B-SHOE_TYPE,IMPREGNATE,
704,5,with,B-BEFORE_SENTENCE_SPLIT,IMPREGNATE,
704,6,waterproofing,O,IMPREGNATE,
704,7,cream,B-IMPREGNATION_TOOL_TYPE,IMPREGNATE,
705,1,spray,B-IMPREGNATION_TOOL_TYPE,IMPREGNATE,
705,2,the,O,IMPREGNATE,
705,3,boot,B-SHOE_TYPE,IMPREGNATE,
705,4,to,O,IMPREGNATE,
705,5,protect,O,IMPREGNATE,
705,6,it,O,IMPREGNATE,
706,1,protect,O,IMPREGNATE,
706,2,the,O,IMPREGNATE,
706,3,green,B-COLOR,IMPREGNATE,
706,4,boot,B-SHOE_TYPE,IMPREGNATE,
706,5,beside,B-NEXT_TO_RELATION,IMPREGNATE,
706,6,the,O,IMPREGNATE,
706,7,cleaning,O,IMPREGNATE,
706,8,brush,B-CLEANING_TOOL_TYPE,IMPREGNATE,
706,9,with,B-BEFORE_SENTENCE_SPLIT,IMPREGNATE,
706,10,the,O,IMPREGNATE,
706,11,spray,B-IMPREGNATION_TOOL_TYPE,IMPREGNATE,
707,1,please,O,IMPREGNATE,
707,2,waterproof,O,IMPREGNATE,
707,3,the,O,IMPREGNATE,
707,4,yellow,B-COLOR,IMPREGNATE,
707,5,sandal,B-SHOE_TYPE,IMPREGNATE,
708,1,add,O,IMPREGNATE,
708,2,a,O,IMPREGNATE,
708,3,protective,O,IMPREGNATE,
708,4,layer,O,IMPREGNATE,
708,5,to,O,IMPREGNATE,
708,6,leather_boot_3,B-OBJECT_ID,IMPREGNATE,
709,1,add,O,IMPREGNATE,
709,2,a,O,IMPREGNATE,
709,3,protective,O,IMPREGNATE,
709,4,layer,O,IMPREGNATE,
709,5,to,O,IMPREGNATE,
709,6,the,O,IMPREGNATE,
709,7,sneaker,B-SHOE_TYPE,IMPREGNATE,
710,1,apply,O,IMPREGNATE,
710,2,cream,B-IMPREGNATION_TOOL_TYPE,IMPREGNATE,
710,3,to,B-AFTER_SENTENCE_SPLIT,IMPREGNATE,
710,4,the,O,IMPREGNATE,
710,5,sandal_6,B-OBJECT_ID,IMPREGNATE,
710,6,next,B-NEXT_TO_RELATION,IMPREGNATE,
710,7,to,I-NEXT_TO_RELATION,IMPREGNATE,
710,8,spray_7,B-OBJECT_ID,IMPREGNATE,
711,1,please,O,IMPREGNATE,
711,2,waterproof,O,IMPREGNATE,
711,3,canvas_sneaker_9,B-OBJECT_ID,IMPREGNATE,
712,1,please,O,IMPREGNATE,
712,2,waterproof,O,IMPREGNATE,
712,3,dirty_sneaker_6,B-OBJECT_ID,IMPREGNATE,
713,1,impregnate,O,IMPREGNATE,
713,2,leather_boot_3,B-OBJECT_ID,IMPREGNATE,
713,3,next,B-NEXT_TO_RELATION,IMPREGNATE,
713,4,to,I-NEXT_TO_RELATION,IMPREGNATE,
713,5,the,O,IMPREGNATE,
713,6,sole,B-REPAIR_TOOL_TYPE,IMPREGNATE,
713,7,hammer,I-REPAIR_TOOL_TYPE,IMPREGNATE,
713,8,with,B-BEFORE_SENTENCE_SPLIT,IMPREGNATE,
713,9,the,O,IMPREGNATE,
713,10,spray,B-IMPREGNATION_TOOL_TYPE,IMPREGNATE,
714,1,use,O,IMPREGNATE,
714,2,the,O,IMPREGNATE,
714,3,spray,B-IMPREGNATION_TOOL_TYPE,IMPREGNATE,
714,4,on,B-AFTER_SENTENCE_SPLIT,IMPREGNATE,
714,5,the,O,IMPREGNATE,
714,6,boot,B-SHOE_TYPE,IMPREGNATE,
714,7,to,O,IMPREGNATE,
714,8,protect,O,IMPREGNATE,
714,9,it,O,IMPREGNATE,
715,1,add,O,IMPREGNATE,
715,2,a,O,IMPREGNATE,
715,3,protective,O,IMPREGNATE,
715,4,layer,O,IMPREGNATE,
715,5,to,O,IMPREGNATE,
715,6,the,O,IMPREGNATE,
715,7,leather,B-MATERIAL,IMPREGNATE,
715,8,boots,B-SHOE_TYPE,IMPREGNATE,
716,1,cover,O,IMPREGNATE,
716,2,dirty_sneaker_6,B-OBJECT_ID,IMPREGNATE,
716,3,with,B-BEFORE_SENTENCE_SPLIT,IMPREGNATE,
716,4,waterproofing,O,IMPREGNATE,
716,5,cream,B-IMPREGNATION_TOOL_TYPE,IMPREGNATE,
716,6,next,B-NEXT_TO_RELATION,IMPREGNATE,
716,7,to,I-NEXT_TO_RELATION,IMPREGNATE,
716,8,the,O,IMPREGNATE,
716,9,black,B-COLOR,IMPREGNATE,
716,10,boot,B-SHOE_TYPE,IMPREGNATE,
716,11,in,B-LOCATION_RELATION,IMPREGNATE,
716,12,the,O,IMPREGNATE,
716,13,floor,B-OBJECT_LOCATION,IMPREGNATE,
716,14,box,I-OBJECT_LOCATION,IMPREGNATE,
717,1,make,O,IMPREGNATE,
717,2,the,O,IMPREGNATE,
717,3,blue,B-COLOR,IMPREGNATE,
717,4,sandal,B-SHOE_TYPE,IMPREGNATE,
717,5,waterproof,O,IMPREGNATE,
718,1,please,O,IMPREGNATE,
718,2,waterproof,O,IMPREGNATE,
718,3,the,O,IMPREGNATE,
718,4,brown,B-COLOR,IMPREGNATE,
718,5,boot,B-SHOE_TYPE,IMPREGNATE,
719,1,give,O,IMPREGNATE,
719,2,wet_boot_11,B-OBJECT_ID,IMPREGNATE,
719,3,next,B-NEXT_TO_RELATION,IMPREGNATE,
719,4,to,I-NEXT_TO_RELATION,IMPREGNATE,
719,5,rag_4,B-OBJECT_ID,IMPREGNATE,
719,6,on,B-LOCATION_RELATION,IMPREGNATE,
719,7,the,O,IMPREGNATE,
719,8,floor,B-OBJECT_LOCATION,IMPREGNATE,
719,9,a,O,IMPREGNATE,
719,10,waterproof,O,IMPREGNATE,
719,11,treatment,O,IMPREGNATE,
720,1,give,O,IMPREGNATE,
720,2,the,O,IMPREGNATE,
720,3,leather,B-MATERIAL,IMPREGNATE,
720,4,sandal_6,B-OBJECT_ID,IMPREGNATE,
720,5,a,O,IMPREGNATE,
720,6,waterproof,O,IMPREGNATE,
720,7,treatment,O,IMPREGNATE,
721,1,rub,O,IMPREGNATE,
721,2,cream,B-IMPREGNATION_TOOL_TYPE,IMPREGNATE,
721,3,into,B-AFTER_SENTENCE_SPLIT,IMPREGNATE,
721,4,the,O,IMPREGNATE,
721,5,sandal,B-SHOE_TYPE,IMPREGNATE,
721,6,for,O,IMPREGNATE,
721,7,protection,O,IMPREGNATE,
722,1,seal,O,IMPREGNATE,
722,2,the,O,IMPREGNATE,
722,3,sneaker,B-SHOE_TYPE,IMPREGNATE,
722,4,with,B-BEFORE_SENTENCE_SPLIT,IMPREGNATE,
722,5,the,O,IMPREGNATE,
722,6,spray,B-IMPREGNATION_TOOL_TYPE,IMPREGNATE,
723,1,cover,O,IMPREGNATE,
723,2,the,O,IMPREGNATE,
723,3,green,B-COLOR,IMPREGNATE,
723,4,canvas,B-MATERIAL,IMPREGNATE,
723,5,boots,B-SHOE_TYPE,IMPREGNATE,
723,6,with,B-BEFORE_SENTENCE_SPLIT,IMPREGNATE,
723,7,waterproofing,O,IMPREGNATE,
723,8,cream,B-IMPREGNATION_TOOL_TYPE,IMPREGNATE,
723,9,next,B-NEXT_TO_RELATION,IMPREGNATE,
723,10,to,I-NEXT_TO_RELATION,IMPREGNATE,
723,11,cream_5,B-OBJECT_ID,IMPREGNATE,
723,12,inside,B-LOCATION_RELATION,IMPREGNATE,
723,13,the,O,IMPREGNATE,
723,14,tool,B-OBJECT_LOCATION,IMPREGNATE,
723,15,area,I-OBJECT_LOCATION,IMPREGNATE,
724,1,make,O,IMPREGNATE,
724,2,sure,O,IMPREGNATE,
724,3,dirty_sneaker_6,B-OBJECT_ID,IMPREGNATE,
724,4,is,O,IMPREGNATE,
724,5,protected,O,IMPREGNATE,
724,6,from,O,IMPREGNATE,
724,7,water,O,IMPREGNATE,
725,1,coat,O,IMPREGNATE,
725,2,the,O,IMPREGNATE,
725,3,black,B-COLOR,IMPREGNATE,
725,4,sandal,B-SHOE_TYPE,IMPREGNATE,
725,5,with,B-BEFORE_SENTENCE_SPLIT,IMPREGNATE,
725,6,the,O,IMPREGNATE,
725,7,cream,B-IMPREGNATION_TOOL_TYPE,IMPREGNATE,
726,1,please,O,IMPREGNATE,
726,2,waterproof,O,IMPREGNATE,
726,3,the,O,IMPREGNATE,
726,4,white,B-COLOR,IMPREGNATE,
726,5,rubber,B-MATERIAL,IMPREGNATE,
726,6,sneaker,B-SHOE_TYPE,IMPREGNATE,
726,7,next,B-NEXT_TO_RELATION,IMPREGNATE,
726,8,to,I-NEXT_TO_RELATION,IMPREGNATE,
726,9,the,O,IMPREGNATE,
726,10,blue,B-COLOR,IMPREGNATE,
726,11,sneakers,B-SHOE_TYPE,IMPREGNATE,
726,12,on,B-LOCATION_RELATION,IMPREGNATE,
726,13,the,O,IMPREGNATE,
726,14,middle,B-OBJECT_LOCATION,IMPREGNATE,
726,15,shelf,I-OBJECT_LOCATION,IMPREGNATE,
727,1,coat,O,IMPREGNATE,
727,2,the,O,IMPREGNATE,
727,3,boot,B-SHOE_TYPE,IMPREGNATE,
727,4,with,B-BEFORE_SENTENCE_SPLIT,IMPREGNATE,
727,5,the,O,IMPREGNATE,
727,6,cream,B-IMPREGNATION_TOOL_TYPE,IMPREGNATE,
728,1,add,O,IMPREGNATE,
728,2,a,O,IMPREGNATE,
728,3,protective,O,IMPREGNATE,
728,4,layer,O,IMPREGNATE,
728,5,to,O,IMPREGNATE,
728,6,the,O,IMPREGNATE,
728,7,black,B-COLOR,IMPREGNATE,
728,8,mid,B-SHOE_HEIGHT,IMPREGNATE,
728,9,sneaker_4,B-OBJECT_ID,IMPREGNATE,
729,1,apply,O,IMPREGNATE,
729,2,spray,B-IMPREGNATION_TOOL_TYPE,IMPREGNATE,
729,3,next,B-NEXT_TO_RELATION,IMPREGNATE,
729,4,to,I-NEXT_TO_RELATION,IMPREGNATE,
729,5,sole_glue_3,B-OBJECT_ID,IMPREGNATE,
729,6,in,B-LOCATION_RELATION,IMPREGNATE,
729,7,the,O,IMPREGNATE,
729,8,tool,B-OBJECT_LOCATION,IMPREGNATE,
729,9,area,I-OBJECT_LOCATION,IMPREGNATE,
729,10,to,B-AFTER_SENTENCE_SPLIT,IMPREGNATE,
729,11,the,O,IMPREGNATE,
729,12,brown,B-COLOR,IMPREGNATE,
729,13,rubber,B-MATERIAL,IMPREGNATE,
729,14,mid,B-SHOE_HEIGHT,IMPREGNATE,
729,15,boots,B-SHOE_TYPE,IMPREGNATE,
730,1,use,O,IMPREGNATE,
730,2,the,O,IMPREGNATE,
730,3,cream,B-IMPREGNATION_TOOL_TYPE,IMPREGNATE,
730,4,to,B-AFTER_SENTENCE_SPLIT,IMPREGNATE,
730,5,impregnate,O,IMPREGNATE,
730,6,the,O,IMPREGNATE,
730,7,suede,B-MATERIAL,IMPREGNATE,
730,8,sandals,B-SHOE_TYPE,IMPREGNATE,
731,1,give,O,IMPREGNATE,
731,2,the,O,IMPREGNATE,
731,3,blue,B-COLOR,IMPREGNATE,
731,4,sandal,B-SHOE_TYPE,IMPREGNATE,
731,5,a,O,IMPREGNATE,
731,6,waterproof,O,IMPREGNATE,
731,7,treatment,O,IMPREGNATE,
732,1,treat,O,IMPREGNATE,
732,2,the,O,IMPREGNATE,
732,3,rubber,B-MATERIAL,IMPREGNATE,
732,4,boots,B-SHOE_TYPE,IMPREGNATE,
732,5,in,B-LOCATION_RELATION,IMPREGNATE,
732,6,the,O,IMPREGNATE,
732,7,drying,B-OBJECT_LOCATION,IMPREGNATE,
732,8,area,I-OBJECT_LOCATION,IMPREGNATE,
732,9,next,B-NEXT_TO_RELATION,IMPREGNATE,
732,10,to,I-NEXT_TO_RELATION,IMPREGNATE,
732,11,the,O,IMPREGNATE,
732,12,red,B-COLOR,IMPREGNATE,
732,13,boot,B-SHOE_TYPE,IMPREGNATE,
732,14,using,B-BEFORE_SENTENCE_SPLIT,IMPREGNATE,
732,15,the,O,IMPREGNATE,
732,16,spray,B-IMPREGNATION_TOOL_TYPE,IMPREGNATE,
733,1,please,O,IMPREGNATE,
733,2,waterproof,O,IMPREGNATE,
733,3,the,O,IMPREGNATE,
733,4,white,B-COLOR,IMPREGNATE,
733,5,sandal,B-SHOE_TYPE,IMPREGNATE,
734,1,rub,O,IMPREGNATE,
734,2,cream,B-IMPREGNATION_TOOL_TYPE,IMPREGNATE,
734,3,into,B-AFTER_SENTENCE_SPLIT,IMPREGNATE,
734,4,the,O,IMPREGNATE,
734,5,suede,B-MATERIAL,IMPREGNATE,
734,6,sneaker,B-SHOE_TYPE,IMPREGNATE,
734,7,for,O,IMPREGNATE,
734,8,protection,O,IMPREGNATE,
735,1,apply,O,IMPREGNATE,
735,2,cream,B-IMPREGNATION_TOOL_TYPE,IMPREGNATE,
735,3,to,B-AFTER_SENTENCE_SPLIT,IMPREGNATE,
735,4,the,O,IMPREGNATE,
735,5,red,B-COLOR,IMPREGNATE,
735,6,sandal,B-SHOE_TYPE,IMPREGNATE,
736,1,waterproof,O,IMPREGNATE,
736,2,the,O,IMPREGNATE,
736,3,black,B-COLOR,IMPREGNATE,
736,4,sandal,B-SHOE_TYPE,IMPREGNATE,
736,5,with,B-BEFORE_SENTENCE_SPLIT,IMPREGNATE,
736,6,the,O,IMPREGNATE,
736,7,cream,B-IMPREGNATION_TOOL_TYPE,IMPREGNATE,
736,8,on,B-LOCATION_RELATION,IMPREGNATE,
736,9,the,O,IMPREGNATE,
736,10,top,B-OBJECT_LOCATION,IMPREGNATE,
736,11,shelf,I-OBJECT_LOCATION,IMPREGNATE,
737,1,coat,O,IMPREGNATE,
737,2,the,O,IMPREGNATE,
737,3,green,B-COLOR,IMPREGNATE,
737,4,sneaker,B-SHOE_TYPE,IMPREGNATE,
737,5,with,B-BEFORE_SENTENCE_SPLIT,IMPREGNATE,
737,6,the,O,IMPREGNATE,
737,7,cream,B-IMPREGNATION_TOOL_TYPE,IMPREGNATE,
738,1,seal,O,IMPREGNATE,
738,2,blue_sneaker_4,B-OBJECT_ID,IMPREGNATE,
738,3,with,B-BEFORE_SENTENCE_SPLIT,IMPREGNATE,
738,4,the,O,IMPREGNATE,
738,5,spray,B-IMPREGNATION_TOOL_TYPE,IMPREGNATE,
739,1,impregnate,O,IMPREGNATE,
739,2,the,O,IMPREGNATE,
739,3,high,B-SHOE_HEIGHT,IMPREGNATE,
739,4,wet,B-DRY_STATUS,IMPREGNATE,
739,5,rubber,B-MATERIAL,IMPREGNATE,
739,6,boot,B-SHOE_TYPE,IMPREGNATE,
739,7,next,B-NEXT_TO_RELATION,IMPREGNATE,
739,8,to,I-NEXT_TO_RELATION,IMPREGNATE,
739,9,the,O,IMPREGNATE,
739,10,spray,B-IMPREGNATION_TOOL_TYPE,IMPREGNATE,
739,11,bottle,O,IMPREGNATE,
739,12,with,B-BEFORE_SENTENCE_SPLIT,IMPREGNATE,
739,13,the,O,IMPREGNATE,
739,14,spray,B-IMPREGNATION_TOOL_TYPE,IMPREGNATE,
740,1,add,O,IMPREGNATE,
740,2,a,O,IMPREGNATE,
740,3,protective,O,IMPREGNATE,
740,4,layer,O,IMPREGNATE,
740,5,to,O,IMPREGNATE,
740,6,the,O,IMPREGNATE,
740,7,high,B-SHOE_HEIGHT,IMPREGNATE,
740,8,sneaker_4,B-OBJECT_ID,IMPREGNATE,
741,1,add,O,IMPREGNATE,
741,2,a,O,IMPREGNATE,
741,3,protective,O,IMPREGNATE,
741,4,layer,O,IMPREGNATE,
741,5,to,O,IMPREGNATE,
741,6,the,O,IMPREGNATE,
741,7,white,B-COLOR,IMPREGNATE,
741,8,leather,B-MATERIAL,IMPREGNATE,
741,9,sneaker_9,B-OBJECT_ID,IMPREGNATE,
742,1,make,O,IMPREGNATE,
742,2,the,O,IMPREGNATE,
742,3,white,B-COLOR,IMPREGNATE,
742,4,boot,B-SHOE_TYPE,IMPREGNATE,
742,5,from,B-LOCATION_RELATION,IMPREGNATE,
742,6,the,O,IMPREGNATE,
742,7,middle,B-OBJECT_LOCATION,IMPREGNATE,
742,8,shelf,I-OBJECT_LOCATION,IMPREGNATE,
742,9,next,B-NEXT_TO_RELATION,IMPREGNATE,
742,10,to,I-NEXT_TO_RELATION,IMPREGNATE,
742,11,the,O,IMPREGNATE,
742,12,green,B-COLOR,IMPREGNATE,
742,13,sandal,B-SHOE_TYPE,IMPREGNATE,
742,14,waterproof,O,IMPREGNATE,
743,1,impregnate,O,IMPREGNATE,
743,2,the,O,IMPREGNATE,
743,3,red,B-COLOR,IMPREGNATE,
743,4,suede,B-MATERIAL,IMPREGNATE,
743,5,boot,B-SHOE_TYPE,IMPREGNATE,
743,6,with,B-BEFORE_SENTENCE_SPLIT,IMPREGNATE,
743,7,the,O,IMPREGNATE,
743,8,spray,B-IMPREGNATION_TOOL_TYPE,IMPREGNATE,
744,1,protect,O,IMPREGNATE,
744,2,wet_boot_1,B-OBJECT_ID,IMPREGNATE,
744,3,with,B-BEFORE_SENTENCE_SPLIT,IMPREGNATE,
744,4,the,O,IMPREGNATE,
744,5,cream,B-IMPREGNATION_TOOL_TYPE,IMPREGNATE,
745,1,waterproof,O,IMPREGNATE,
745,2,the,O,IMPREGNATE,
745,3,green,B-COLOR,IMPREGNATE,
745,4,sandal_6,B-OBJECT_ID,IMPREGNATE,
745,5,on,B-LOCATION_RELATION,IMPREGNATE,
745,6,the,O,IMPREGNATE,
745,7,floor,B-OBJECT_LOCATION,IMPREGNATE,
745,8,next,B-NEXT_TO_RELATION,IMPREGNATE,
745,9,to,I-NEXT_TO_RELATION,IMPREGNATE,
745,10,cleaner_3,B-OBJECT_ID,IMPREGNATE,
745,11,with,B-BEFORE_SENTENCE_SPLIT,IMPREGNATE,
745,12,the,O,IMPREGNATE,
745,13,cream,B-IMPREGNATION_TOOL_TYPE,IMPREGNATE,
746,1,waterproof,O,IMPREGNATE,
746,2,the,O,IMPREGNATE,
746,3,sandal,B-SHOE_TYPE,IMPREGNATE,
746,4,with,B-BEFORE_SENTENCE_SPLIT,IMPREGNATE,
746,5,the,O,IMPREGNATE,
746,6,cream,B-IMPREGNATION_TOOL_TYPE,IMPREGNATE,
747,1,make,O,IMPREGNATE,
747,2,sure,O,IMPREGNATE,
747,3,the,O,IMPREGNATE,
747,4,boot_1,B-OBJECT_ID,IMPREGNATE,
747,5,is,O,IMPREGNATE,
747,6,protected,O,IMPREGNATE,
747,7,from,O,IMPREGNATE,
747,8,water,O,IMPREGNATE,
748,1,use,O,IMPREGNATE,
748,2,the,O,IMPREGNATE,
748,3,spray,B-IMPREGNATION_TOOL_TYPE,IMPREGNATE,
748,4,on,B-AFTER_SENTENCE_SPLIT,IMPREGNATE,
748,5,the,O,IMPREGNATE,
748,6,green,B-COLOR,IMPREGNATE,
748,7,sandal_4,B-OBJECT_ID,IMPREGNATE,
748,8,next,B-NEXT_TO_RELATION,IMPREGNATE,
748,9,to,I-NEXT_TO_RELATION,IMPREGNATE,
748,10,the,O,IMPREGNATE,
748,11,hammer,B-REPAIR_TOOL_TYPE,IMPREGNATE,
749,1,prepare,O,IMPREGNATE,
749,2,wet_boot_11,B-OBJECT_ID,IMPREGNATE,
749,3,for,O,IMPREGNATE,
749,4,rain,O,IMPREGNATE,
749,5,with,B-BEFORE_SENTENCE_SPLIT,IMPREGNATE,
749,6,the,O,IMPREGNATE,
749,7,spray,B-IMPREGNATION_TOOL_TYPE,IMPREGNATE,
750,1,prepare,O,IMPREGNATE,
750,2,the,O,IMPREGNATE,
750,3,yellow,B-COLOR,IMPREGNATE,
750,4,sandal,B-SHOE_TYPE,IMPREGNATE,
750,5,for,O,IMPREGNATE,
750,6,rain,O,IMPREGNATE,
750,7,with,B-BEFORE_SENTENCE_SPLIT,IMPREGNATE,
750,8,the,O,IMPREGNATE,
750,9,spray,B-IMPREGNATION_TOOL_TYPE,IMPREGNATE,
751,1,coat,O,IMPREGNATE,
751,2,canvas_sneaker_9,B-OBJECT_ID,IMPREGNATE,
751,3,with,B-BEFORE_SENTENCE_SPLIT,IMPREGNATE,
751,4,the,O,IMPREGNATE,
751,5,spray,B-IMPREGNATION_TOOL_TYPE,IMPREGNATE,
752,1,apply,O,IMPREGNATE,
752,2,spray,B-IMPREGNATION_TOOL_TYPE,IMPREGNATE,
752,3,to,B-AFTER_SENTENCE_SPLIT,IMPREGNATE,
752,4,the,O,IMPREGNATE,
752,5,boot,B-SHOE_TYPE,IMPREGNATE,
752,6,next,B-NEXT_TO_RELATION,IMPREGNATE,
752,7,to,I-NEXT_TO_RELATION,IMPREGNATE,
752,8,the,O,IMPREGNATE,
752,9,canvas,B-MATERIAL,IMPREGNATE,
752,10,boot,B-SHOE_TYPE,IMPREGNATE,
753,1,waterproof,O,IMPREGNATE,
753,2,the,O,IMPREGNATE,
753,3,sneaker,B-SHOE_TYPE,IMPREGNATE,
753,4,with,B-BEFORE_SENTENCE_SPLIT,IMPREGNATE,
753,5,the,O,IMPREGNATE,
753,6,cream,B-IMPREGNATION_TOOL_TYPE,IMPREGNATE,
754,1,protect,O,IMPREGNATE,
754,2,the,O,IMPREGNATE,
754,3,black,B-COLOR,IMPREGNATE,
754,4,high,B-SHOE_HEIGHT,IMPREGNATE,
754,5,boot_6,B-OBJECT_ID,IMPREGNATE,
754,6,with,B-BEFORE_SENTENCE_SPLIT,IMPREGNATE,
754,7,the,O,IMPREGNATE,
754,8,cream,B-IMPREGNATION_TOOL_TYPE,IMPREGNATE,
755,1,protect,O,IMPREGNATE,
755,2,the,O,IMPREGNATE,
755,3,leather,B-MATERIAL,IMPREGNATE,
755,4,boot_2,B-OBJECT_ID,IMPREGNATE,
755,5,from,O,IMPREGNATE,
755,6,rain,O,IMPREGNATE,
755,7,use,B-BEFORE_SENTENCE_SPLIT,IMPREGNATE,
755,8,the,O,IMPREGNATE,
755,9,spray,B-IMPREGNATION_TOOL_TYPE,IMPREGNATE,
755,10,next,B-NEXT_TO_RELATION,IMPREGNATE,
755,11,to,I-NEXT_TO_RELATION,IMPREGNATE,
755,12,needle_and_yarn_1,B-OBJECT_ID,IMPREGNATE,
756,1,use,O,IMPREGNATE,
756,2,the,O,IMPREGNATE,
756,3,spray,B-IMPREGNATION_TOOL_TYPE,IMPREGNATE,
756,4,on,B-AFTER_SENTENCE_SPLIT,IMPREGNATE,
756,5,the,O,IMPREGNATE,
756,6,white,B-COLOR,IMPREGNATE,
756,7,boot,B-SHOE_TYPE,IMPREGNATE,
756,8,to,O,IMPREGNATE,
756,9,protect,O,IMPREGNATE,
756,10,it,O,IMPREGNATE,
757,1,give,O,IMPREGNATE,
757,2,the,O,IMPREGNATE,
757,3,green,B-COLOR,IMPREGNATE,
757,4,canvas,B-MATERIAL,IMPREGNATE,
757,5,low,B-SHOE_HEIGHT,IMPREGNATE,
757,6,sandal_88,B-OBJECT_ID,IMPREGNATE,
757,7,a,O,IMPREGNATE,
757,8,waterproof,O,IMPREGNATE,
757,9,treatment,O,IMPREGNATE,
758,1,use,O,IMPREGNATE,
758,2,impregnation,O,IMPREGNATE,
758,3,spray,B-IMPREGNATION_TOOL_TYPE,IMPREGNATE,
758,4,on,B-AFTER_SENTENCE_SPLIT,IMPREGNATE,
758,5,the,O,IMPREGNATE,
758,6,brown,B-COLOR,IMPREGNATE,
758,7,sneaker,B-SHOE_TYPE,IMPREGNATE,
758,8,next,B-NEXT_TO_RELATION,IMPREGNATE,
758,9,to,I-NEXT_TO_RELATION,IMPREGNATE,
758,10,the,O,IMPREGNATE,
758,11,brown,B-COLOR,IMPREGNATE,
758,12,sandals,B-SHOE_TYPE,IMPREGNATE,
759,1,make,O,IMPREGNATE,
759,2,the,O,IMPREGNATE,
759,3,sneaker_9,B-OBJECT_ID,IMPREGNATE,
759,4,waterproof,O,IMPREGNATE,
760,1,rub,O,IMPREGNATE,
760,2,cream,B-IMPREGNATION_TOOL_TYPE,IMPREGNATE,
760,3,into,B-AFTER_SENTENCE_SPLIT,IMPREGNATE,
760,4,the,O,IMPREGNATE,
760,5,sneaker,B-SHOE_TYPE,IMPREGNATE,
760,6,for,O,IMPREGNATE,
760,7,protection,O,IMPREGNATE,
761,1,use,O,IMPREGNATE,
761,2,the,O,IMPREGNATE,
761,3,spray,B-IMPREGNATION_TOOL_TYPE,IMPREGNATE,
761,4,next,B-NEXT_TO_RELATION,IMPREGNATE,
761,5,to,I-NEXT_TO_RELATION,IMPREGNATE,
761,6,sneaker_12,B-OBJECT_ID,IMPREGNATE,
761,7,on,B-AFTER_SENTENCE_SPLIT,IMPREGNATE,
761,8,the,O,IMPREGNATE,
761,9,brown,B-COLOR,IMPREGNATE,
761,10,rubber,B-MATERIAL,IMPREGNATE,
761,11,sneaker,B-SHOE_TYPE,IMPREGNATE,
761,12,to,O,IMPREGNATE,
761,13,protect,O,IMPREGNATE,
761,14,it,O,IMPREGNATE,
762,1,protect,O,IMPREGNATE,
762,2,the,O,IMPREGNATE,
762,3,green,B-COLOR,IMPREGNATE,
762,4,sneaker,B-SHOE_TYPE,IMPREGNATE,
762,5,with,B-BEFORE_SENTENCE_SPLIT,IMPREGNATE,
762,6,the,O,IMPREGNATE,
762,7,cream,B-IMPREGNATION_TOOL_TYPE,IMPREGNATE,
763,1,make,O,IMPREGNATE,
763,2,the,O,IMPREGNATE,
763,3,canvas,B-MATERIAL,IMPREGNATE,
763,4,boots,B-SHOE_TYPE,IMPREGNATE,
763,5,waterproof,O,IMPREGNATE,
764,1,rub,O,IMPREGNATE,
764,2,cream,B-IMPREGNATION_TOOL_TYPE,IMPREGNATE,
764,3,into,B-AFTER_SENTENCE_SPLIT,IMPREGNATE,
764,4,the,O,IMPREGNATE,
764,5,blue,B-COLOR,IMPREGNATE,
764,6,sneaker,B-SHOE_TYPE,IMPREGNATE,
764,7,for,O,IMPREGNATE,
764,8,protection,O,IMPREGNATE,
765,1,spray,B-IMPREGNATION_TOOL_TYPE,IMPREGNATE,
765,2,the,O,IMPREGNATE,
765,3,black,B-COLOR,IMPREGNATE,
765,4,low,B-SHOE_HEIGHT,IMPREGNATE,
765,5,sandal,B-SHOE_TYPE,IMPREGNATE,
765,6,next,B-NEXT_TO_RELATION,IMPREGNATE,
765,7,to,I-NEXT_TO_RELATION,IMPREGNATE,
765,8,the,O,IMPREGNATE,
765,9,cleaning,O,IMPREGNATE,
765,10,brush,B-CLEANING_TOOL_TYPE,IMPREGNATE,
765,11,to,O,IMPREGNATE,
765,12,protect,O,IMPREGNATE,
765,13,it,O,IMPREGNATE,
766,1,seal,O,IMPREGNATE,
766,2,the,O,IMPREGNATE,
766,3,boot_6,B-OBJECT_ID,IMPREGNATE,
766,4,with,B-BEFORE_SENTENCE_SPLIT,IMPREGNATE,
766,5,the,O,IMPREGNATE,
766,6,spray,B-IMPREGNATION_TOOL_TYPE,IMPREGNATE,
767,1,seal,O,IMPREGNATE,
767,2,the,O,IMPREGNATE,
767,3,red,B-COLOR,IMPREGNATE,
767,4,sneaker,B-SHOE_TYPE,IMPREGNATE,
767,5,with,B-BEFORE_SENTENCE_SPLIT,IMPREGNATE,
767,6,the,O,IMPREGNATE,
767,7,spray,B-IMPREGNATION_TOOL_TYPE,IMPREGNATE,
768,1,use,O,IMPREGNATE,
768,2,the,O,IMPREGNATE,
768,3,cream,B-IMPREGNATION_TOOL_TYPE,IMPREGNATE,
768,4,to,B-AFTER_SENTENCE_SPLIT,IMPREGNATE,
768,5,impregnate,O,IMPREGNATE,
768,6,leather_boot_3,B-OBJECT_ID,IMPREGNATE,
768,7,next,B-NEXT_TO_RELATION,IMPREGNATE,
768,8,to,I-NEXT_TO_RELATION,IMPREGNATE,
768,9,spray_7,B-OBJECT_ID,IMPREGNATE,
769,1,treat,O,IMPREGNATE,
769,2,the,O,IMPREGNATE,
769,3,boot,B-SHOE_TYPE,IMPREGNATE,
769,4,with,B-BEFORE_SENTENCE_SPLIT,IMPREGNATE,
769,5,waterproofing,O,IMPREGNATE,
769,6,spray,B-IMPREGNATION_TOOL_TYPE,IMPREGNATE,
770,1,use,O,IMPREGNATE,
770,2,impregnation,O,IMPREGNATE,
770,3,spray,B-IMPREGNATION_TOOL_TYPE,IMPREGNATE,
770,4,on,B-AFTER_SENTENCE_SPLIT,IMPREGNATE,
770,5,the,O,IMPREGNATE,
770,6,black,B-COLOR,IMPREGNATE,
770,7,boot,B-SHOE_TYPE,IMPREGNATE,
771,1,spray,B-IMPREGNATION_TOOL_TYPE,IMPREGNATE,
771,2,the,O,IMPREGNATE,
771,3,suede,B-MATERIAL,IMPREGNATE,
771,4,boot,B-SHOE_TYPE,IMPREGNATE,
771,5,next,B-NEXT_TO_RELATION,IMPREGNATE,
771,6,to,I-NEXT_TO_RELATION,IMPREGNATE,
771,7,the,O,IMPREGNATE,
771,8,sole,B-REPAIR_TOOL_TYPE,IMPREGNATE,
771,9,hammer,I-REPAIR_TOOL_TYPE,IMPREGNATE,
771,10,against,O,IMPREGNATE,
771,11,rain,O,IMPREGNATE,
772,1,spray,B-IMPREGNATION_TOOL_TYPE,IMPREGNATE,
772,2,the,O,IMPREGNATE,
772,3,canvas,B-MATERIAL,IMPREGNATE,
772,4,boot_6,B-OBJECT_ID,IMPREGNATE,
772,5,to,O,IMPREGNATE,
772,6,protect,O,IMPREGNATE,
772,7,it,O,IMPREGNATE,
773,1,use,O,IMPREGNATE,
773,2,impregnation,O,IMPREGNATE,
773,3,spray,B-IMPREGNATION_TOOL_TYPE,IMPREGNATE,
773,4,on,B-AFTER_SENTENCE_SPLIT,IMPREGNATE,
773,5,the,O,IMPREGNATE,
773,6,boot_2,B-OBJECT_ID,IMPREGNATE,
774,1,rub,O,IMPREGNATE,
774,2,cream,B-IMPREGNATION_TOOL_TYPE,IMPREGNATE,
774,3,into,B-AFTER_SENTENCE_SPLIT,IMPREGNATE,
774,4,the,O,IMPREGNATE,
774,5,red,B-COLOR,IMPREGNATE,
774,6,boot_8,B-OBJECT_ID,IMPREGNATE,
774,7,next,B-NEXT_TO_RELATION,IMPREGNATE,
774,8,to,I-NEXT_TO_RELATION,IMPREGNATE,
774,9,the,O,IMPREGNATE,
774,10,dirty,B-CLEANING_STATUS,IMPREGNATE,
774,11,boot,B-SHOE_TYPE,IMPREGNATE,
774,12,in,B-LOCATION_RELATION,IMPREGNATE,
774,13,the,O,IMPREGNATE,
774,14,drying,B-OBJECT_LOCATION,IMPREGNATE,
774,15,area,I-OBJECT_LOCATION,IMPREGNATE,
774,16,for,O,IMPREGNATE,
774,17,protection,O,IMPREGNATE,
775,1,apply,O,IMPREGNATE,
775,2,cream,B-IMPREGNATION_TOOL_TYPE,IMPREGNATE,
775,3,to,B-AFTER_SENTENCE_SPLIT,IMPREGNATE,
775,4,brown_boot_6,B-OBJECT_ID,IMPREGNATE,
776,1,use,O,IMPREGNATE,
776,2,the,O,IMPREGNATE,
776,3,cream,B-IMPREGNATION_TOOL_TYPE,IMPREGNATE,
776,4,to,B-AFTER_SENTENCE_SPLIT,IMPREGNATE,
776,5,impregnate,O,IMPREGNATE,
776,6,dirty_sneaker_6,B-OBJECT_ID,IMPREGNATE,
777,1,coat,O,IMPREGNATE,
777,2,the,O,IMPREGNATE,
777,3,yellow,B-COLOR,IMPREGNATE,
777,4,sandal,B-SHOE_TYPE,IMPREGNATE,
777,5,next,B-NEXT_TO_RELATION,IMPREGNATE,
777,6,to,I-NEXT_TO_RELATION,IMPREGNATE,
777,7,rag_4,B-OBJECT_ID,IMPREGNATE,
777,8,on,B-LOCATION_RELATION,IMPREGNATE,
777,9,the,O,IMPREGNATE,
777,10,floor,B-OBJECT_LOCATION,IMPREGNATE,
777,11,with,B-BEFORE_SENTENCE_SPLIT,IMPREGNATE,
777,12,the,O,IMPREGNATE,
777,13,cream,B-IMPREGNATION_TOOL_TYPE,IMPREGNATE,
778,1,prepare,O,IMPREGNATE,
778,2,brown_sandal_4,B-OBJECT_ID,IMPREGNATE,
778,3,for,O,IMPREGNATE,
778,4,rain,O,IMPREGNATE,
778,5,with,B-BEFORE_SENTENCE_SPLIT,IMPREGNATE,
778,6,the,O,IMPREGNATE,
778,7,cream,B-IMPREGNATION_TOOL_TYPE,IMPREGNATE,
779,1,rub,O,IMPREGNATE,
779,2,cream,B-IMPREGNATION_TOOL_TYPE,IMPREGNATE,
779,3,into,B-AFTER_SENTENCE_SPLIT,IMPREGNATE,
779,4,the,O,IMPREGNATE,
779,5,green,B-COLOR,IMPREGNATE,
779,6,high,B-SHOE_HEIGHT,IMPREGNATE,
779,7,sandal,B-SHOE_TYPE,IMPREGNATE,
779,8,for,O,IMPREGNATE,
779,9,protection,O,IMPREGNATE,
780,1,apply,O,IMPREGNATE,
780,2,protective,O,IMPREGNATE,
780,3,cream,B-IMPREGNATION_TOOL_TYPE,IMPREGNATE,
780,4,to,B-AFTER_SENTENCE_SPLIT,IMPREGNATE,
780,5,the,O,IMPREGNATE,
780,6,sneaker,B-SHOE_TYPE,IMPREGNATE,
781,1,spray,B-IMPREGNATION_TOOL_TYPE,IMPREGNATE,
781,2,the,O,IMPREGNATE,
781,3,boot_5,B-OBJECT_ID,IMPREGNATE,
781,4,next,B-NEXT_TO_RELATION,IMPREGNATE,
781,5,to,I-NEXT_TO_RELATION,IMPREGNATE,
781,6,cream_5,B-OBJECT_ID,IMPREGNATE,
781,7,inside,B-LOCATION_RELATION,IMPREGNATE,
781,8,the,O,IMPREGNATE,
781,9,tool,B-OBJECT_LOCATION,IMPREGNATE,
781,10,area,I-OBJECT_LOCATION,IMPREGNATE,
782,1,rub,O,IMPREGNATE,
782,2,cream,B-IMPREGNATION_TOOL_TYPE,IMPREGNATE,
782,3,into,B-AFTER_SENTENCE_SPLIT,IMPREGNATE,
782,4,the,O,IMPREGNATE,
782,5,blue,B-COLOR,IMPREGNATE,
782,6,boot,B-SHOE_TYPE,IMPREGNATE,
782,7,for,O,IMPREGNATE,
782,8,protection,O,IMPREGNATE,
783,1,treat,O,IMPREGNATE,
783,2,the,O,IMPREGNATE,
783,3,sandal,B-SHOE_TYPE,IMPREGNATE,
783,4,with,B-BEFORE_SENTENCE_SPLIT,IMPREGNATE,
783,5,waterproofing,O,IMPREGNATE,
783,6,spray,B-IMPREGNATION_TOOL_TYPE,IMPREGNATE,
784,1,cover,O,IMPREGNATE,
784,2,the,O,IMPREGNATE,
784,3,white,B-COLOR,IMPREGNATE,
784,4,boot,B-SHOE_TYPE,IMPREGNATE,
784,5,next,B-NEXT_TO_RELATION,IMPREGNATE,
784,6,to,I-NEXT_TO_RELATION,IMPREGNATE,
784,7,the,O,IMPREGNATE,
784,8,blue,B-COLOR,IMPREGNATE,
784,9,sneaker,B-SHOE_TYPE,IMPREGNATE,
784,10,on,B-LOCATION_RELATION,IMPREGNATE,
784,11,the,O,IMPREGNATE,
784,12,middle,B-OBJECT_LOCATION,IMPREGNATE,
784,13,shelf,I-OBJECT_LOCATION,IMPREGNATE,
784,14,with,B-BEFORE_SENTENCE_SPLIT,IMPREGNATE,
784,15,waterproofing,O,IMPREGNATE,
784,16,cream,B-IMPREGNATION_TOOL_TYPE,IMPREGNATE,
785,1,use,O,IMPREGNATE,
785,2,the,O,IMPREGNATE,
785,3,cream,B-IMPREGNATION_TOOL_TYPE,IMPREGNATE,
785,4,to,B-AFTER_SENTENCE_SPLIT,IMPREGNATE,
785,5,impregnate,O,IMPREGNATE,
785,6,the,O,IMPREGNATE,
785,7,boot,B-SHOE_TYPE,IMPREGNATE,
786,1,spray,B-IMPREGNATION_TOOL_TYPE,IMPREGNATE,
786,2,the,O,IMPREGNATE,
786,3,black,B-COLOR,IMPREGNATE,
786,4,sandal,B-SHOE_TYPE,IMPREGNATE,
786,5,to,O,IMPREGNATE,
786,6,protect,O,IMPREGNATE,
786,7,it,O,IMPREGNATE,
787,1,use,O,IMPREGNATE,
787,2,the,O,IMPREGNATE,
787,3,cream,B-IMPREGNATION_TOOL_TYPE,IMPREGNATE,
787,4,beside,B-NEXT_TO_RELATION,IMPREGNATE,
787,5,sole_glue_3,B-OBJECT_ID,IMPREGNATE,
787,6,in,B-LOCATION_RELATION,IMPREGNATE,
787,7,the,O,IMPREGNATE,
787,8,tool,B-OBJECT_LOCATION,IMPREGNATE,
787,9,area,I-OBJECT_LOCATION,IMPREGNATE,
787,10,to,B-AFTER_SENTENCE_SPLIT,IMPREGNATE,
787,11,impregnate,O,IMPREGNATE,
787,12,the,O,IMPREGNATE,
787,13,yellow,B-COLOR,IMPREGNATE,
787,14,sandals,B-SHOE_TYPE,IMPREGNATE,
788,1,make,O,IMPREGNATE,
788,2,sure,O,IMPREGNATE,
788,3,leather_boot_3,B-OBJECT_ID,IMPREGNATE,
788,4,is,O,IMPREGNATE,
788,5,protected,O,IMPREGNATE,
788,6,from,O,IMPREGNATE,
788,7,water,O,IMPREGNATE,
789,1,make,O,IMPREGNATE,
789,2,sure,O,IMPREGNATE,
789,3,the,O,IMPREGNATE,
789,4,white,B-COLOR,IMPREGNATE,
789,5,canvas,B-MATERIAL,IMPREGNATE,
789,6,boot,B-SHOE_TYPE,IMPREGNATE,
789,7,is,O,IMPREGNATE,
789,8,protected,O,IMPREGNATE,
789,9,from,O,IMPREGNATE,
789,10,water,O,IMPREGNATE,
790,1,treat,O,IMPREGNATE,
790,2,the,O,IMPREGNATE,
790,3,brown,B-COLOR,IMPREGNATE,
790,4,sneaker,B-SHOE_TYPE,IMPREGNATE,
790,5,in,B-LOCATION_RELATION,IMPREGNATE,
790,6,the,O,IMPREGNATE,
790,7,drying,B-OBJECT_LOCATION,IMPREGNATE,
790,8,area,I-OBJECT_LOCATION,IMPREGNATE,
790,9,next,B-NEXT_TO_RELATION,IMPREGNATE,
790,10,to,I-NEXT_TO_RELATION,IMPREGNATE,
790,11,the,O,IMPREGNATE,
790,12,red,B-COLOR,IMPREGNATE,
790,13,boot,B-SHOE_TYPE,IMPREGNATE,
790,14,with,B-BEFORE_SENTENCE_SPLIT,IMPREGNATE,
790,15,waterproofing,O,IMPREGNATE,
790,16,spray,B-IMPREGNATION_TOOL_TYPE,IMPREGNATE,
791,1,boot_8,B-OBJECT_ID,IMPREGNATE,
791,2,needs,O,IMPREGNATE,
791,3,protecting,O,IMPREGNATE,
791,4,please,O,IMPREGNATE,
791,5,use,B-BEFORE_SENTENCE_SPLIT,IMPREGNATE,
791,6,the,O,IMPREGNATE,
791,7,spray,B-IMPREGNATION_TOOL_TYPE,IMPREGNATE,
792,1,the,O,IMPREGNATE,
792,2,sneaker,B-SHOE_TYPE,IMPREGNATE,
792,3,should,O,IMPREGNATE,
792,4,be,O,IMPREGNATE,
792,5,waterproofed,O,IMPREGNATE,
792,6,with,B-BEFORE_SENTENCE_SPLIT,IMPREGNATE,
792,7,cream_5,B-OBJECT_ID,IMPREGNATE,
793,1,could,O,IMPREGNATE,
793,2,you,O,IMPREGNATE,
793,3,add,O,IMPREGNATE,
793,4,impregnation,O,IMPREGNATE,
793,5,to,O,IMPREGNATE,
793,6,the,O,IMPREGNATE,
793,7,brown_sandal_4,B-OBJECT_ID,IMPREGNATE,
793,8,before,O,IMPREGNATE,
793,9,the,O,IMPREGNATE,
793,10,rain,O,IMPREGNATE,
794,1,please,O,IMPREGNATE,
794,2,get,O,IMPREGNATE,
794,3,the,O,IMPREGNATE,
794,4,leather,B-MATERIAL,IMPREGNATE,
794,5,shoe,B-SHOE_TYPE,IMPREGNATE,
794,6,protected,O,IMPREGNATE,
794,7,with,B-BEFORE_SENTENCE_SPLIT,IMPREGNATE,
794,8,the,O,IMPREGNATE,
794,9,spray,B-IMPREGNATION_TOOL_TYPE,IMPREGNATE,
794,10,bottle,O,IMPREGNATE,
794,11,on,B-LOCATION_RELATION,IMPREGNATE,
794,12,the,O,IMPREGNATE,
794,13,top,B-OBJECT_LOCATION,IMPREGNATE,
794,14,shelf,I-OBJECT_LOCATION,IMPREGNATE,
794,15,next,B-NEXT_TO_RELATION,IMPREGNATE,
794,16,to,I-NEXT_TO_RELATION,IMPREGNATE,
794,17,brush_12,B-OBJECT_ID,IMPREGNATE,
795,1,I,O,IMPREGNATE,
795,2,want,O,IMPREGNATE,
795,3,sneaker_14,B-OBJECT_ID,IMPREGNATE,
795,4,treated,O,IMPREGNATE,
795,5,so,O,IMPREGNATE,
795,6,it,O,IMPREGNATE,
795,7,is,O,IMPREGNATE,
795,8,not,O,IMPREGNATE,
795,9,unprotected,B-IMPREGNATION_STATUS,IMPREGNATE,
795,10,anymore,O,IMPREGNATE,
796,1,make,O,IMPREGNATE,
796,2,the,O,IMPREGNATE,
796,3,canvas,B-MATERIAL,IMPREGNATE,
796,4,boot,B-SHOE_TYPE,IMPREGNATE,
796,5,weatherproof,O,IMPREGNATE,
796,6,using,B-BEFORE_SENTENCE_SPLIT,IMPREGNATE,
796,7,spray_7,B-OBJECT_ID,IMPREGNATE,
797,1,can,O,IMPREGNATE,
797,2,the,O,IMPREGNATE,
797,3,shoe,B-SHOE_TYPE,IMPREGNATE,
797,4,inside,B-LOCATION_RELATION,IMPREGNATE,
797,5,the,O,IMPREGNATE,
797,6,tool,B-OBJECT_LOCATION,IMPREGNATE,
797,7,area,I-OBJECT_LOCATION,IMPREGNATE,
797,8,next,B-NEXT_TO_RELATION,IMPREGNATE,
797,9,to,I-NEXT_TO_RELATION,IMPREGNATE,
797,10,the,O,IMPREGNATE,
797,11,spray,B-IMPREGNATION_TOOL_TYPE,IMPREGNATE,
797,12,bottle,O,IMPREGNATE,
797,13,be,O,IMPREGNATE,
797,14,given,O,IMPREGNATE,
797,15,a,O,IMPREGNATE,
797,16,protective,O,IMPREGNATE,
797,17,layer,O,IMPREGNATE,
797,18,with,B-BEFORE_SENTENCE_SPLIT,IMPREGNATE,
797,19,cream,B-IMPREGNATION_TOOL_TYPE,IMPREGNATE,
798,1,please,O,IMPREGNATE,
798,2,waterproof,O,IMPREGNATE,
798,3,the,O,IMPREGNATE,
798,4,high,B-SHOE_HEIGHT,IMPREGNATE,
798,5,boot,B-SHOE_TYPE,IMPREGNATE,
798,6,but,O,IMPREGNATE,
798,7,leave,O,IMPREGNATE,
798,8,it,O,IMPREGNATE,
798,9,where,O,IMPREGNATE,
798,10,it,O,IMPREGNATE,
798,11,is,O,IMPREGNATE,
799,1,the,O,IMPREGNATE,
799,2,sandal,B-SHOE_TYPE,IMPREGNATE,
799,3,needs,O,IMPREGNATE,
799,4,some,O,IMPREGNATE,
799,5,protection,O,IMPREGNATE,
799,6,before,O,IMPREGNATE,
799,7,walking,O,IMPREGNATE,
800,1,apply,O,IMPREGNATE,
800,2,the,O,IMPREGNATE,
800,3,impregnation,O,IMPREGNATE,
800,4,cream,B-IMPREGNATION_TOOL_TYPE,IMPREGNATE,
800,5,to,B-AFTER_SENTENCE_SPLIT,IMPREGNATE,
800,6,sneaker_22,B-OBJECT_ID,IMPREGNATE,
800,7,from,B-LOCATION_RELATION,IMPREGNATE,
800,8,the,O,IMPREGNATE,
800,9,middle,B-OBJECT_LOCATION,IMPREGNATE,
800,10,shelf,I-OBJECT_LOCATION,IMPREGNATE,
800,11,for,O,IMPREGNATE,
800,12,me,O,IMPREGNATE,
801,1,bring,O,MOVE,
801,2,the,O,MOVE,
801,3,cream,B-IMPREGNATION_TOOL_TYPE,MOVE,
801,4,next,B-NEXT_TO_RELATION,MOVE,
801,5,to,I-NEXT_TO_RELATION,MOVE,
801,6,the,O,MOVE,
801,7,brown,B-COLOR,MOVE,
801,8,sandal,B-SHOE_TYPE,MOVE,
801,9,to,B-TARGET_LOCATION_RELATION,MOVE,
801,10,the,O,MOVE,
801,11,floor,B-TARGET_LOCATION,MOVE,
802,1,bring,O,MOVE,
802,2,the,O,MOVE,
802,3,brown,B-COLOR,MOVE,
802,4,boot,B-SHOE_TYPE,MOVE,
802,5,to,B-TARGET_LOCATION_RELATION,MOVE,
802,6,the,O,MOVE,
802,7,bottom,B-TARGET_LOCATION,MOVE,
802,8,shelf,I-TARGET_LOCATION,MOVE,
803,1,move,O,MOVE,
803,2,the,O,MOVE,
803,3,brown,B-COLOR,MOVE,
803,4,sandal,B-SHOE_TYPE,MOVE,
803,5,away,O,MOVE,
803,6,from,B-LOCATION_RELATION,MOVE,
803,7,the,O,MOVE,
803,8,floor,B-OBJECT_LOCATION,MOVE,
803,9,and,O,MOVE,
803,10,onto,B-TARGET_LOCATION_RELATION,MOVE,
803,11,the,O,MOVE,
803,12,bottom,B-TARGET_LOCATION,MOVE,
803,13,shelf,I-TARGET_LOCATION,MOVE,
804,1,place,O,MOVE,
804,2,the,O,MOVE,
804,3,sole,B-REPAIR_TOOL_TYPE,MOVE,
804,4,hammer,I-REPAIR_TOOL_TYPE,MOVE,
804,5,next,B-NEXT_TO_RELATION,MOVE,
804,6,to,I-NEXT_TO_RELATION,MOVE,
804,7,sneaker_12,B-OBJECT_ID,MOVE,
804,8,on,B-TARGET_LOCATION_RELATION,MOVE,
804,9,the,O,MOVE,
804,10,floor,B-TARGET_LOCATION,MOVE,
805,1,please,O,MOVE,
805,2,move,O,MOVE,
805,3,the,O,MOVE,
805,4,sandals,B-SHOE_TYPE,MOVE,
805,5,over,O,MOVE,
805,6,to,B-TARGET_LOCATION_RELATION,MOVE,
805,7,the,O,MOVE,
805,8,bottom,B-TARGET_LOCATION,MOVE,
805,9,shelf,I-TARGET_LOCATION,MOVE,
806,1,shift,O,MOVE,
806,2,blue_sneaker_4,B-OBJECT_ID,MOVE,
806,3,from,B-LOCATION_RELATION,MOVE,
806,4,the,O,MOVE,
806,5,middle,B-OBJECT_LOCATION,MOVE,
806,6,shelf,I-OBJECT_LOCATION,MOVE,
806,7,to,B-TARGET_LOCATION_RELATION,MOVE,
806,8,the,O,MOVE,
806,9,floor,B-TARGET_LOCATION,MOVE,
807,1,place,O,MOVE,
807,2,the,O,MOVE,
807,3,cleaner,B-CLEANING_TOOL_TYPE,MOVE,
807,4,next,B-NEXT_TO_RELATION,MOVE,
807,5,to,I-NEXT_TO_RELATION,MOVE,
807,6,the,O,MOVE,
807,7,cleaning,O,MOVE,
807,8,brush,B-CLEANING_TOOL_TYPE,MOVE,
807,9,on,B-TARGET_LOCATION_RELATION,MOVE,
807,10,the,O,MOVE,
807,11,floor,B-TARGET_LOCATION,MOVE,
808,1,move,O,MOVE,
808,2,the,O,MOVE,
808,3,white,B-COLOR,MOVE,
808,4,sneakers,B-SHOE_TYPE,MOVE,
808,5,from,B-LOCATION_RELATION,MOVE,
808,6,the,O,MOVE,
808,7,middle,B-OBJECT_LOCATION,MOVE,
808,8,shelf,I-OBJECT_LOCATION,MOVE,
808,9,to,B-TARGET_LOCATION_RELATION,MOVE,
808,10,the,O,MOVE,
808,11,top,B-TARGET_LOCATION,MOVE,
808,12,shelf,I-TARGET_LOCATION,MOVE,
809,1,bring,O,MOVE,
809,2,the,O,MOVE,
809,3,yellow,B-COLOR,MOVE,
809,4,canvas,B-MATERIAL,MOVE,
809,5,boot,B-SHOE_TYPE,MOVE,
809,6,to,B-TARGET_LOCATION_RELATION,MOVE,
809,7,the,O,MOVE,
809,8,bottom,B-TARGET_LOCATION,MOVE,
809,9,shelf,I-TARGET_LOCATION,MOVE,
810,1,please,O,MOVE,
810,2,move,O,MOVE,
810,3,the,O,MOVE,
810,4,sole,B-REPAIR_TOOL_TYPE,MOVE,
810,5,glue,I-REPAIR_TOOL_TYPE,MOVE,
810,6,over,O,MOVE,
810,7,to,B-TARGET_LOCATION_RELATION,MOVE,
810,8,the,O,MOVE,
810,9,drying,B-TARGET_LOCATION,MOVE,
810,10,area,I-TARGET_LOCATION,MOVE,
811,1,move,O,MOVE,
811,2,the,O,MOVE,
812,1,relocate,O,MOVE,
812,2,the,O,MOVE,
812,3,yellow,B-COLOR,MOVE,
812,4,sandal,B-SHOE_TYPE,MOVE,
812,5,next,B-NEXT_TO_RELATION,MOVE,
812,6,to,I-NEXT_TO_RELATION,MOVE,
812,7,spray_7,B-OBJECT_ID,MOVE,
812,8,on,B-TARGET_LOCATION_RELATION,MOVE,
812,9,the,O,MOVE,
812,10,bottom,B-TARGET_LOCATION,MOVE,
812,11,shelf,I-TARGET_LOCATION,MOVE,
813,1,put,O,MOVE,
813,2,rag_1,B-OBJECT_ID,MOVE,
813,3,back,O,MOVE,
813,4,on,B-TARGET_LOCATION_RELATION,MOVE,
813,5,the,O,MOVE,
813,6,top,B-TARGET_LOCATION,MOVE,
813,7,shelf,I-TARGET_LOCATION,MOVE,
814,1,move,O,MOVE,
814,2,that,O,MOVE,
814,3,clean,B-COLOR,MOVE,
814,4,boot,B-SHOE_TYPE,MOVE,
814,5,onto,B-TARGET_LOCATION_RELATION,MOVE,
814,6,the,O,MOVE,
814,7,middle,B-TARGET_LOCATION,MOVE,
814,8,shelf,I-TARGET_LOCATION,MOVE,
815,1,put,O,MOVE,
815,2,the,O,MOVE,
815,3,boot,B-SHOE_TYPE,MOVE,
815,4,next,B-NEXT_TO_RELATION,MOVE,
815,5,to,I-NEXT_TO_RELATION,MOVE,
815,6,the,O,MOVE,
815,7,sole,B-REPAIR_TOOL_TYPE,MOVE,
815,8,hammer,I-REPAIR_TOOL_TYPE,MOVE,
815,9,into,B-TARGET_LOCATION_RELATION,MOVE,
815,10,the,O,MOVE,
815,11,floor_box,B-TARGET_LOCATION,MOVE,
816,1,relocate,O,MOVE,
816,2,the,O,MOVE,
816,3,spray,B-IMPREGNATION_TOOL_TYPE,MOVE,
816,4,to,B-TARGET_LOCATION_RELATION,MOVE,
816,5,the,O,MOVE,
816,6,floor,B-TARGET_LOCATION,MOVE,
817,1,relocate,O,MOVE,
817,2,the,O,MOVE,
817,3,brown,B-COLOR,MOVE,
817,4,leather,B-MATERIAL,MOVE,
817,5,sneaker,B-SHOE_TYPE,MOVE,
817,6,to,B-TARGET_LOCATION_RELATION,MOVE,
817,7,the,O,MOVE,
817,8,drying,B-TARGET_LOCATION,MOVE,
817,9,area,I-TARGET_LOCATION,MOVE,
818,1,shift,O,MOVE,
818,2,the,O,MOVE,
818,3,green,B-COLOR,MOVE,
818,4,sneaker,B-SHOE_TYPE,MOVE,
818,5,next,B-NEXT_TO_RELATION,MOVE,
818,6,to,I-NEXT_TO_RELATION,MOVE,
818,7,the,O,MOVE,
818,8,black,B-COLOR,MOVE,
818,9,boots,B-SHOE_TYPE,MOVE,
818,10,to,B-LOCATION_RELATION,MOVE,
818,11,the,O,MOVE,
818,12,drying,B-OBJECT_LOCATION,MOVE,
818,13,area,I-OBJECT_LOCATION,MOVE,
819,1,relocate,O,MOVE,
819,2,the,O,MOVE,
819,3,needle,B-REPAIR_TOOL_TYPE,MOVE,
819,4,and,I-REPAIR_TOOL_TYPE,MOVE,
819,5,yarn,I-REPAIR_TOOL_TYPE,MOVE,
819,6,to,B-TARGET_LOCATION_RELATION,MOVE,
819,7,the,O,MOVE,
819,8,drying,B-TARGET_LOCATION,MOVE,
819,9,area,I-TARGET_LOCATION,MOVE,
820,1,move,O,MOVE,
820,2,dirty_sneaker_6,B-OBJECT_ID,MOVE,
820,3,to,B-TARGET_LOCATION_RELATION,MOVE,
820,4,the,O,MOVE,
820,5,middle,B-TARGET_LOCATION,MOVE,
820,6,shelf,I-TARGET_LOCATION,MOVE,
821,1,put,O,MOVE,
821,2,boot_2,B-OBJECT_ID,MOVE,
821,3,next,B-NEXT_TO_RELATION,MOVE,
821,4,to,I-NEXT_TO_RELATION,MOVE,
821,5,rag_4,B-OBJECT_ID,MOVE,
821,6,on,B-LOCATION_RELATION,MOVE,
821,7,the,O,MOVE,
821,8,floor,B-OBJECT_LOCATION,MOVE,
821,9,onto,B-TARGET_LOCATION_RELATION,MOVE,
821,10,the,O,MOVE,
821,11,top,B-TARGET_LOCATION,MOVE,
821,12,shelf,I-TARGET_LOCATION,MOVE,
822,1,put,O,MOVE,
822,2,the,O,MOVE,
822,3,spare,O,MOVE,
822,4,brush_6,B-OBJECT_ID,MOVE,
822,5,into,B-TARGET_LOCATION_RELATION,MOVE,
822,6,the,O,MOVE,
822,7,drying,B-TARGET_LOCATION,MOVE,
822,8,area,I-TARGET_LOCATION,MOVE,
823,1,take,O,MOVE,
823,2,the,O,MOVE,
823,3,boot,B-SHOE_TYPE,MOVE,
823,4,from,B-LOCATION_RELATION,MOVE,
823,5,the,O,MOVE,
823,6,floor,B-OBJECT_LOCATION,MOVE,
823,7,and,O,MOVE,
823,8,put,O,MOVE,
823,9,it,O,MOVE,
823,10,on,B-TARGET_LOCATION_RELATION,MOVE,
823,11,the,O,MOVE,
823,12,floor,B-TARGET_LOCATION,MOVE,
824,1,please,O,MOVE,
824,2,move,O,MOVE,
824,3,wet_boot_11,B-OBJECT_ID,MOVE,
824,4,over,O,MOVE,
824,5,to,B-TARGET_LOCATION_RELATION,MOVE,
824,6,the,O,MOVE,
824,7,middle,B-TARGET_LOCATION,MOVE,
824,8,shelf,I-TARGET_LOCATION,MOVE,
825,1,move,O,MOVE,
825,2,the,O,MOVE,
825,3,cream,B-IMPREGNATION_TOOL_TYPE,MOVE,
825,4,next,B-NEXT_TO_RELATION,MOVE,
825,5,to,I-NEXT_TO_RELATION,MOVE,
825,6,cream_5,B-OBJECT_ID,MOVE,
825,7,inside,B-LOCATION_RELATION,MOVE,
825,8,the,O,MOVE,
825,9,tool,B-OBJECT_LOCATION,MOVE,
825,10,area,I-OBJECT_LOCATION,MOVE,
825,11,to,B-TARGET_LOCATION_RELATION,MOVE,
825,12,the,O,MOVE,
825,13,floor,B-TARGET_LOCATION,MOVE,
826,1,move,O,MOVE,
826,2,the,O,MOVE,
826,3,a,B-CLEANING_STATUS,MOVE,
826,4,little,I-CLEANING_STATUS,MOVE,
826,5,dirty,I-CLEANING_STATUS,MOVE,
826,6,sneaker,B-SHOE_TYPE,MOVE,
826,7,away,O,MOVE,
826,8,from,B-LOCATION_RELATION,MOVE,
826,9,the,O,MOVE,
826,10,floor,B-OBJECT_LOCATION,MOVE,
826,11,and,O,MOVE,
826,12,onto,B-TARGET_LOCATION_RELATION,MOVE,
826,13,the,O,MOVE,
826,14,bottom,B-TARGET_LOCATION,MOVE,
826,15,shelf,I-TARGET_LOCATION,MOVE,
827,1,move,O,MOVE,
827,2,the,O,MOVE,
827,3,leather,B-MATERIAL,MOVE,
827,4,boot_5,B-OBJECT_ID,MOVE,
827,5,on,B-TARGET_LOCATION_RELATION,MOVE,
827,6,the,O,MOVE,
827,7,top,B-TARGET_LOCATION,MOVE,
827,8,shelf,I-TARGET_LOCATION,MOVE,
828,1,place,O,MOVE,
828,2,the,O,MOVE,
828,3,sole,B-REPAIR_TOOL_TYPE,MOVE,
828,4,hammer,I-REPAIR_TOOL_TYPE,MOVE,
828,5,next,B-NEXT_TO_RELATION,MOVE,
828,6,to,I-NEXT_TO_RELATION,MOVE,
828,7,the,O,MOVE,
828,8,blue,B-COLOR,MOVE,
828,9,sneaker,B-SHOE_TYPE,MOVE,
828,10,on,B-LOCATION_RELATION,MOVE,
828,11,the,O,MOVE,
828,12,middle,B-OBJECT_LOCATION,MOVE,
828,13,shelf,I-OBJECT_LOCATION,MOVE,
828,14,somewhere,O,MOVE,
828,15,on,B-TARGET_LOCATION_RELATION,MOVE,
828,16,the,O,MOVE,
828,17,top,B-TARGET_LOCATION,MOVE,
828,18,shelf,I-TARGET_LOCATION,MOVE,
829,1,relocate,O,MOVE,
829,2,the,O,MOVE,
829,3,yellow,B-COLOR,MOVE,
829,4,sandal,B-SHOE_TYPE,MOVE,
829,5,to,B-TARGET_LOCATION_RELATION,MOVE,
829,6,the,O,MOVE,
829,7,middle,B-TARGET_LOCATION,MOVE,
829,8,shelf,I-TARGET_LOCATION,MOVE,
830,1,can,O,MOVE,
830,2,you,O,MOVE,
830,3,put,O,MOVE,
830,4,the,O,MOVE,
830,5,blue,B-COLOR,MOVE,
830,6,canvas,B-MATERIAL,MOVE,
830,7,boot,B-SHOE_TYPE,MOVE,
830,8,on,B-TARGET_LOCATION_RELATION,MOVE,
830,9,the,O,MOVE,
830,10,bottom,B-TARGET_LOCATION,MOVE,
830,11,shelf,I-TARGET_LOCATION,MOVE,
831,1,transfer,O,MOVE,
831,2,the,O,MOVE,
831,3,cleaner,B-CLEANING_TOOL_TYPE,MOVE,
831,4,next,B-NEXT_TO_RELATION,MOVE,
831,5,to,I-NEXT_TO_RELATION,MOVE,
831,6,sole_glue_3,B-OBJECT_ID,MOVE,
831,7,from,B-LOCATION_RELATION,MOVE,
831,8,the,O,MOVE,
831,9,tool,B-OBJECT_LOCATION,MOVE,
831,10,area,I-OBJECT_LOCATION,MOVE,
831,11,to,B-TARGET_LOCATION_RELATION,MOVE,
831,12,the,O,MOVE,
831,13,floor,B-TARGET_LOCATION,MOVE,
832,1,please,O,MOVE,
832,2,move,O,MOVE,
832,3,the,O,MOVE,
832,4,yellow,B-COLOR,MOVE,
832,5,boot,B-SHOE_TYPE,MOVE,
832,6,over,O,MOVE,
832,7,to,B-TARGET_LOCATION_RELATION,MOVE,
832,8,the,O,MOVE,
832,9,top,B-TARGET_LOCATION,MOVE,
832,10,shelf,I-TARGET_LOCATION,MOVE,
833,1,move,O,MOVE,
833,2,the,O,MOVE,
833,3,shoe_8,B-OBJECT_ID,MOVE,
833,4,onto,B-TARGET_LOCATION_RELATION,MOVE,
833,5,the,O,MOVE,
833,6,middle,B-TARGET_LOCATION,MOVE,
833,7,shelf,I-TARGET_LOCATION,MOVE,
834,1,I,O,MOVE,
834,2,want,O,MOVE,
834,3,sole_glue_3,B-OBJECT_ID,MOVE,
834,4,in,B-LOCATION_RELATION,MOVE,
834,5,the,O,MOVE,
834,6,drying,B-OBJECT_LOCATION,MOVE,
834,7,area,I-OBJECT_LOCATION,MOVE,
834,8,next,B-NEXT_TO_RELATION,MOVE,
834,9,to,I-NEXT_TO_RELATION,MOVE,
834,10,the,O,MOVE,
834,11,red,B-COLOR,MOVE,
834,12,boot,B-SHOE_TYPE,MOVE,
834,13,moved,O,MOVE,
834,14,to,B-TARGET_LOCATION_RELATION,MOVE,
834,15,the,O,MOVE,
834,16,middle,B-TARGET_LOCATION,MOVE,
834,17,shelf,I-TARGET_LOCATION,MOVE,
835,1,move,O,MOVE,
835,2,the,O,MOVE,
835,3,blue,B-COLOR,MOVE,
835,4,canvas,B-MATERIAL,MOVE,
835,5,sneaker,B-SHOE_TYPE,MOVE,
835,6,away,O,MOVE,
835,7,from,B-LOCATION_RELATION,MOVE,
835,8,the,O,MOVE,
835,9,floor,B-OBJECT_LOCATION,MOVE,
835,10,and,O,MOVE,
835,11,onto,B-TARGET_LOCATION_RELATION,MOVE,
835,12,the,O,MOVE,
835,13,middle,B-TARGET_LOCATION,MOVE,
835,14,shelf,I-TARGET_LOCATION,MOVE,
836,1,relocate,O,MOVE,
836,2,sandal_3,B-OBJECT_ID,MOVE,
836,3,to,B-TARGET_LOCATION_RELATION,MOVE,
836,4,the,O,MOVE,
836,5,bottom,B-TARGET_LOCATION,MOVE,
836,6,shelf,I-TARGET_LOCATION,MOVE,
837,1,please,O,MOVE,
837,2,move,O,MOVE,
837,3,the,O,MOVE,
837,4,rag,B-CLEANING_TOOL_TYPE,MOVE,
837,5,on,B-LOCATION_RELATION,MOVE,
837,6,the,O,MOVE,
837,7,top,B-OBJECT_LOCATION,MOVE,
837,8,shelf,I-OBJECT_LOCATION,MOVE,
837,9,next,B-NEXT_TO_RELATION,MOVE,
837,10,to,I-NEXT_TO_RELATION,MOVE,
837,11,brush_12,B-OBJECT_ID,MOVE,
837,12,over,O,MOVE,
837,13,to,B-TARGET_LOCATION_RELATION,MOVE,
837,14,the,O,MOVE,
837,15,bottom,B-TARGET_LOCATION,MOVE,
837,16,shelf,I-TARGET_LOCATION,MOVE,
838,1,can,O,MOVE,
838,2,you,O,MOVE,
838,3,move,O,MOVE,
838,4,the,O,MOVE,
838,5,boot,B-SHOE_TYPE,MOVE,
838,6,to,B-TARGET_LOCATION_RELATION,MOVE,
838,7,the,O,MOVE,
838,8,middle,B-TARGET_LOCATION,MOVE,
838,9,shelf,I-TARGET_LOCATION,MOVE,
839,1,transfer,O,MOVE,
839,2,the,O,MOVE,
839,3,sandal,B-SHOE_TYPE,MOVE,
839,4,to,B-TARGET_LOCATION_RELATION,MOVE,
839,5,the,O,MOVE,
839,6,bottom,B-TARGET_LOCATION,MOVE,
839,7,shelf,I-TARGET_LOCATION,MOVE,
840,1,bring,O,MOVE,
840,2,the,O,MOVE,
840,3,spray,B-IMPREGNATION_TOOL_TYPE,MOVE,
840,4,to,B-TARGET_LOCATION_RELATION,MOVE,
840,5,the,O,MOVE,
840,6,floor,B-TARGET_LOCATION,MOVE,
841,1,place,O,MOVE,
841,2,the,O,MOVE,
841,3,suede,B-MATERIAL,MOVE,
841,4,sneaker_9,B-OBJECT_ID,MOVE,
841,5,inside,B-LOCATION_RELATION,MOVE,
841,6,the,O,MOVE,
841,7,floor,B-OBJECT_LOCATION,MOVE,
841,8,box,I-OBJECT_LOCATION,MOVE,
841,9,next,B-NEXT_TO_RELATION,MOVE,
841,10,to,I-NEXT_TO_RELATION,MOVE,
841,11,the,O,MOVE,
841,12,spray,B-IMPREGNATION_TOOL_TYPE,MOVE,
841,13,bottle,O,MOVE,
841,14,on,B-TARGET_LOCATION_RELATION,MOVE,
841,15,the,O,MOVE,
841,16,middle,B-TARGET_LOCATION,MOVE,
841,17,shelf,I-TARGET_LOCATION,MOVE,
842,1,shift,O,MOVE,
842,2,the,O,MOVE,
842,3,yellow,B-COLOR,MOVE,
842,4,suede,B-MATERIAL,MOVE,
842,5,sandal,B-SHOE_TYPE,MOVE,
842,6,from,B-LOCATION_RELATION,MOVE,
842,7,the,O,MOVE,
842,8,middle,B-OBJECT_LOCATION,MOVE,
842,9,shelf,I-OBJECT_LOCATION,MOVE,
842,10,to,B-TARGET_LOCATION_RELATION,MOVE,
842,11,the,O,MOVE,
842,12,top,B-TARGET_LOCATION,MOVE,
842,13,shelf,I-TARGET_LOCATION,MOVE,
843,1,move,O,MOVE,
843,2,the,O,MOVE,
843,3,needle,B-REPAIR_TOOL_TYPE,MOVE,
843,4,and,I-REPAIR_TOOL_TYPE,MOVE,
843,5,yarn,I-REPAIR_TOOL_TYPE,MOVE,
844,1,move,O,MOVE,
844,2,that,O,MOVE,
844,3,sneaker,B-SHOE_TYPE,MOVE,
844,4,from,B-LOCATION_RELATION,MOVE,
844,5,the,O,MOVE,
844,6,middle,B-OBJECT_LOCATION,MOVE,
844,7,shelf,I-OBJECT_LOCATION,MOVE,
844,8,next,B-TARGET_NEXT_TO_RELATION,MOVE,
844,9,to,I-TARGET_NEXT_TO_RELATION,MOVE,
844,10,the,O,MOVE,
844,11,green,B-COLOR,MOVE,
844,12,sandal,B-SHOE_TYPE,MOVE,
845,1,I,O,MOVE,
845,2,want,O,MOVE,
845,3,the,O,MOVE,
845,4,black,B-COLOR,MOVE,
845,5,rubber,B-MATERIAL,MOVE,
845,6,sneaker,B-SHOE_TYPE,MOVE,
845,7,moved,O,MOVE,
845,8,to,B-TARGET_LOCATION_RELATION,MOVE,
845,9,the,O,MOVE,
845,10,bottom,B-TARGET_LOCATION,MOVE,
845,11,shelf,I-TARGET_LOCATION,MOVE,
846,1,move,O,MOVE,
846,2,the,O,MOVE,
846,3,brush,B-CLEANING_TOOL_TYPE,MOVE,
846,4,back,O,MOVE,
846,5,to,B-TARGET_LOCATION_RELATION,MOVE,
846,6,the,O,MOVE,
846,7,top,B-TARGET_LOCATION,MOVE,
846,8,shelf,I-TARGET_LOCATION,MOVE,
847,1,put,O,MOVE,
847,2,the,O,MOVE,
847,3,green,B-COLOR,MOVE,
847,4,canvas,B-MATERIAL,MOVE,
847,5,sneaker,B-SHOE_TYPE,MOVE,
847,6,from,B-LOCATION_RELATION,MOVE,
847,7,the,O,MOVE,
847,8,floor,B-OBJECT_LOCATION,MOVE,
847,9,next,B-TARGET_NEXT_TO_RELATION,MOVE,
847,10,to,I-TARGET_NEXT_TO_RELATION,MOVE,
847,11,cleaner_3,B-OBJECT_ID,MOVE,
848,1,relocate,O,MOVE,
848,2,dirty_sneaker_6,B-OBJECT_ID,MOVE,
848,3,to,B-TARGET_LOCATION_RELATION,MOVE,
848,4,the,O,MOVE,
848,5,middle,B-TARGET_LOCATION,MOVE,
848,6,shelf,I-TARGET_LOCATION,MOVE,
849,1,shift,O,MOVE,
849,2,the,O,MOVE,
849,3,cream,B-IMPREGNATION_TOOL_TYPE,MOVE,
849,4,from,B-LOCATION_RELATION,MOVE,
849,5,the,O,MOVE,
849,6,middle,B-OBJECT_LOCATION,MOVE,
849,7,shelf,I-OBJECT_LOCATION,MOVE,
849,8,to,B-TARGET_LOCATION_RELATION,MOVE,
849,9,the,O,MOVE,
849,10,floor,B-TARGET_LOCATION,MOVE,
850,1,move,O,MOVE,
850,2,the,O,MOVE,
850,3,very_dirty,B-CLEANING_STATUS,MOVE,
850,4,shoe,O,MOVE,
850,5,next,B-NEXT_TO_RELATION,MOVE,
850,6,to,I-NEXT_TO_RELATION,MOVE,
850,7,the,O,MOVE,
850,8,hammer,B-REPAIR_TOOL_TYPE,MOVE,
850,9,into,B-TARGET_LOCATION_RELATION,MOVE,
850,10,the,O,MOVE,
850,11,drying,B-TARGET_LOCATION,MOVE,
850,12,area,I-TARGET_LOCATION,MOVE,
851,1,carry,O,MOVE,
851,2,canvas_sneaker_9,B-OBJECT_ID,MOVE,
851,3,to,B-TARGET_LOCATION_RELATION,MOVE,
851,4,the,O,MOVE,
851,5,bottom,B-TARGET_LOCATION,MOVE,
851,6,shelf,I-TARGET_LOCATION,MOVE,
852,1,please,O,MOVE,
852,2,move,O,MOVE,
852,3,the,O,MOVE,
852,4,sole,B-REPAIR_TOOL_TYPE,MOVE,
852,5,hammer,I-REPAIR_TOOL_TYPE,MOVE,
852,6,over,O,MOVE,
852,7,to,B-TARGET_LOCATION_RELATION,MOVE,
852,8,the,O,MOVE,
852,9,top,B-TARGET_LOCATION,MOVE,
852,10,shelf,I-TARGET_LOCATION,MOVE,
853,1,transfer,O,MOVE,
853,2,the,O,MOVE,
853,3,blue,B-COLOR,MOVE,
853,4,suede,B-MATERIAL,MOVE,
853,5,sneaker,B-SHOE_TYPE,MOVE,
853,6,in,B-TARGET_LOCATION_RELATION,MOVE,
853,7,the,O,MOVE,
853,8,bottom,B-TARGET_LOCATION,MOVE,
853,9,shelf,I-TARGET_LOCATION,MOVE,
854,1,move,O,MOVE,
854,2,the,O,MOVE,
854,3,red,B-COLOR,MOVE,
854,4,rubber,B-MATERIAL,MOVE,
854,5,boot_6,B-OBJECT_ID,MOVE,
854,6,next,B-NEXT_TO_RELATION,MOVE,
854,7,to,I-NEXT_TO_RELATION,MOVE,
854,8,the,O,MOVE,
854,9,canvas,B-MATERIAL,MOVE,
854,10,boot,B-SHOE_TYPE,MOVE,
854,11,in,B-LOCATION_RELATION,MOVE,
854,12,the,O,MOVE,
854,13,bottom,B-OBJECT_LOCATION,MOVE,
854,14,shelf,I-OBJECT_LOCATION,MOVE,
854,15,away,O,MOVE,
854,16,from,B-LOCATION_RELATION,MOVE,
854,17,the,O,MOVE,
854,18,bottom,B-OBJECT_LOCATION,MOVE,
854,19,shelf,I-OBJECT_LOCATION,MOVE,
854,20,and,O,MOVE,
854,21,onto,B-TARGET_LOCATION_RELATION,MOVE,
854,22,the,O,MOVE,
854,23,floor,B-TARGET_LOCATION,MOVE,
855,1,relocate,O,MOVE,
855,2,cleaner_2,B-OBJECT_ID,MOVE,
855,3,into,B-TARGET_LOCATION_RELATION,MOVE,
855,4,the,O,MOVE,
855,5,drying,B-TARGET_LOCATION,MOVE,
855,6,area,I-TARGET_LOCATION,MOVE,
856,1,can,O,MOVE,
856,2,you,O,MOVE,
856,3,move,O,MOVE,
856,4,the,O,MOVE,
856,5,sneaker,B-SHOE_TYPE,MOVE,
856,6,on,B-TARGET_LOCATION_RELATION,MOVE,
856,7,the,O,MOVE,
856,8,middle,B-TARGET_LOCATION,MOVE,
856,9,shelf,I-TARGET_LOCATION,MOVE,
857,1,move,O,MOVE,
857,2,the,O,MOVE,
857,3,green,B-COLOR,MOVE,
857,4,sneaker,B-SHOE_TYPE,MOVE,
857,5,beside,B-NEXT_TO_RELATION,MOVE,
857,6,needle_and_yarn_1,B-OBJECT_ID,MOVE,
857,7,to,B-TARGET_LOCATION_RELATION,MOVE,
857,8,the,O,MOVE,
857,9,top,B-TARGET_LOCATION,MOVE,
857,10,shelf,I-TARGET_LOCATION,MOVE,
858,1,transfer,O,MOVE,
858,2,the,O,MOVE,
858,3,sole,B-REPAIR_TOOL_TYPE,MOVE,
858,4,glue,I-REPAIR_TOOL_TYPE,MOVE,
858,5,to,B-TARGET_LOCATION_RELATION,MOVE,
858,6,the,O,MOVE,
858,7,bottom,B-TARGET_LOCATION,MOVE,
858,8,shelf,I-TARGET_LOCATION,MOVE,
859,1,bring,O,MOVE,
859,2,the,O,MOVE,
859,3,white,B-COLOR,MOVE,
859,4,sneaker_9,B-OBJECT_ID,MOVE,
859,5,to,B-TARGET_LOCATION_RELATION,MOVE,
859,6,the,O,MOVE,
859,7,bottom,B-TARGET_LOCATION,MOVE,
859,8,shelf,I-TARGET_LOCATION,MOVE,
860,1,place,O,MOVE,
860,2,the,O,MOVE,
860,3,shoe,B-SHOE_TYPE,MOVE,
860,4,next,B-NEXT_TO_RELATION,MOVE,
860,5,to,I-NEXT_TO_RELATION,MOVE,
860,6,the,O,MOVE,
860,7,brown,B-COLOR,MOVE,
860,8,sandal,B-SHOE_TYPE,MOVE,
860,9,on,B-TARGET_LOCATION_RELATION,MOVE,
860,10,the,O,MOVE,
861,1,I,O,MOVE,
861,2,want,O,MOVE,
861,3,the,O,MOVE,
861,4,rag,B-CLEANING_TOOL_TYPE,MOVE,
861,5,moved,O,MOVE,
861,6,to,B-TARGET_LOCATION_RELATION,MOVE,
861,7,the,O,MOVE,
861,8,bottom,B-TARGET_LOCATION,MOVE,
861,9,shelf,I-TARGET_LOCATION,MOVE,
862,1,I,O,MOVE,
862,2,want,O,MOVE,
862,3,the,O,MOVE,
862,4,sandal_88,B-OBJECT_ID,MOVE,
862,5,moved,O,MOVE,
862,6,to,B-TARGET_LOCATION_RELATION,MOVE,
862,7,the,O,MOVE,
862,8,drying,B-TARGET_LOCATION,MOVE,
862,9,area,I-TARGET_LOCATION,MOVE,
863,1,shift,O,MOVE,
863,2,the,O,MOVE,
863,3,blue,B-COLOR,MOVE,
863,4,boot,B-SHOE_TYPE,MOVE,
863,5,next,B-NEXT_TO_RELATION,MOVE,
863,6,to,I-NEXT_TO_RELATION,MOVE,
863,7,sneaker_12,B-OBJECT_ID,MOVE,
863,8,from,B-LOCATION_RELATION,MOVE,
863,9,the,O,MOVE,
863,10,top,B-OBJECT_LOCATION,MOVE,
863,11,shelf,I-OBJECT_LOCATION,MOVE,
863,12,to,B-TARGET_LOCATION_RELATION,MOVE,
863,13,the,O,MOVE,
863,14,floor,B-TARGET_LOCATION,MOVE,
864,1,move,O,MOVE,
864,2,the,O,MOVE,
864,3,spray,B-IMPREGNATION_TOOL_TYPE,MOVE,
864,4,away,O,MOVE,
864,5,from,B-LOCATION_RELATION,MOVE,
864,6,the,O,MOVE,
864,7,floor,B-OBJECT_LOCATION,MOVE,
864,8,and,O,MOVE,
864,9,onto,B-TARGET_LOCATION_RELATION,MOVE,
864,10,the,O,MOVE,
864,11,top,B-TARGET_LOCATION,MOVE,
864,12,shelf,I-TARGET_LOCATION,MOVE,
865,1,move,O,MOVE,
865,2,the,O,MOVE,
865,3,yellow,B-COLOR,MOVE,
865,4,sneaker_9,B-OBJECT_ID,MOVE,
865,5,away,O,MOVE,
865,6,from,B-LOCATION_RELATION,MOVE,
865,7,the,O,MOVE,
865,8,floor,B-OBJECT_LOCATION,MOVE,
865,9,and,O,MOVE,
865,10,onto,B-TARGET_LOCATION_RELATION,MOVE,
865,11,the,O,MOVE,
865,12,bottom,B-TARGET_LOCATION,MOVE,
865,13,shelf,I-TARGET_LOCATION,MOVE,
866,1,move,O,MOVE,
866,2,that,O,MOVE,
866,3,blue,B-COLOR,MOVE,
866,4,sneaker_6,B-OBJECT_ID,MOVE,
866,5,next,B-TARGET_NEXT_TO_RELATION,MOVE,
866,6,to,I-TARGET_NEXT_TO_RELATION,MOVE,
866,7,the,O,MOVE,
866,8,cleaning,O,MOVE,
866,9,brush,B-CLEANING_TOOL_TYPE,MOVE,
867,1,move,O,MOVE,
867,2,the,O,MOVE,
867,3,needle,B-REPAIR_TOOL_TYPE,MOVE,
867,4,and,I-REPAIR_TOOL_TYPE,MOVE,
867,5,yarn,I-REPAIR_TOOL_TYPE,MOVE,
867,6,to,B-TARGET_LOCATION_RELATION,MOVE,
867,7,the,O,MOVE,
867,8,drying,B-TARGET_LOCATION,MOVE,
867,9,area,I-TARGET_LOCATION,MOVE,
868,1,please,O,MOVE,
868,2,move,O,MOVE,
868,3,the,O,MOVE,
868,4,black,B-COLOR,MOVE,
868,5,high,B-SHOE_HEIGHT,MOVE,
868,6,sneaker,B-SHOE_TYPE,MOVE,
868,7,over,O,MOVE,
868,8,to,B-TARGET_LOCATION_RELATION,MOVE,
868,9,the,O,MOVE,
868,10,bottom,B-TARGET_LOCATION,MOVE,
868,11,shelf,I-TARGET_LOCATION,MOVE,
869,1,move,O,MOVE,
869,2,shoe_1,B-OBJECT_ID,MOVE,
869,3,onto,B-TARGET_LOCATION_RELATION,MOVE,
869,4,the,O,MOVE,
869,5,floor,B-TARGET_LOCATION,MOVE,
870,1,move,O,MOVE,
870,2,brush_6,B-OBJECT_ID,MOVE,
870,3,next,B-NEXT_TO_RELATION,MOVE,
870,4,to,I-NEXT_TO_RELATION,MOVE,
870,5,spray_7,B-OBJECT_ID,MOVE,
870,6,onto,B-TARGET_LOCATION_RELATION,MOVE,
870,7,the,O,MOVE,
870,8,top,B-TARGET_LOCATION,MOVE,
870,9,shelf,I-TARGET_LOCATION,MOVE,
871,1,can,O,MOVE,
871,2,you,O,MOVE,
871,3,put,O,MOVE,
871,4,the,O,MOVE,
871,5,red,B-COLOR,MOVE,
871,6,sneaker,B-SHOE_TYPE,MOVE,
871,7,on,B-TARGET_LOCATION_RELATION,MOVE,
871,8,the,O,MOVE,
871,9,top,B-TARGET_LOCATION,MOVE,
871,10,shelf,I-TARGET_LOCATION,MOVE,
872,1,move,O,MOVE,
872,2,the,O,MOVE,
872,3,red,B-COLOR,MOVE,
872,4,boot,B-SHOE_TYPE,MOVE,
872,5,away,O,MOVE,
872,6,from,B-LOCATION_RELATION,MOVE,
872,7,the,O,MOVE,
872,8,floor,B-OBJECT_LOCATION,MOVE,
872,9,and,O,MOVE,
872,10,onto,B-TARGET_LOCATION_RELATION,MOVE,
872,11,the,O,MOVE,
872,12,top,B-TARGET_LOCATION,MOVE,
872,13,shelf,I-TARGET_LOCATION,MOVE,
873,1,take,O,MOVE,
873,2,cream_6,B-OBJECT_ID,MOVE,
873,3,next,B-NEXT_TO_RELATION,MOVE,
873,4,to,I-NEXT_TO_RELATION,MOVE,
873,5,the,O,MOVE,
873,6,sole,B-REPAIR_TOOL_TYPE,MOVE,
873,7,hammer,I-REPAIR_TOOL_TYPE,MOVE,
873,8,from,B-LOCATION_RELATION,MOVE,
873,9,the,O,MOVE,
873,10,top,B-OBJECT_LOCATION,MOVE,
873,11,shelf,I-OBJECT_LOCATION,MOVE,
873,12,and,O,MOVE,
873,13,put,O,MOVE,
873,14,it,O,MOVE,
873,15,on,B-TARGET_LOCATION_RELATION,MOVE,
873,16,the,O,MOVE,
873,17,top,B-TARGET_LOCATION,MOVE,
873,18,shelf,I-TARGET_LOCATION,MOVE,
874,1,move,O,MOVE,
874,2,the,O,MOVE,
874,3,clean,B-CLEANING_STATUS,MOVE,
874,4,white,B-COLOR,MOVE,
874,5,sneaker,B-SHOE_TYPE,MOVE,
874,6,to,B-TARGET_LOCATION_RELATION,MOVE,
874,7,the,O,MOVE,
874,8,drying,B-TARGET_LOCATION,MOVE,
874,9,area,I-TARGET_LOCATION,MOVE,
875,1,place,O,MOVE,
875,2,the,O,MOVE,
875,3,leather,B-MATERIAL,MOVE,
875,4,mid,B-SHOE_HEIGHT,MOVE,
875,5,sandal,B-SHOE_TYPE,MOVE,
875,6,in,B-TARGET_LOCATION_RELATION,MOVE,
875,7,the,O,MOVE,
875,8,middle,B-TARGET_LOCATION,MOVE,
875,9,shelf,I-TARGET_LOCATION,MOVE,
876,1,place,O,MOVE,
876,2,the,O,MOVE,
876,3,sole,B-REPAIR_TOOL_TYPE,MOVE,
876,4,hammer,I-REPAIR_TOOL_TYPE,MOVE,
876,5,next,B-NEXT_TO_RELATION,MOVE,
876,6,to,I-NEXT_TO_RELATION,MOVE,
876,7,the,O,MOVE,
876,8,black,B-COLOR,MOVE,
876,9,boot,B-SHOE_TYPE,MOVE,
876,10,in,B-LOCATION_RELATION,MOVE,
876,11,the,O,MOVE,
876,12,drying,B-OBJECT_LOCATION,MOVE,
876,13,area,I-OBJECT_LOCATION,MOVE,
876,14,on,B-TARGET_LOCATION_RELATION,MOVE,
877,1,relocate,O,MOVE,
877,2,the,O,MOVE,
877,3,white,B-COLOR,MOVE,
877,4,boot,B-SHOE_TYPE,MOVE,
877,5,to,B-TARGET_LOCATION_RELATION,MOVE,
877,6,the,O,MOVE,
877,7,floor,B-TARGET_LOCATION,MOVE,
878,1,bring,O,MOVE,
878,2,the,O,MOVE,
878,3,rubber,B-MATERIAL,MOVE,
878,4,boot_6,B-OBJECT_ID,MOVE,
878,5,to,B-TARGET_LOCATION_RELATION,MOVE,
878,6,the,O,MOVE,
878,7,floor,B-TARGET_LOCATION,MOVE,
878,8,box,I-TARGET_LOCATION,MOVE,
879,1,move,O,MOVE,
879,2,the,O,MOVE,
879,3,cleaner,B-CLEANING_TOOL_TYPE,MOVE,
879,4,next,B-NEXT_TO_RELATION,MOVE,
879,5,to,I-NEXT_TO_RELATION,MOVE,
879,6,rag_4,B-OBJECT_ID,MOVE,
879,7,on,B-LOCATION_RELATION,MOVE,
879,8,the,O,MOVE,
879,9,floor,B-OBJECT_LOCATION,MOVE,
879,10,to,B-TARGET_LOCATION_RELATION,MOVE,
879,11,the,O,MOVE,
879,12,shelf,B-TARGET_LOCATION,MOVE,
880,1,move,O,MOVE,
880,2,the,O,MOVE,
880,3,sneaker_7,B-OBJECT_ID,MOVE,
880,4,to,B-TARGET_LOCATION_RELATION,MOVE,
880,5,the,O,MOVE,
880,6,top,B-TARGET_LOCATION,MOVE,
880,7,shelf,I-TARGET_LOCATION,MOVE,
881,1,transfer,O,MOVE,
881,2,the,O,MOVE,
881,3,rubber,B-MATERIAL,MOVE,
881,4,boot,B-SHOE_TYPE,MOVE,
881,5,to,B-TARGET_LOCATION_RELATION,MOVE,
881,6,the,O,MOVE,
881,7,drying,B-TARGET_LOCATION,MOVE,
881,8,area,I-TARGET_LOCATION,MOVE,
882,1,move,O,MOVE,
882,2,the,O,MOVE,
882,3,sole,B-REPAIR_TOOL_TYPE,MOVE,
882,4,glue,I-REPAIR_TOOL_TYPE,MOVE,
882,5,onto,B-TARGET_LOCATION_RELATION,MOVE,
882,6,the,O,MOVE,
882,7,middle,B-TARGET_LOCATION,MOVE,
882,8,shelf,I-TARGET_LOCATION,MOVE,
883,1,take,O,MOVE,
883,2,the,O,MOVE,
883,3,boot_11,B-OBJECT_ID,MOVE,
883,4,next,B-NEXT_TO_RELATION,MOVE,
883,5,to,I-NEXT_TO_RELATION,MOVE,
883,6,cream_5,B-OBJECT_ID,MOVE,
883,7,inside,B-LOCATION_RELATION,MOVE,
883,8,the,O,MOVE,
883,9,tool,B-OBJECT_LOCATION,MOVE,
883,10,area,I-OBJECT_LOCATION,MOVE,
883,11,and,O,MOVE,
883,12,put,O,MOVE,
883,13,it,O,MOVE,
883,14,on,B-TARGET_LOCATION_RELATION,MOVE,
883,15,the,O,MOVE,
883,16,bottom,B-TARGET_LOCATION,MOVE,
883,17,shelf,I-TARGET_LOCATION,MOVE,
884,1,put,O,MOVE,
884,2,dirty_sneaker_6,B-OBJECT_ID,MOVE,
884,3,in,B-TARGET_LOCATION_RELATION,MOVE,
884,4,the,O,MOVE,
884,5,drying,B-TARGET_LOCATION,MOVE,
884,6,area,I-TARGET_LOCATION,MOVE,
885,1,move,O,MOVE,
885,2,the,O,MOVE,
885,3,rag,B-CLEANING_TOOL_TYPE,MOVE,
885,4,from,B-LOCATION_RELATION,MOVE,
885,5,the,O,MOVE,
885,6,bottom,B-OBJECT_LOCATION,MOVE,
885,7,shelf,I-OBJECT_LOCATION,MOVE,
885,8,to,B-TARGET_LOCATION_RELATION,MOVE,
885,9,the,O,MOVE,
885,10,drying,B-TARGET_LOCATION,MOVE,
885,11,area,I-TARGET_LOCATION,MOVE,
886,1,relocate,O,MOVE,
886,2,the,O,MOVE,
886,3,sneaker,B-SHOE_TYPE,MOVE,
886,4,next,B-NEXT_TO_RELATION,MOVE,
886,5,to,I-NEXT_TO_RELATION,MOVE,
886,6,the,O,MOVE,
886,7,blue,B-COLOR,MOVE,
886,8,sneaker,B-SHOE_TYPE,MOVE,
886,9,on,B-LOCATION_RELATION,MOVE,
886,10,the,O,MOVE,
886,11,middle,B-OBJECT_LOCATION,MOVE,
886,12,shelf,I-OBJECT_LOCATION,MOVE,
886,13,to,B-TARGET_LOCATION_RELATION,MOVE,
886,14,the,O,MOVE,
886,15,bottom,B-TARGET_LOCATION,MOVE,
886,16,shelf,I-TARGET_LOCATION,MOVE,
887,1,put,O,MOVE,
887,2,the,O,MOVE,
887,3,black,B-COLOR,MOVE,
887,4,sandal,B-SHOE_TYPE,MOVE,
887,5,onto,B-TARGET_LOCATION_RELATION,MOVE,
887,6,the,O,MOVE,
887,7,bottom,B-TARGET_LOCATION,MOVE,
887,8,shelf,I-TARGET_LOCATION,MOVE,
888,1,can,O,MOVE,
888,2,you,O,MOVE,
888,3,put,O,MOVE,
888,4,the,O,MOVE,
888,5,spray,B-IMPREGNATION_TOOL_TYPE,MOVE,
888,6,on,B-TARGET_LOCATION_RELATION,MOVE,
888,7,the,O,MOVE,
888,8,top,B-TARGET_LOCATION,MOVE,
888,9,shelf,I-TARGET_LOCATION,MOVE,
889,1,carry,O,MOVE,
889,2,the,O,MOVE,
889,3,red,B-COLOR,MOVE,
889,4,high,B-SHOE_HEIGHT,MOVE,
889,5,boot,B-SHOE_TYPE,MOVE,
889,6,next,B-NEXT_TO_RELATION,MOVE,
889,7,to,I-NEXT_TO_RELATION,MOVE,
889,8,sole_glue_3,B-OBJECT_ID,MOVE,
889,9,in,B-LOCATION_RELATION,MOVE,
889,10,the,O,MOVE,
889,11,floor,B-OBJECT_LOCATION,MOVE,
889,12,box,I-OBJECT_LOCATION,MOVE,
889,13,to,B-TARGET_LOCATION_RELATION,MOVE,
889,14,the,O,MOVE,
889,15,top,B-TARGET_LOCATION,MOVE,
889,16,shelf,I-TARGET_LOCATION,MOVE,
890,1,put,O,MOVE,
890,2,rubber_sandal_6,B-OBJECT_ID,MOVE,
890,3,on,B-TARGET_LOCATION_RELATION,MOVE,
890,4,the,O,MOVE,
890,5,middle,B-TARGET_LOCATION,MOVE,
890,6,shelf,I-TARGET_LOCATION,MOVE,
891,1,place,O,MOVE,
891,2,the,O,MOVE,
891,3,needle,B-REPAIR_TOOL_TYPE,MOVE,
891,4,and,I-REPAIR_TOOL_TYPE,MOVE,
891,5,yarn,I-REPAIR_TOOL_TYPE,MOVE,
891,6,in,B-TARGET_LOCATION_RELATION,MOVE,
891,7,the,O,MOVE,
891,8,drying,B-TARGET_LOCATION,MOVE,
891,9,area,I-TARGET_LOCATION,MOVE,
892,1,place,O,MOVE,
892,2,the,O,MOVE,
892,3,shoe,O,MOVE,
892,4,in,B-LOCATION_RELATION,MOVE,
892,5,the,O,MOVE,
892,6,drying,B-OBJECT_LOCATION,MOVE,
892,7,area,I-OBJECT_LOCATION,MOVE,
892,8,next,B-NEXT_TO_RELATION,MOVE,
892,9,to,I-NEXT_TO_RELATION,MOVE,
892,10,the,O,MOVE,
892,11,red,B-COLOR,MOVE,
892,12,boot,B-SHOE_TYPE,MOVE,
892,13,somewhere,O,MOVE,
892,14,on,B-TARGET_LOCATION_RELATION,MOVE,
892,15,the,O,MOVE,
892,16,bottom,B-TARGET_LOCATION,MOVE,
892,17,shelf,I-TARGET_LOCATION,MOVE,
893,1,move,O,MOVE,
893,2,the,O,MOVE,
893,3,green,B-COLOR,MOVE,
893,4,rubber,B-MATERIAL,MOVE,
893,5,high,B-SHOE_HEIGHT,MOVE,
893,6,sandal_4,B-OBJECT_ID,MOVE,
893,7,from,B-LOCATION_RELATION,MOVE,
893,8,the,O,MOVE,
893,9,floor,B-OBJECT_LOCATION,MOVE,
893,10,next,B-TARGET_NEXT_TO_RELATION,MOVE,
893,11,to,I-TARGET_NEXT_TO_RELATION,MOVE,
893,12,the,O,MOVE,
893,13,sandal,B-SHOE_TYPE,MOVE,
894,1,put,O,MOVE,
894,2,the,O,MOVE,
894,3,brush,B-CLEANING_TOOL_TYPE,MOVE,
894,4,on,B-TARGET_LOCATION_RELATION,MOVE,
894,5,the,O,MOVE,
894,6,top,B-TARGET_LOCATION,MOVE,
894,7,shelf,I-TARGET_LOCATION,MOVE,
895,1,move,O,MOVE,
895,2,that,O,MOVE,
895,3,blue,B-COLOR,MOVE,
895,4,boot,B-SHOE_TYPE,MOVE,
895,5,onto,B-TARGET_LOCATION_RELATION,MOVE,
895,6,the,O,MOVE,
895,7,top,B-TARGET_LOCATION,MOVE,
895,8,shelf,I-TARGET_LOCATION,MOVE,
896,1,place,O,MOVE,
896,2,the,O,MOVE,
896,3,shoe,B-SHOE_TYPE,MOVE,
896,4,on,B-LOCATION_RELATION,MOVE,
896,5,the,O,MOVE,
896,6,top,B-OBJECT_LOCATION,MOVE,
896,7,shelf,I-OBJECT_LOCATION,MOVE,
896,8,next,B-TARGET_NEXT_TO_RELATION,MOVE,
896,9,to,I-TARGET_NEXT_TO_RELATION,MOVE,
896,10,brush_12,B-OBJECT_ID,MOVE,
897,1,shift,O,MOVE,
897,2,the,O,MOVE,
897,3,cream,B-IMPREGNATION_TOOL_TYPE,MOVE,
897,4,from,B-LOCATION_RELATION,MOVE,
897,5,the,O,MOVE,
897,6,middle,B-OBJECT_LOCATION,MOVE,
897,7,shelf,I-OBJECT_LOCATION,MOVE,
897,8,to,B-TARGET_LOCATION_RELATION,MOVE,
897,9,the,O,MOVE,
897,10,top,B-TARGET_LOCATION,MOVE,
897,11,shelf,I-TARGET_LOCATION,MOVE,
898,1,can,O,MOVE,
898,2,you,O,MOVE,
898,3,put,O,MOVE,
898,4,the,O,MOVE,
898,5,yellow,B-COLOR,MOVE,
898,6,mid,B-SHOE_HEIGHT,MOVE,
898,7,boot_8,B-OBJECT_ID,MOVE,
898,8,on,B-TARGET_LOCATION_RELATION,MOVE,
898,9,the,O,MOVE,
898,10,bottom,B-TARGET_LOCATION,MOVE,
898,11,shelf,I-TARGET_LOCATION,MOVE,
899,1,move,O,MOVE,
899,2,wet_boot_11,B-OBJECT_ID,MOVE,
899,3,inside,B-LOCATION_RELATION,MOVE,
899,4,the,O,MOVE,
899,5,tool,B-OBJECT_LOCATION,MOVE,
899,6,area,I-OBJECT_LOCATION,MOVE,
899,7,beside,B-NEXT_TO_RELATION,MOVE,
899,8,the,O,MOVE,
899,9,spray,B-IMPREGNATION_TOOL_TYPE,MOVE,
899,10,bottle,O,MOVE,
899,11,from,B-LOCATION_RELATION,MOVE,
899,12,the,O,MOVE,
899,13,top,B-OBJECT_LOCATION,MOVE,
899,14,shelf,I-OBJECT_LOCATION,MOVE,
899,15,next,B-TARGET_NEXT_TO_RELATION,MOVE,
899,16,to,I-TARGET_NEXT_TO_RELATION,MOVE,
899,17,the,O,MOVE,
899,18,sneaker,B-SHOE_TYPE,MOVE,
900,1,return,O,MOVE,
900,2,the,O,MOVE,
900,3,sole_hammer_5,B-OBJECT_ID,MOVE,
900,4,to,B-TARGET_LOCATION_RELATION,MOVE,
900,5,the,O,MOVE,
900,6,middle,B-TARGET_LOCATION,MOVE,
900,7,shelf,I-TARGET_LOCATION,MOVE,
901,1,move,O,MOVE,
901,2,the,O,MOVE,
901,3,rubber,B-MATERIAL,MOVE,
901,4,mid,B-SHOE_HEIGHT,MOVE,
901,5,sandal,B-SHOE_TYPE,MOVE,
901,6,away,O,MOVE,
901,7,from,B-LOCATION_RELATION,MOVE,
901,8,the,O,MOVE,
901,9,floor,B-OBJECT_LOCATION,MOVE,
901,10,and,O,MOVE,
901,11,onto,B-TARGET_LOCATION_RELATION,MOVE,
901,12,the,O,MOVE,
901,13,middle,B-TARGET_LOCATION,MOVE,
901,14,shelf,I-TARGET_LOCATION,MOVE,
902,1,move,O,MOVE,
902,2,the,O,MOVE,
902,3,sandal,B-SHOE_TYPE,MOVE,
902,4,from,B-LOCATION_RELATION,MOVE,
902,5,the,O,MOVE,
902,6,middle,B-OBJECT_LOCATION,MOVE,
902,7,shelf,I-OBJECT_LOCATION,MOVE,
902,8,next,B-NEXT_TO_RELATION,MOVE,
902,9,to,I-NEXT_TO_RELATION,MOVE,
902,10,the,O,MOVE,
902,11,green,B-COLOR,MOVE,
902,12,sandal,B-SHOE_TYPE,MOVE,
902,13,from,B-LOCATION_RELATION,MOVE,
902,14,the,O,MOVE,
902,15,drying,B-OBJECT_LOCATION,MOVE,
902,16,area,I-OBJECT_LOCATION,MOVE,
902,17,to,B-TARGET_LOCATION_RELATION,MOVE,
902,18,the,O,MOVE,
902,19,floor,B-TARGET_LOCATION,MOVE,
903,1,please,O,MOVE,
903,2,move,O,MOVE,
903,3,the,O,MOVE,
903,4,cleaner,B-CLEANING_TOOL_TYPE,MOVE,
903,5,over,O,MOVE,
903,6,next,B-TARGET_NEXT_TO_RELATION,MOVE,
903,7,to,I-TARGET_NEXT_TO_RELATION,MOVE,
903,8,the,O,MOVE,
903,9,brush,B-CLEANING_TOOL_TYPE,MOVE,
904,1,I,O,MOVE,
904,2,want,O,MOVE,
904,3,the,O,MOVE,
904,4,canvas,B-MATERIAL,MOVE,
904,5,sneaker,B-SHOE_TYPE,MOVE,
904,6,moved,O,MOVE,
904,7,to,B-TARGET_LOCATION_RELATION,MOVE,
904,8,the,O,MOVE,
904,9,top,B-TARGET_LOCATION,MOVE,
904,10,shelf,I-TARGET_LOCATION,MOVE,
905,1,shift,O,MOVE,
905,2,the,O,MOVE,
905,3,boot_5,B-OBJECT_ID,MOVE,
905,4,on,B-LOCATION_RELATION,MOVE,
905,5,the,O,MOVE,
905,6,floor,B-OBJECT_LOCATION,MOVE,
905,7,next,B-NEXT_TO_RELATION,MOVE,
905,8,to,I-NEXT_TO_RELATION,MOVE,
905,9,cleaner_3,B-OBJECT_ID,MOVE,
905,10,from,B-LOCATION_RELATION,MOVE,
905,11,the,O,MOVE,
905,12,top,B-OBJECT_LOCATION,MOVE,
905,13,shelf,I-OBJECT_LOCATION,MOVE,
905,14,to,B-TARGET_LOCATION_RELATION,MOVE,
905,15,the,O,MOVE,
905,16,drying,B-TARGET_LOCATION,MOVE,
905,17,area,I-TARGET_LOCATION,MOVE,
906,1,put,O,MOVE,
906,2,sole_glue_3,B-OBJECT_ID,MOVE,
906,3,on,B-TARGET_LOCATION_RELATION,MOVE,
906,4,the,O,MOVE,
906,5,middle,B-TARGET_LOCATION,MOVE,
906,6,shelf,I-TARGET_LOCATION,MOVE,
907,1,place,O,MOVE,
907,2,the,O,MOVE,
907,3,black,B-COLOR,MOVE,
907,4,leather,B-MATERIAL,MOVE,
907,5,sandal,B-SHOE_TYPE,MOVE,
907,6,on,B-TARGET_LOCATION_RELATION,MOVE,
907,7,the,O,MOVE,
907,8,bottom,B-TARGET_LOCATION,MOVE,
907,9,shelf,I-TARGET_LOCATION,MOVE,
908,1,relocate,O,MOVE,
908,2,leather_boot_3,B-OBJECT_ID,MOVE,
908,3,next,B-NEXT_TO_RELATION,MOVE,
908,4,to,I-NEXT_TO_RELATION,MOVE,
908,5,the,O,MOVE,
908,6,hammer,B-REPAIR_TOOL_TYPE,MOVE,
908,7,inside,B-LOCATION_RELATION,MOVE,
908,8,the,O,MOVE,
908,9,drying,B-OBJECT_LOCATION,MOVE,
908,10,area,I-OBJECT_LOCATION,MOVE,
908,11,next,B-NEXT_TO_RELATION,MOVE,
908,12,to,I-NEXT_TO_RELATION,MOVE,
908,13,spray_7,B-OBJECT_ID,MOVE,
908,14,to,B-TARGET_LOCATION_RELATION,MOVE,
908,15,the,O,MOVE,
908,16,bottom,B-TARGET_LOCATION,MOVE,
908,17,shelf,I-TARGET_LOCATION,MOVE,
909,1,return,O,MOVE,
909,2,the,O,MOVE,
909,3,rag,B-CLEANING_TOOL_TYPE,MOVE,
909,4,to,B-TARGET_LOCATION_RELATION,MOVE,
909,5,the,O,MOVE,
909,6,top,B-TARGET_LOCATION,MOVE,
909,7,shelf,I-TARGET_LOCATION,MOVE,
910,1,can,O,MOVE,
910,2,you,O,MOVE,
910,3,put,O,MOVE,
910,4,the,O,MOVE,
910,5,red,B-COLOR,MOVE,
910,6,sneaker_7,B-OBJECT_ID,MOVE,
910,7,on,B-TARGET_LOCATION_RELATION,MOVE,
910,8,the,O,MOVE,
910,9,middle,B-TARGET_LOCATION,MOVE,
910,10,shelf,I-TARGET_LOCATION,MOVE,
911,1,move,O,MOVE,
911,2,that,O,MOVE,
911,3,green,B-COLOR,MOVE,
911,4,sandal,B-SHOE_TYPE,MOVE,
911,5,onto,B-TARGET_LOCATION_RELATION,MOVE,
911,6,the,O,MOVE,
911,7,middle,B-TARGET_LOCATION,MOVE,
911,8,shelf,I-TARGET_LOCATION,MOVE,
912,1,relocate,O,MOVE,
912,2,the,O,MOVE,
912,3,spray,B-IMPREGNATION_TOOL_TYPE,MOVE,
912,4,next,B-NEXT_TO_RELATION,MOVE,
912,5,to,I-NEXT_TO_RELATION,MOVE,
912,6,the,O,MOVE,
912,7,canvas,B-MATERIAL,MOVE,
912,8,boot,B-SHOE_TYPE,MOVE,
912,9,on,B-LOCATION_RELATION,MOVE,
912,10,the,O,MOVE,
912,11,bottom,B-OBJECT_LOCATION,MOVE,
912,12,shelf,I-OBJECT_LOCATION,MOVE,
912,13,to,B-TARGET_LOCATION_RELATION,MOVE,
912,14,the,O,MOVE,
912,15,middle,B-TARGET_LOCATION,MOVE,
912,16,shelf,I-TARGET_LOCATION,MOVE,
913,1,relocate,O,MOVE,
913,2,leather_boot_3,B-OBJECT_ID,MOVE,
913,3,to,B-TARGET_LOCATION_RELATION,MOVE,
913,4,the,O,MOVE,
913,5,middle,B-TARGET_LOCATION,MOVE,
913,6,shelf,I-TARGET_LOCATION,MOVE,
914,1,move,O,MOVE,
914,2,the,O,MOVE,
914,3,red,B-COLOR,MOVE,
914,4,suede,B-MATERIAL,MOVE,
914,5,sandal,B-SHOE_TYPE,MOVE,
914,6,to,B-TARGET_LOCATION_RELATION,MOVE,
914,7,the,O,MOVE,
914,8,bottom,B-TARGET_LOCATION,MOVE,
914,9,shelf,I-TARGET_LOCATION,MOVE,
915,1,carry,O,MOVE,
915,2,the,O,MOVE,
915,3,needle,B-REPAIR_TOOL_TYPE,MOVE,
915,4,and,I-REPAIR_TOOL_TYPE,MOVE,
915,5,yarn,I-REPAIR_TOOL_TYPE,MOVE,
915,6,next,B-NEXT_TO_RELATION,MOVE,
915,7,to,I-NEXT_TO_RELATION,MOVE,
915,8,needle_and_yarn_1,B-OBJECT_ID,MOVE,
915,9,in,B-LOCATION_RELATION,MOVE,
915,10,the,O,MOVE,
915,11,tool,B-OBJECT_LOCATION,MOVE,
915,12,area,I-OBJECT_LOCATION,MOVE,
915,13,to,B-TARGET_LOCATION_RELATION,MOVE,
915,14,the,O,MOVE,
915,15,bottom,B-TARGET_LOCATION,MOVE,
915,16,shelf,I-TARGET_LOCATION,MOVE,
916,1,return,O,MOVE,
916,2,the,O,MOVE,
916,3,blue,B-COLOR,MOVE,
916,4,sneaker_7,B-OBJECT_ID,MOVE,
916,5,to,B-TARGET_LOCATION_RELATION,MOVE,
916,6,the,O,MOVE,
916,7,top,B-TARGET_LOCATION,MOVE,
916,8,shelf,I-TARGET_LOCATION,MOVE,
917,1,I,O,MOVE,
917,2,want,O,MOVE,
917,3,the,O,MOVE,
917,4,red,B-COLOR,MOVE,
917,5,boot,B-SHOE_TYPE,MOVE,
917,6,moved,O,MOVE,
917,7,to,B-TARGET_LOCATION_RELATION,MOVE,
917,8,the,O,MOVE,
917,9,top,B-TARGET_LOCATION,MOVE,
917,10,shelf,I-TARGET_LOCATION,MOVE,
918,1,can,O,MOVE,
918,2,you,O,MOVE,
918,3,put,O,MOVE,
918,4,the,O,MOVE,
918,5,brush,B-CLEANING_TOOL_TYPE,MOVE,
918,6,next,B-NEXT_TO_RELATION,MOVE,
918,7,to,I-NEXT_TO_RELATION,MOVE,
918,8,the,O,MOVE,
918,9,dirty,B-CLEANING_STATUS,MOVE,
918,10,sandal,B-SHOE_TYPE,MOVE,
918,11,on,B-TARGET_LOCATION_RELATION,MOVE,
918,12,the,O,MOVE,
918,13,top,B-TARGET_LOCATION,MOVE,
918,14,shelf,I-TARGET_LOCATION,MOVE,
919,1,can,O,MOVE,
919,2,you,O,MOVE,
919,3,put,O,MOVE,
919,4,canvas_sneaker_9,B-OBJECT_ID,MOVE,
919,5,on,B-TARGET_LOCATION_RELATION,MOVE,
919,6,the,O,MOVE,
919,7,bottom,B-TARGET_LOCATION,MOVE,
919,8,shelf,I-TARGET_LOCATION,MOVE,
920,1,take,O,MOVE,
920,2,the,O,MOVE,
920,3,yellow,B-COLOR,MOVE,
920,4,high,B-SHOE_HEIGHT,MOVE,
920,5,boot,B-SHOE_TYPE,MOVE,
920,6,from,B-LOCATION_RELATION,MOVE,
920,7,the,O,MOVE,
920,8,floor,B-OBJECT_LOCATION,MOVE,
920,9,and,O,MOVE,
920,10,put,O,MOVE,
920,11,it,O,MOVE,
920,12,on,B-TARGET_LOCATION_RELATION,MOVE,
920,13,the,O,MOVE,
920,14,bottom,B-TARGET_LOCATION,MOVE,
920,15,shelf,I-TARGET_LOCATION,MOVE,
921,1,take,O,MOVE,
921,2,the,O,MOVE,
921,3,cream,B-IMPREGNATION_TOOL_TYPE,MOVE,
921,4,next,B-NEXT_TO_RELATION,MOVE,
921,5,to,I-NEXT_TO_RELATION,MOVE,
921,6,sneaker_12,B-OBJECT_ID,MOVE,
921,7,off,B-LOCATION_RELATION,MOVE,
921,8,the,O,MOVE,
921,9,floor,B-OBJECT_LOCATION,MOVE,
921,10,and,O,MOVE,
921,11,put,O,MOVE,
921,12,it,O,MOVE,
921,13,on,B-TARGET_LOCATION_RELATION,MOVE,
921,14,the,O,MOVE,
921,15,top,B-TARGET_LOCATION,MOVE,
921,16,shelf,I-TARGET_LOCATION,MOVE,
922,1,return,O,MOVE,
922,2,the,O,MOVE,
922,3,boot_8,B-OBJECT_ID,MOVE,
922,4,next,B-TARGET_NEXT_TO_RELATION,MOVE,
922,5,to,I-TARGET_NEXT_TO_RELATION,MOVE,
922,6,the,O,MOVE,
922,7,cleaner,B-CLEANING_TOOL_TYPE,MOVE,
923,1,transfer,O,MOVE,
923,2,the,O,MOVE,
923,3,red,B-COLOR,MOVE,
923,4,canvas,B-MATERIAL,MOVE,
923,5,sandal,B-SHOE_TYPE,MOVE,
923,6,to,B-TARGET_LOCATION_RELATION,MOVE,
923,7,the,O,MOVE,
923,8,floor,B-TARGET_LOCATION,MOVE,
924,1,I,O,MOVE,
924,2,want,O,MOVE,
924,3,the,O,MOVE,
924,4,sole,B-REPAIR_TOOL_TYPE,MOVE,
924,5,hammer,I-REPAIR_TOOL_TYPE,MOVE,
924,6,moved,O,MOVE,
924,7,to,B-TARGET_LOCATION_RELATION,MOVE,
924,8,the,O,MOVE,
924,9,middle,B-TARGET_LOCATION,MOVE,
924,10,shelf,I-TARGET_LOCATION,MOVE,
925,1,place,O,MOVE,
925,2,the,O,MOVE,
925,3,a,B-CLEANING_STATUS,MOVE,
925,4,little,I-CLEANING_STATUS,MOVE,
925,5,dirty,I-CLEANING_STATUS,MOVE,
925,6,high,B-SHOE_HEIGHT,MOVE,
925,7,sneaker,B-SHOE_TYPE,MOVE,
925,8,next,B-NEXT_TO_RELATION,MOVE,
925,9,to,I-NEXT_TO_RELATION,MOVE,
925,10,the,O,MOVE,
925,11,cleaning,O,MOVE,
925,12,brush,B-CLEANING_TOOL_TYPE,MOVE,
925,13,on,B-TARGET_LOCATION_RELATION,MOVE,
925,14,the,O,MOVE,
925,15,middle,B-TARGET_LOCATION,MOVE,
925,16,shelf,I-TARGET_LOCATION,MOVE,
926,1,place,O,MOVE,
926,2,the,O,MOVE,
926,3,sandal_3,B-OBJECT_ID,MOVE,
926,4,next,B-TARGET_NEXT_TO_RELATION,MOVE,
926,5,to,I-TARGET_NEXT_TO_RELATION,MOVE,
926,6,the,O,MOVE,
926,7,moderatly,B-CLEANING_STATUS,MOVE,
926,8,dirty,I-CLEANING_STATUS,MOVE,
926,9,rubber,B-MATERIAL,MOVE,
926,10,sandal,B-SHOE_TYPE,MOVE,
927,1,transfer,O,MOVE,
927,2,the,O,MOVE,
927,3,cleaner_2,B-OBJECT_ID,MOVE,
927,4,to,B-TARGET_LOCATION_RELATION,MOVE,
927,5,the,O,MOVE,
927,6,bottom,B-TARGET_LOCATION,MOVE,
927,7,shelf,I-TARGET_LOCATION,MOVE,
928,1,I,O,MOVE,
928,2,want,O,MOVE,
928,3,the,O,MOVE,
928,4,blue,B-COLOR,MOVE,
928,5,suede,B-MATERIAL,MOVE,
928,6,sandal_4,B-OBJECT_ID,MOVE,
928,7,next,B-NEXT_TO_RELATION,MOVE,
928,8,to,I-NEXT_TO_RELATION,MOVE,
928,9,spray_7,B-OBJECT_ID,MOVE,
928,10,moved,O,MOVE,
928,11,to,B-TARGET_LOCATION_RELATION,MOVE,
928,12,the,O,MOVE,
928,13,top,B-TARGET_LOCATION,MOVE,
928,14,shelf,I-TARGET_LOCATION,MOVE,
929,1,take,O,MOVE,
929,2,the,O,MOVE,
929,3,boot,B-SHOE_TYPE,MOVE,
929,4,off,B-LOCATION_RELATION,MOVE,
929,5,the,O,MOVE,
929,6,floor,B-OBJECT_LOCATION,MOVE,
929,7,and,O,MOVE,
929,8,put,O,MOVE,
929,9,it,O,MOVE,
929,10,on,B-TARGET_LOCATION_RELATION,MOVE,
929,11,the,O,MOVE,
929,12,middle,B-TARGET_LOCATION,MOVE,
929,13,shelf,I-TARGET_LOCATION,MOVE,
930,1,place,O,MOVE,
930,2,the,O,MOVE,
930,3,sole,B-REPAIR_TOOL_TYPE,MOVE,
930,4,glue,I-REPAIR_TOOL_TYPE,MOVE,
930,5,in,B-TARGET_LOCATION_RELATION,MOVE,
930,6,the,O,MOVE,
930,7,drying,B-TARGET_LOCATION,MOVE,
930,8,area,I-TARGET_LOCATION,MOVE,
931,1,return,O,MOVE,
931,2,the,O,MOVE,
931,3,red,B-COLOR,MOVE,
931,4,suede,B-MATERIAL,MOVE,
931,5,sneaker,B-SHOE_TYPE,MOVE,
931,6,next,B-NEXT_TO_RELATION,MOVE,
931,7,to,I-NEXT_TO_RELATION,MOVE,
931,8,the,O,MOVE,
931,9,sole,B-REPAIR_TOOL_TYPE,MOVE,
931,10,hammer,I-REPAIR_TOOL_TYPE,MOVE,
931,11,beside,B-TARGET_NEXT_TO_RELATION,MOVE,
931,12,this,O,MOVE,
931,13,green,B-COLOR,MOVE,
931,14,boot,B-SHOE_TYPE,MOVE,
932,1,relocate,O,MOVE,
932,2,the,O,MOVE,
932,3,black,B-COLOR,MOVE,
932,4,boot,B-SHOE_TYPE,MOVE,
932,5,to,B-TARGET_LOCATION_RELATION,MOVE,
932,6,the,O,MOVE,
932,7,drying,B-TARGET_LOCATION,MOVE,
932,8,area,I-TARGET_LOCATION,MOVE,
933,1,shift,O,MOVE,
933,2,the,O,MOVE,
933,3,rag,B-CLEANING_TOOL_TYPE,MOVE,
933,4,from,B-LOCATION_RELATION,MOVE,
933,5,the,O,MOVE,
933,6,drying,B-OBJECT_LOCATION,MOVE,
933,7,area,I-OBJECT_LOCATION,MOVE,
933,8,to,B-TARGET_LOCATION_RELATION,MOVE,
933,9,the,O,MOVE,
933,10,floor,B-TARGET_LOCATION,MOVE,
934,1,put,O,MOVE,
934,2,the,O,MOVE,
934,3,black,B-COLOR,MOVE,
934,4,suede,B-MATERIAL,MOVE,
934,5,sandal,B-SHOE_TYPE,MOVE,
934,6,next,B-NEXT_TO_RELATION,MOVE,
934,7,to,I-NEXT_TO_RELATION,MOVE,
934,8,the,O,MOVE,
934,9,black,B-COLOR,MOVE,
934,10,boot,B-SHOE_TYPE,MOVE,
934,11,in,B-LOCATION_RELATION,MOVE,
934,12,the,O,MOVE,
934,13,drying,B-OBJECT_LOCATION,MOVE,
934,14,area,I-OBJECT_LOCATION,MOVE,
934,15,on,B-TARGET_LOCATION_RELATION,MOVE,
934,16,the,O,MOVE,
934,17,middle,B-TARGET_LOCATION,MOVE,
934,18,shelf,I-TARGET_LOCATION,MOVE,
935,1,move,O,MOVE,
935,2,the,O,MOVE,
935,3,dirty,B-CLEANING_STATUS,MOVE,
935,4,shoe,B-SHOE_TYPE,MOVE,
935,5,closer,O,MOVE,
935,6,to,B-TARGET_LOCATION_RELATION,MOVE,
935,7,the,O,MOVE,
935,8,tool,B-TARGET_LOCATION,MOVE,
935,9,area,I-TARGET_LOCATION,MOVE,
936,1,put,O,MOVE,
936,2,boot_2,B-OBJECT_ID,MOVE,
936,3,to,B-TARGET_LOCATION_RELATION,MOVE,
936,4,the,O,MOVE,
936,5,floor,B-TARGET_LOCATION,MOVE,
937,1,I,O,MOVE,
937,2,want,O,MOVE,
937,3,the,O,MOVE,
937,4,yellow,B-COLOR,MOVE,
937,5,suede,B-MATERIAL,MOVE,
937,6,boot,B-SHOE_TYPE,MOVE,
937,7,next,B-NEXT_TO_RELATION,MOVE,
937,8,to,I-NEXT_TO_RELATION,MOVE,
937,9,rag_4,B-OBJECT_ID,MOVE,
937,10,on,B-LOCATION_RELATION,MOVE,
937,11,the,O,MOVE,
937,12,floor,B-OBJECT_LOCATION,MOVE,
937,13,moved,O,MOVE,
937,14,to,B-TARGET_LOCATION_RELATION,MOVE,
937,15,the,O,MOVE,
937,16,top,B-TARGET_LOCATION,MOVE,
937,17,shelf,I-TARGET_LOCATION,MOVE,
938,1,relocate,O,MOVE,
938,2,the,O,MOVE,
938,3,yellow,B-COLOR,MOVE,
938,4,boot,B-SHOE_TYPE,MOVE,
938,5,to,B-TARGET_LOCATION_RELATION,MOVE,
938,6,the,O,MOVE,
938,7,drying,B-TARGET_LOCATION,MOVE,
938,8,area,I-TARGET_LOCATION,MOVE,
939,1,place,O,MOVE,
939,2,the,O,MOVE,
939,3,rubber,B-MATERIAL,MOVE,
939,4,sandal,B-SHOE_TYPE,MOVE,
939,5,on,B-TARGET_LOCATION_RELATION,MOVE,
939,6,the,O,MOVE,
939,7,top,B-TARGET_LOCATION,MOVE,
939,8,shelf,I-TARGET_LOCATION,MOVE,
940,1,move,O,MOVE,
940,2,rubber_sandal_6,B-OBJECT_ID,MOVE,
940,3,onto,B-TARGET_LOCATION_RELATION,MOVE,
940,4,the,O,MOVE,
940,5,top,B-TARGET_LOCATION,MOVE,
940,6,shelf,I-TARGET_LOCATION,MOVE,
941,1,put,O,MOVE,
941,2,the,O,MOVE,
941,3,green,B-COLOR,MOVE,
941,4,boot_5,B-OBJECT_ID,MOVE,
941,5,next,B-NEXT_TO_RELATION,MOVE,
941,6,to,I-NEXT_TO_RELATION,MOVE,
941,7,cream_5,B-OBJECT_ID,MOVE,
941,8,inside,B-LOCATION_RELATION,MOVE,
941,9,the,O,MOVE,
941,10,tool,B-OBJECT_LOCATION,MOVE,
941,11,area,I-OBJECT_LOCATION,MOVE,
941,12,into,B-TARGET_LOCATION_RELATION,MOVE,
941,13,the,O,MOVE,
941,14,drying,B-TARGET_LOCATION,MOVE,
941,15,area,I-TARGET_LOCATION,MOVE,
942,1,move,O,MOVE,
942,2,the,O,MOVE,
942,3,white,B-COLOR,MOVE,
942,4,sneaker_4,B-OBJECT_ID,MOVE,
942,5,away,O,MOVE,
942,6,from,B-LOCATION_RELATION,MOVE,
942,7,the,O,MOVE,
942,8,floor,B-OBJECT_LOCATION,MOVE,
942,9,and,O,MOVE,
942,10,onto,B-TARGET_LOCATION_RELATION,MOVE,
942,11,the,O,MOVE,
942,12,top,B-TARGET_LOCATION,MOVE,
942,13,shelf,I-TARGET_LOCATION,MOVE,
943,1,carry,O,MOVE,
943,2,the,O,MOVE,
943,3,canvas,B-MATERIAL,MOVE,
943,4,boot_13,B-OBJECT_ID,MOVE,
943,5,next,B-TARGET_NEXT_TO_RELATION,MOVE,
943,6,to,I-TARGET_NEXT_TO_RELATION,MOVE,
943,7,s_4,B-OBJECT_ID,MOVE,
944,1,move,O,MOVE,
944,2,the,O,MOVE,
944,3,black,B-COLOR,MOVE,
944,4,sneaker,B-SHOE_TYPE,MOVE,
944,5,next,B-NEXT_TO_RELATION,MOVE,
944,6,to,I-NEXT_TO_RELATION,MOVE,
944,7,the,O,MOVE,
944,8,blue,B-COLOR,MOVE,
944,9,sneaker,B-SHOE_TYPE,MOVE,
944,10,on,B-LOCATION_RELATION,MOVE,
944,11,the,O,MOVE,
944,12,middle,B-OBJECT_LOCATION,MOVE,
944,13,shelf,I-OBJECT_LOCATION,MOVE,
944,14,to,B-TARGET_LOCATION_RELATION,MOVE,
944,15,the,O,MOVE,
944,16,drying,B-TARGET_LOCATION,MOVE,
944,17,area,I-TARGET_LOCATION,MOVE,
945,1,put,O,MOVE,
945,2,the,O,MOVE,
945,3,leather,B-MATERIAL,MOVE,
945,4,sandal_6,B-OBJECT_ID,MOVE,
945,5,back,O,MOVE,
945,6,on,B-TARGET_LOCATION_RELATION,MOVE,
945,7,the,O,MOVE,
945,8,bottom,B-TARGET_LOCATION,MOVE,
945,9,shelf,I-TARGET_LOCATION,MOVE,
946,1,can,O,MOVE,
946,2,you,O,MOVE,
946,3,put,O,MOVE,
946,4,the,O,MOVE,
946,5,brown,B-COLOR,MOVE,
946,6,boot_8,B-OBJECT_ID,MOVE,
946,7,on,B-TARGET_LOCATION_RELATION,MOVE,
946,8,the,O,MOVE,
946,9,middle,B-TARGET_LOCATION,MOVE,
946,10,shelf,I-TARGET_LOCATION,MOVE,
947,1,take,O,MOVE,
947,2,the,O,MOVE,
947,3,brown,B-COLOR,MOVE,
947,4,boot,B-SHOE_TYPE,MOVE,
947,5,next,B-NEXT_TO_RELATION,MOVE,
947,6,to,I-NEXT_TO_RELATION,MOVE,
947,7,sole_glue_3,B-OBJECT_ID,MOVE,
947,8,in,B-LOCATION_RELATION,MOVE,
947,9,the,O,MOVE,
947,10,tool,B-OBJECT_LOCATION,MOVE,
947,11,area,I-OBJECT_LOCATION,MOVE,
947,12,from,B-LOCATION_RELATION,MOVE,
947,13,the,O,MOVE,
947,14,drying,B-OBJECT_LOCATION,MOVE,
947,15,area,I-OBJECT_LOCATION,MOVE,
947,16,and,O,MOVE,
947,17,put,O,MOVE,
947,18,it,O,MOVE,
947,19,on,B-TARGET_LOCATION_RELATION,MOVE,
947,20,the,O,MOVE,
947,21,bottom,B-TARGET_LOCATION,MOVE,
947,22,shelf,I-TARGET_LOCATION,MOVE,
948,1,return,O,MOVE,
948,2,the,O,MOVE,
948,3,extremly,B-CLEANING_STATUS,MOVE,
948,4,dirty,I-CLEANING_STATUS,MOVE,
948,5,boot,B-SHOE_TYPE,MOVE,
948,6,next,B-TARGET_NEXT_TO_RELATION,MOVE,
948,7,to,I-TARGET_NEXT_TO_RELATION,MOVE,
948,8,the,O,MOVE,
948,9,glue_1,B-OBJECT_ID,MOVE,
949,1,put,O,MOVE,
949,2,the,O,MOVE,
949,3,rubber,B-MATERIAL,MOVE,
949,4,boot_15,B-OBJECT_ID,MOVE,
949,5,back,O,MOVE,
949,6,on,B-TARGET_LOCATION_RELATION,MOVE,
949,7,the,O,MOVE,
949,8,bottom,B-TARGET_LOCATION,MOVE,
949,9,shelf,I-TARGET_LOCATION,MOVE,
950,1,shift,O,MOVE,
950,2,the,O,MOVE,
950,3,red,B-COLOR,MOVE,
950,4,suede,B-MATERIAL,MOVE,
950,5,sneaker_6,B-OBJECT_ID,MOVE,
950,6,in,B-LOCATION_RELATION,MOVE,
950,7,the,O,MOVE,
950,8,drying,B-OBJECT_LOCATION,MOVE,
950,9,area,I-OBJECT_LOCATION,MOVE,
950,10,next,B-NEXT_TO_RELATION,MOVE,
950,11,to,I-NEXT_TO_RELATION,MOVE,
950,12,the,O,MOVE,
950,13,red,B-COLOR,MOVE,
950,14,boot,B-SHOE_TYPE,MOVE,
950,15,from,B-LOCATION_RELATION,MOVE,
950,16,the,O,MOVE,
950,17,top,B-OBJECT_LOCATION,MOVE,
950,18,shelf,I-OBJECT_LOCATION,MOVE,
950,19,to,B-TARGET_LOCATION_RELATION,MOVE,
950,20,the,O,MOVE,
950,21,floor,B-TARGET_LOCATION,MOVE,
951,1,could,O,MOVE,
951,2,you,O,MOVE,
951,3,move,O,MOVE,
951,4,brush_12,B-OBJECT_ID,MOVE,
951,5,from,B-LOCATION_RELATION,MOVE,
951,6,the,O,MOVE,
951,7,tool,B-OBJECT_LOCATION,MOVE,
951,8,area,I-OBJECT_LOCATION,MOVE,
951,9,to,B-TARGET_LOCATION_RELATION,MOVE,
951,10,the,O,MOVE,
951,11,middle,B-TARGET_LOCATION,MOVE,
951,12,shelf,I-TARGET_LOCATION,MOVE,
952,1,please,O,MOVE,
952,2,place,O,MOVE,
952,3,the,O,MOVE,
952,4,spray,B-IMPREGNATION_TOOL_TYPE,MOVE,
952,5,bottle,O,MOVE,
952,6,on,B-TARGET_LOCATION_RELATION,MOVE,
952,7,the,O,MOVE,
952,8,top,B-TARGET_LOCATION,MOVE,
952,9,shelf,I-TARGET_LOCATION,MOVE,
952,10,instead,O,MOVE,
953,1,take,O,MOVE,
953,2,sole_glue_3,B-OBJECT_ID,MOVE,
953,3,off,B-TARGET_LOCATION_RELATION,MOVE,
953,4,the,O,MOVE,
953,5,floor,B-TARGET_LOCATION,MOVE,
953,6,and,O,MOVE,
953,7,put,O,MOVE,
953,8,it,O,MOVE,
953,9,with,O,MOVE,
953,10,the,O,MOVE,
953,11,repair,O,MOVE,
953,12,tools,O,MOVE,
954,1,I,O,MOVE,
954,2,want,O,MOVE,
954,3,rag_4,B-OBJECT_ID,MOVE,
954,4,on,B-LOCATION_RELATION,MOVE,
954,5,the,O,MOVE,
954,6,top,B-OBJECT_LOCATION,MOVE,
954,7,shelf,I-OBJECT_LOCATION,MOVE,
954,8,beside,B-NEXT_TO_RELATION,MOVE,
954,9,brush_12,B-OBJECT_ID,MOVE,
954,10,moved,O,MOVE,
954,11,away,O,MOVE,
954,12,from,O,MOVE,
954,13,the,O,MOVE,
954,14,shoes,O,MOVE,
954,15,and,O,MOVE,
954,16,back,O,MOVE,
954,17,to,B-TARGET_LOCATION_RELATION,MOVE,
954,18,the,O,MOVE,
954,19,tool,B-TARGET_LOCATION,MOVE,
954,20,area,I-TARGET_LOCATION,MOVE,
955,1,shift,O,MOVE,
955,2,the,O,MOVE,
955,3,cleaner,B-CLEANING_TOOL_TYPE,MOVE,
955,4,from,B-LOCATION_RELATION,MOVE,
955,5,the,O,MOVE,
955,6,bottom,B-OBJECT_LOCATION,MOVE,
955,7,shelf,I-OBJECT_LOCATION,MOVE,
955,8,next,B-TARGET_NEXT_TO_RELATION,MOVE,
955,9,to,I-TARGET_NEXT_TO_RELATION,MOVE,
955,10,the,O,MOVE,
955,11,hammer,B-REPAIR_TOOL_TYPE,MOVE,
956,1,can,O,MOVE,
956,2,the,O,MOVE,
956,3,cream_5,B-OBJECT_ID,MOVE,
956,4,go,O,MOVE,
956,5,from,B-LOCATION_RELATION,MOVE,
956,6,the,O,MOVE,
956,7,hand,B-OBJECT_LOCATION,MOVE,
956,8,to,B-TARGET_LOCATION_RELATION,MOVE,
956,9,the,O,MOVE,
956,10,tool,B-TARGET_LOCATION,MOVE,
956,11,area,I-TARGET_LOCATION,MOVE,
957,1,put,O,MOVE,
957,2,the,O,MOVE,
957,3,black,B-COLOR,MOVE,
957,4,sneaker_11,B-OBJECT_ID,MOVE,
957,5,inside,B-LOCATION_RELATION,MOVE,
957,6,the,O,MOVE,
957,7,tool,B-OBJECT_LOCATION,MOVE,
957,8,area,I-OBJECT_LOCATION,MOVE,
957,9,next,B-NEXT_TO_RELATION,MOVE,
957,10,to,I-NEXT_TO_RELATION,MOVE,
957,11,the,O,MOVE,
957,12,spray,B-IMPREGNATION_TOOL_TYPE,MOVE,
957,13,bottle,O,MOVE,
957,14,in,B-TARGET_LOCATION_RELATION,MOVE,
957,15,the,O,MOVE,
957,16,drying,B-TARGET_LOCATION,MOVE,
957,17,area,I-TARGET_LOCATION,MOVE,
957,18,not,O,MOVE,
957,19,on,O,MOVE,
957,20,the,O,MOVE,
957,21,shelf,O,MOVE,
958,1,please,O,MOVE,
958,2,relocate,O,MOVE,
958,3,the,O,MOVE,
958,4,needle,B-REPAIR_TOOL_TYPE,MOVE,
958,5,and,I-REPAIR_TOOL_TYPE,MOVE,
958,6,yarn,I-REPAIR_TOOL_TYPE,MOVE,
958,7,next,B-TARGET_NEXT_TO_RELATION,MOVE,
958,8,to,I-TARGET_NEXT_TO_RELATION,MOVE,
958,9,the,O,MOVE,
958,10,clean,B-CLEANING_STATUS,MOVE,
958,11,shoe,B-SHOE_TYPE,MOVE,
959,1,move,O,MOVE,
959,2,the,O,MOVE,
959,3,small,O,MOVE,
959,4,sole,B-REPAIR_TOOL_TYPE,MOVE,
959,5,hammer,I-REPAIR_TOOL_TYPE,MOVE,
959,6,onto,O,MOVE,
959,7,the,O,MOVE,
959,8,lower,O,MOVE,
959,9,shelf,O,MOVE,
960,1,could,O,MOVE,
960,2,you,O,MOVE,
960,3,put,O,MOVE,
960,4,spray_7,B-OBJECT_ID,MOVE,
960,5,from,B-LOCATION_RELATION,MOVE,
960,6,the,O,MOVE,
960,7,middle,B-OBJECT_LOCATION,MOVE,
960,8,shelf,I-OBJECT_LOCATION,MOVE,
960,9,next,B-TARGET_NEXT_TO_RELATION,MOVE,
960,10,to,I-TARGET_NEXT_TO_RELATION,MOVE,
960,11,the,O,MOVE,
960,12,green,B-COLOR,MOVE,
960,13,sandal,B-SHOE_TYPE,MOVE,
960,14,somewhere,O,MOVE,
960,15,else,O,MOVE,
960,16,maybe,O,MOVE,
960,17,near,O,MOVE,
960,18,the,O,MOVE,
960,19,impregnation,O,MOVE,
960,20,tools,O,MOVE,
961,1,can,O,PICK_UP,
961,2,you,O,PICK_UP,
961,3,take,O,PICK_UP,
961,4,the,O,PICK_UP,
961,5,old,O,PICK_UP,
961,6,rag,B-CLEANING_TOOL_TYPE,PICK_UP,
961,7,next,B-NEXT_TO_RELATION,PICK_UP,
961,8,to,I-NEXT_TO_RELATION,PICK_UP,
961,9,the,O,PICK_UP,
961,10,brown,B-COLOR,PICK_UP,
961,11,sandal,B-SHOE_TYPE,PICK_UP,
961,12,from,B-LOCATION_RELATION,PICK_UP,
961,13,the,O,PICK_UP,
961,14,rack,B-OBJECT_LOCATION,PICK_UP,
962,1,hold,O,PICK_UP,
962,2,the,O,PICK_UP,
962,3,white,B-COLOR,PICK_UP,
962,4,canvas,B-MATERIAL,PICK_UP,
962,5,sneaker_7,B-OBJECT_ID,PICK_UP,
963,1,I,O,PICK_UP,
963,2,need,O,PICK_UP,
963,3,you,O,PICK_UP,
963,4,to,O,PICK_UP,
963,5,pick,O,PICK_UP,
963,6,up,O,PICK_UP,
963,7,the,O,PICK_UP,
963,8,white,B-COLOR,PICK_UP,
963,9,boot_5,B-OBJECT_ID,PICK_UP,
964,1,remove,O,PICK_UP,
964,2,the,O,PICK_UP,
964,3,spray,B-IMPREGNATION_TOOL_TYPE,PICK_UP,
964,4,next,B-NEXT_TO_RELATION,PICK_UP,
964,5,to,I-NEXT_TO_RELATION,PICK_UP,
964,6,sneaker_12,B-OBJECT_ID,PICK_UP,
964,7,from,B-LOCATION_RELATION,PICK_UP,
964,8,the,O,PICK_UP,
964,9,middle,B-OBJECT_LOCATION,PICK_UP,
964,10,shelf,I-OBJECT_LOCATION,PICK_UP,
964,11,and,O,PICK_UP,
964,12,hold,O,PICK_UP,
964,13,it,O,PICK_UP,
965,1,could,O,PICK_UP,
965,2,you,O,PICK_UP,
965,3,pick,O,PICK_UP,
965,4,up,O,PICK_UP,
965,5,the,O,PICK_UP,
965,6,green,B-COLOR,PICK_UP,
965,7,boot,B-SHOE_TYPE,PICK_UP,
966,1,lift,O,PICK_UP,
966,2,the,O,PICK_UP,
966,3,boot,B-SHOE_TYPE,PICK_UP,
966,4,from,B-LOCATION_RELATION,PICK_UP,
966,5,the,O,PICK_UP,
966,6,drying,B-OBJECT_LOCATION,PICK_UP,
966,7,area,I-OBJECT_LOCATION,PICK_UP,
967,1,lift,O,PICK_UP,
967,2,needle_and_yarn_1,B-OBJECT_ID,PICK_UP,
967,3,next,B-NEXT_TO_RELATION,PICK_UP,
967,4,to,I-NEXT_TO_RELATION,PICK_UP,
967,5,the,O,PICK_UP,
967,6,cleaning,O,PICK_UP,
967,7,brush,B-CLEANING_TOOL_TYPE,PICK_UP,
967,8,from,B-LOCATION_RELATION,PICK_UP,
967,9,the,O,PICK_UP,
967,10,drying,B-OBJECT_LOCATION,PICK_UP,
967,11,area,I-OBJECT_LOCATION,PICK_UP,
968,1,take,O,PICK_UP,
968,2,the,O,PICK_UP,
968,3,canvas,B-MATERIAL,PICK_UP,
968,4,sandal,B-SHOE_TYPE,PICK_UP,
969,1,grab,O,PICK_UP,
969,2,one,O,PICK_UP,
969,3,red,B-COLOR,PICK_UP,
969,4,sandal,B-SHOE_TYPE,PICK_UP,
970,1,take,O,PICK_UP,
970,2,the,O,PICK_UP,
970,3,brush,B-CLEANING_TOOL_TYPE,PICK_UP,
970,4,next,B-NEXT_TO_RELATION,PICK_UP,
970,5,to,I-NEXT_TO_RELATION,PICK_UP,
970,6,spray_7,B-OBJECT_ID,PICK_UP,
971,1,grab,O,PICK_UP,
971,2,the,O,PICK_UP,
971,3,brown,B-COLOR,PICK_UP,
971,4,sandal,B-SHOE_TYPE,PICK_UP,
971,5,off,B-LOCATION_RELATION,PICK_UP,
971,6,the,O,PICK_UP,
971,7,top,B-OBJECT_LOCATION,PICK_UP,
971,8,shelf,I-OBJECT_LOCATION,PICK_UP,
972,1,would,O,PICK_UP,
972,2,you,O,PICK_UP,
972,3,pick,O,PICK_UP,
972,4,the,O,PICK_UP,
972,5,yellow,B-COLOR,PICK_UP,
972,6,canvas,B-MATERIAL,PICK_UP,
972,7,boot,B-SHOE_TYPE,PICK_UP,
972,8,up,O,PICK_UP,
972,9,from,B-LOCATION_RELATION,PICK_UP,
972,10,the,O,PICK_UP,
972,11,floor,B-OBJECT_LOCATION,PICK_UP,
973,1,remove,O,PICK_UP,
973,2,the,O,PICK_UP,
973,3,cream,B-IMPREGNATION_TOOL_TYPE,PICK_UP,
973,4,from,B-LOCATION_RELATION,PICK_UP,
973,5,the,O,PICK_UP,
973,6,middle,B-OBJECT_LOCATION,PICK_UP,
973,7,shelf,I-OBJECT_LOCATION,PICK_UP,
973,8,and,O,PICK_UP,
973,9,hold,O,PICK_UP,
973,10,it,O,PICK_UP,
974,1,select,O,PICK_UP,
974,2,the,O,PICK_UP,
974,3,green,B-COLOR,PICK_UP,
974,4,low,B-SHOE_HEIGHT,PICK_UP,
974,5,sneaker_7,B-OBJECT_ID,PICK_UP,
974,6,next,B-NEXT_TO_RELATION,PICK_UP,
974,7,to,I-NEXT_TO_RELATION,PICK_UP,
974,8,the,O,PICK_UP,
974,9,sole,B-REPAIR_TOOL_TYPE,PICK_UP,
974,10,hammer,I-REPAIR_TOOL_TYPE,PICK_UP,
974,11,and,O,PICK_UP,
974,12,hold,O,PICK_UP,
974,13,it,O,PICK_UP,
975,1,take,O,PICK_UP,
975,2,the,O,PICK_UP,
975,3,suede,B-MATERIAL,PICK_UP,
975,4,sneaker,B-SHOE_TYPE,PICK_UP,
975,5,in,O,PICK_UP,
975,6,your,O,PICK_UP,
975,7,hand,O,PICK_UP,
976,1,select,O,PICK_UP,
976,2,the,O,PICK_UP,
976,3,sole,B-REPAIR_TOOL_TYPE,PICK_UP,
976,4,hammer,I-REPAIR_TOOL_TYPE,PICK_UP,
976,5,and,O,PICK_UP,
976,6,hold,O,PICK_UP,
976,7,it,O,PICK_UP,
977,1,grab,O,PICK_UP,
977,2,the,O,PICK_UP,
977,3,yellow,B-COLOR,PICK_UP,
977,4,sneaker,B-SHOE_TYPE,PICK_UP,
977,5,next,B-NEXT_TO_RELATION,PICK_UP,
977,6,to,I-NEXT_TO_RELATION,PICK_UP,
977,7,the,O,PICK_UP,
977,8,black,B-COLOR,PICK_UP,
977,9,boot,B-SHOE_TYPE,PICK_UP,
977,10,in,B-LOCATION_RELATION,PICK_UP,
977,11,the,O,PICK_UP,
977,12,drying,B-OBJECT_LOCATION,PICK_UP,
977,13,area,I-OBJECT_LOCATION,PICK_UP,
978,1,grab,O,PICK_UP,
978,2,the,O,PICK_UP,
978,3,white,B-COLOR,PICK_UP,
978,4,sneaker,B-SHOE_TYPE,PICK_UP,
978,5,off,B-LOCATION_RELATION,PICK_UP,
978,6,the,O,PICK_UP,
978,7,bottom,B-OBJECT_LOCATION,PICK_UP,
978,8,shelf,I-OBJECT_LOCATION,PICK_UP,
979,1,would,O,PICK_UP,
979,2,you,O,PICK_UP,
979,3,pick,O,PICK_UP,
979,4,the,O,PICK_UP,
979,5,cleaner,B-CLEANING_TOOL_TYPE,PICK_UP,
979,6,up,O,PICK_UP,
979,7,from,B-LOCATION_RELATION,PICK_UP,
979,8,the,O,PICK_UP,
979,9,floor,B-OBJECT_LOCATION,PICK_UP,
980,1,get,O,PICK_UP,
980,2,the,O,PICK_UP,
980,3,high,B-SHOE_HEIGHT,PICK_UP,
980,4,sneaker,B-SHOE_TYPE,PICK_UP,
980,5,next,B-NEXT_TO_RELATION,PICK_UP,
980,6,to,I-NEXT_TO_RELATION,PICK_UP,
980,7,rag_4,B-OBJECT_ID,PICK_UP,
980,8,on,B-LOCATION_RELATION,PICK_UP,
980,9,the,O,PICK_UP,
980,10,floor,B-OBJECT_LOCATION,PICK_UP,
981,1,select,O,PICK_UP,
981,2,boot_2,B-OBJECT_ID,PICK_UP,
981,3,and,O,PICK_UP,
981,4,hold,O,PICK_UP,
981,5,it,O,PICK_UP,
982,1,would,O,PICK_UP,
982,2,you,O,PICK_UP,
982,3,pick,O,PICK_UP,
982,4,the,O,PICK_UP,
982,5,sole,B-REPAIR_TOOL_TYPE,PICK_UP,
982,6,glue,I-REPAIR_TOOL_TYPE,PICK_UP,
982,7,up,O,PICK_UP,
982,8,from,B-LOCATION_RELATION,PICK_UP,
982,9,the,O,PICK_UP,
982,10,floor,B-OBJECT_LOCATION,PICK_UP,
983,1,pick,O,PICK_UP,
983,2,leather_shoe_4,B-OBJECT_ID,PICK_UP,
983,3,next,B-NEXT_TO_RELATION,PICK_UP,
983,4,to,I-NEXT_TO_RELATION,PICK_UP,
983,5,cream_5,B-OBJECT_ID,PICK_UP,
983,6,inside,B-LOCATION_RELATION,PICK_UP,
983,7,the,O,PICK_UP,
983,8,tool,B-OBJECT_LOCATION,PICK_UP,
983,9,area,I-OBJECT_LOCATION,PICK_UP,
983,10,up,O,PICK_UP,
984,1,take,O,PICK_UP,
984,2,the,O,PICK_UP,
984,3,low,B-SHOE_HEIGHT,PICK_UP,
984,4,sandal_9,B-OBJECT_ID,PICK_UP,
984,5,in,O,PICK_UP,
984,6,your,O,PICK_UP,
984,7,hand,O,PICK_UP,
985,1,I,O,PICK_UP,
985,2,need,O,PICK_UP,
985,3,you,O,PICK_UP,
985,4,to,O,PICK_UP,
985,5,pick,O,PICK_UP,
985,6,up,O,PICK_UP,
985,7,the,O,PICK_UP,
985,8,rag,B-CLEANING_TOOL_TYPE,PICK_UP,
986,1,pick,O,PICK_UP,
986,2,up,O,PICK_UP,
986,3,the,O,PICK_UP,
986,4,black,B-COLOR,PICK_UP,
986,5,suede,B-MATERIAL,PICK_UP,
986,6,sneaker,B-SHOE_TYPE,PICK_UP,
986,7,next,B-NEXT_TO_RELATION,PICK_UP,
986,8,to,I-NEXT_TO_RELATION,PICK_UP,
986,9,the,O,PICK_UP,
986,10,blue,B-COLOR,PICK_UP,
986,11,sneaker,B-SHOE_TYPE,PICK_UP,
986,12,from,B-LOCATION_RELATION,PICK_UP,
986,13,the,O,PICK_UP,
986,14,middle,B-OBJECT_LOCATION,PICK_UP,
986,15,shelf,I-OBJECT_LOCATION,PICK_UP,
987,1,please,O,PICK_UP,
987,2,grab,O,PICK_UP,
987,3,the,O,PICK_UP,
987,4,green,B-COLOR,PICK_UP,
987,5,boot_5,B-OBJECT_ID,PICK_UP,
987,6,for,O,PICK_UP,
987,7,me,O,PICK_UP,
988,1,grab,O,PICK_UP,
988,2,the,O,PICK_UP,
988,3,spray,B-IMPREGNATION_TOOL_TYPE,PICK_UP,
989,1,would,O,PICK_UP,
989,2,you,O,PICK_UP,
989,3,pick,O,PICK_UP,
989,4,the,O,PICK_UP,
989,5,sneaker_9,B-OBJECT_ID,PICK_UP,
989,6,next,B-NEXT_TO_RELATION,PICK_UP,
989,7,to,I-NEXT_TO_RELATION,PICK_UP,
989,8,sole_glue_3,B-OBJECT_ID,PICK_UP,
989,9,in,B-LOCATION_RELATION,PICK_UP,
989,10,the,O,PICK_UP,
989,11,tool,B-OBJECT_LOCATION,PICK_UP,
989,12,area,I-OBJECT_LOCATION,PICK_UP,
989,13,up,O,PICK_UP,
989,14,from,B-LOCATION_RELATION,PICK_UP,
989,15,the,O,PICK_UP,
989,16,floor,B-OBJECT_LOCATION,PICK_UP,
990,1,I,O,PICK_UP,
990,2,need,O,PICK_UP,
990,3,you,O,PICK_UP,
990,4,to,O,PICK_UP,
990,5,pick,O,PICK_UP,
990,6,up,O,PICK_UP,
990,7,blue_sneaker_4,B-OBJECT_ID,PICK_UP,
991,1,pick,O,PICK_UP,
991,2,up,O,PICK_UP,
991,3,the,O,PICK_UP,
991,4,needle,B-REPAIR_TOOL_TYPE,PICK_UP,
991,5,and,I-REPAIR_TOOL_TYPE,PICK_UP,
991,6,yarn,I-REPAIR_TOOL_TYPE,PICK_UP,
992,1,take,O,PICK_UP,
992,2,the,O,PICK_UP,
992,3,brown,B-COLOR,PICK_UP,
992,4,sandal,B-SHOE_TYPE,PICK_UP,
992,5,off,B-LOCATION_RELATION,PICK_UP,
992,6,the,O,PICK_UP,
992,7,top,B-OBJECT_LOCATION,PICK_UP,
992,8,shelf,I-OBJECT_LOCATION,PICK_UP,
993,1,lift,O,PICK_UP,
993,2,the,O,PICK_UP,
993,3,black,B-COLOR,PICK_UP,
993,4,sneaker_12,B-OBJECT_ID,PICK_UP,
993,5,in,B-LOCATION_RELATION,PICK_UP,
993,6,the,O,PICK_UP,
993,7,drying,B-OBJECT_LOCATION,PICK_UP,
993,8,area,I-OBJECT_LOCATION,PICK_UP,
993,9,next,B-NEXT_TO_RELATION,PICK_UP,
993,10,to,I-NEXT_TO_RELATION,PICK_UP,
993,11,the,O,PICK_UP,
993,12,red,B-COLOR,PICK_UP,
993,13,boot,B-SHOE_TYPE,PICK_UP,
993,14,from,O,PICK_UP,
993,15,the,O,PICK_UP,
993,16,drying,O,PICK_UP,
993,17,area,O,PICK_UP,
994,1,get,O,PICK_UP,
994,2,hold,O,PICK_UP,
994,3,of,O,PICK_UP,
994,4,the,O,PICK_UP,
994,5,brush,B-CLEANING_TOOL_TYPE,PICK_UP,
995,1,pick,O,PICK_UP,
995,2,the,O,PICK_UP,
995,3,spotless,B-CLEANING_STATUS,PICK_UP,
995,4,sandal,B-SHOE_TYPE,PICK_UP,
995,5,up,O,PICK_UP,
996,1,get,O,PICK_UP,
996,2,hold,O,PICK_UP,
996,3,of,B-LOCATION_RELATION,PICK_UP,
996,4,sandal_3,B-OBJECT_ID,PICK_UP,
996,5,on,B-LOCATION_RELATION,PICK_UP,
996,6,the,O,PICK_UP,
996,7,top,B-OBJECT_LOCATION,PICK_UP,
996,8,shelf,I-OBJECT_LOCATION,PICK_UP,
996,9,next,B-NEXT_TO_RELATION,PICK_UP,
996,10,to,I-NEXT_TO_RELATION,PICK_UP,
996,11,brush_12,B-OBJECT_ID,PICK_UP,
997,1,pick,O,PICK_UP,
997,2,up,O,PICK_UP,
997,3,the,O,PICK_UP,
997,4,cream,B-IMPREGNATION_TOOL_TYPE,PICK_UP,
998,1,put,O,PICK_UP,
998,2,the,O,PICK_UP,
998,3,canvas,B-MATERIAL,PICK_UP,
998,4,sneaker_7,B-OBJECT_ID,PICK_UP,
998,5,in,O,PICK_UP,
998,6,my,O,PICK_UP,
998,7,hand,O,PICK_UP,
999,1,select,O,PICK_UP,
999,2,the,O,PICK_UP,
999,3,blue,B-COLOR,PICK_UP,
999,4,sandal,B-SHOE_TYPE,PICK_UP,
999,5,inside,B-LOCATION_RELATION,PICK_UP,
999,6,the,O,PICK_UP,
999,7,tool,B-OBJECT_LOCATION,PICK_UP,
999,8,area,I-OBJECT_LOCATION,PICK_UP,
999,9,next,B-NEXT_TO_RELATION,PICK_UP,
999,10,to,I-NEXT_TO_RELATION,PICK_UP,
999,11,the,O,PICK_UP,
999,12,spray,B-IMPREGNATION_TOOL_TYPE,PICK_UP,
999,13,bottle,O,PICK_UP,
999,14,and,O,PICK_UP,
999,15,hold,O,PICK_UP,
999,16,it,O,PICK_UP,
1000,1,pick,O,PICK_UP,
1000,2,up,O,PICK_UP,
1000,3,the,O,PICK_UP,
1000,4,sole,B-REPAIR_TOOL_TYPE,PICK_UP,
1000,5,hammer,I-REPAIR_TOOL_TYPE,PICK_UP,
1001,1,can,O,PICK_UP,
1001,2,you,O,PICK_UP,
1001,3,take,O,PICK_UP,
1001,4,the,O,PICK_UP,
1001,5,sneaker_9,B-OBJECT_ID,PICK_UP,
1001,6,from,B-LOCATION_RELATION,PICK_UP,
1001,7,the,O,PICK_UP,
1001,8,rack,B-OBJECT_LOCATION,PICK_UP,
1002,1,take,O,PICK_UP,
1002,2,the,O,PICK_UP,
1002,3,black,B-COLOR,PICK_UP,
1002,4,sandal,B-SHOE_TYPE,PICK_UP,
1002,5,from,B-LOCATION_RELATION,PICK_UP,
1002,6,the,O,PICK_UP,
1002,7,middle,B-OBJECT_LOCATION,PICK_UP,
1002,8,shelf,I-OBJECT_LOCATION,PICK_UP,
1002,9,next,B-NEXT_TO_RELATION,PICK_UP,
1002,10,to,I-NEXT_TO_RELATION,PICK_UP,
1002,11,the,O,PICK_UP,
1002,12,green,B-COLOR,PICK_UP,
1002,13,sandal,B-SHOE_TYPE,PICK_UP,
1003,1,grab,O,PICK_UP,
1003,2,the,O,PICK_UP,
1004,1,select,O,PICK_UP,
1004,2,the,O,PICK_UP,
1004,3,sandal_9,B-OBJECT_ID,PICK_UP,
1004,4,and,O,PICK_UP,
1004,5,hold,O,PICK_UP,
1004,6,it,O,PICK_UP,
1005,1,I,O,PICK_UP,
1005,2,need,O,PICK_UP,
1005,3,you,O,PICK_UP,
1005,4,to,O,PICK_UP,
1005,5,pick,O,PICK_UP,
1005,6,up,O,PICK_UP,
1005,7,the,O,PICK_UP,
1005,8,canvas,B-MATERIAL,PICK_UP,
1005,9,boot,B-SHOE_TYPE,PICK_UP,
1006,1,put,O,PICK_UP,
1006,2,the,O,PICK_UP,
1006,3,sole,B-REPAIR_TOOL_TYPE,PICK_UP,
1006,4,glue,I-REPAIR_TOOL_TYPE,PICK_UP,
1006,5,on,B-LOCATION_RELATION,PICK_UP,
1006,6,the,O,PICK_UP,
1006,7,floor,B-OBJECT_LOCATION,PICK_UP,
1006,8,next,B-NEXT_TO_RELATION,PICK_UP,
1006,9,to,I-NEXT_TO_RELATION,PICK_UP,
1006,10,cleaner_3,B-OBJECT_ID,PICK_UP,
1006,11,in,O,PICK_UP,
1006,12,my,O,PICK_UP,
1006,13,hand,O,PICK_UP,
1007,1,hold,O,PICK_UP,
1007,2,the,O,PICK_UP,
1007,3,sandal,B-SHOE_TYPE,PICK_UP,
1008,1,grab,O,PICK_UP,
1008,2,the,O,PICK_UP,
1008,3,yellow,B-COLOR,PICK_UP,
1008,4,suede,B-MATERIAL,PICK_UP,
1008,5,sneaker_6,B-OBJECT_ID,PICK_UP,
1009,1,take,O,PICK_UP,
1009,2,the,O,PICK_UP,
1009,3,rag,B-CLEANING_TOOL_TYPE,PICK_UP,
1009,4,next,B-NEXT_TO_RELATION,PICK_UP,
1009,5,to,I-NEXT_TO_RELATION,PICK_UP,
1009,6,the,O,PICK_UP,
1009,7,hammer,B-REPAIR_TOOL_TYPE,PICK_UP,
1009,8,inside,B-LOCATION_RELATION,PICK_UP,
1009,9,the,O,PICK_UP,
1009,10,drying,B-OBJECT_LOCATION,PICK_UP,
1009,11,area,I-OBJECT_LOCATION,PICK_UP,
1009,12,next,B-NEXT_TO_RELATION,PICK_UP,
1009,13,to,I-NEXT_TO_RELATION,PICK_UP,
1009,14,spray_7,B-OBJECT_ID,PICK_UP,
1010,1,get,O,PICK_UP,
1010,2,hold,O,PICK_UP,
1010,3,of,O,PICK_UP,
1010,4,the,O,PICK_UP,
1010,5,yellow,B-COLOR,PICK_UP,
1010,6,rubber,B-MATERIAL,PICK_UP,
1010,7,boot_8,B-OBJECT_ID,PICK_UP,
1011,1,grab,O,PICK_UP,
1011,2,sandal_3,B-OBJECT_ID,PICK_UP,
1012,1,hold,O,PICK_UP,
1012,2,the,O,PICK_UP,
1012,3,spray_3,B-OBJECT_ID,PICK_UP,
1013,1,take,O,PICK_UP,
1013,2,the,O,PICK_UP,
1013,3,boot,B-SHOE_TYPE,PICK_UP,
1013,4,next,B-NEXT_TO_RELATION,PICK_UP,
1013,5,to,I-NEXT_TO_RELATION,PICK_UP,
1013,6,the,O,PICK_UP,
1013,7,canvas,B-MATERIAL,PICK_UP,
1013,8,boot,B-SHOE_TYPE,PICK_UP,
1013,9,on,B-LOCATION_RELATION,PICK_UP,
1013,10,the,O,PICK_UP,
1013,11,bottom,B-OBJECT_LOCATION,PICK_UP,
1013,12,shelf,I-OBJECT_LOCATION,PICK_UP,
1013,13,off,B-LOCATION_RELATION,PICK_UP,
1013,14,the,O,PICK_UP,
1013,15,bottom,B-OBJECT_LOCATION,PICK_UP,
1013,16,shelf,I-OBJECT_LOCATION,PICK_UP,
1014,1,I,O,PICK_UP,
1014,2,want,O,PICK_UP,
1014,3,the,O,PICK_UP,
1014,4,leather,B-MATERIAL,PICK_UP,
1014,5,sandal,B-SHOE_TYPE,PICK_UP,
1014,6,picked,O,PICK_UP,
1014,7,up,O,PICK_UP,
1015,1,I,O,PICK_UP,
1015,2,want,O,PICK_UP,
1015,3,the,O,PICK_UP,
1015,4,needle_and_yarn_11,B-OBJECT_ID,PICK_UP,
1015,5,picked,O,PICK_UP,
1015,6,up,O,PICK_UP,
1016,1,take,O,PICK_UP,
1016,2,the,O,PICK_UP,
1016,3,blue,B-COLOR,PICK_UP,
1016,4,sandal,B-SHOE_TYPE,PICK_UP,
1016,5,next,B-NEXT_TO_RELATION,PICK_UP,
1016,6,to,I-NEXT_TO_RELATION,PICK_UP,
1016,7,needle_and_yarn_1,B-OBJECT_ID,PICK_UP,
1016,8,in,B-LOCATION_RELATION,PICK_UP,
1016,9,the,O,PICK_UP,
1016,10,tool,B-OBJECT_LOCATION,PICK_UP,
1016,11,area,I-OBJECT_LOCATION,PICK_UP,
1016,12,in,O,PICK_UP,
1016,13,your,O,PICK_UP,
1016,14,hand,O,PICK_UP,
1017,1,remove,O,PICK_UP,
1017,2,the,O,PICK_UP,
1017,3,low,B-SHOE_HEIGHT,PICK_UP,
1017,4,sneaker,B-SHOE_TYPE,PICK_UP,
1017,5,from,B-LOCATION_RELATION,PICK_UP,
1017,6,the,O,PICK_UP,
1017,7,top,B-OBJECT_LOCATION,PICK_UP,
1017,8,shelf,I-OBJECT_LOCATION,PICK_UP,
1017,9,and,O,PICK_UP,
1017,10,hold,O,PICK_UP,
1017,11,it,O,PICK_UP,
1018,1,lift,O,PICK_UP,
1018,2,the,O,PICK_UP,
1018,3,brush,B-CLEANING_TOOL_TYPE,PICK_UP,
1018,4,from,B-LOCATION_RELATION,PICK_UP,
1018,5,the,O,PICK_UP,
1018,6,middle,B-OBJECT_LOCATION,PICK_UP,
1018,7,shelf,I-OBJECT_LOCATION,PICK_UP,
1019,1,grab,O,PICK_UP,
1019,2,one,O,PICK_UP,
1019,3,black,B-COLOR,PICK_UP,
1019,4,sneaker,B-SHOE_TYPE,PICK_UP,
1019,5,next,B-NEXT_TO_RELATION,PICK_UP,
1019,6,to,I-NEXT_TO_RELATION,PICK_UP,
1019,7,the,O,PICK_UP,
1019,8,brown,B-COLOR,PICK_UP,
1019,9,sandal,B-SHOE_TYPE,PICK_UP,
1020,1,pick,O,PICK_UP,
1020,2,the,O,PICK_UP,
1020,3,sneaker_6,B-OBJECT_ID,PICK_UP,
1020,4,up,O,PICK_UP,
1021,1,take,O,PICK_UP,
1021,2,cream_6,B-OBJECT_ID,PICK_UP,
1021,3,into,O,PICK_UP,
1021,4,your,O,PICK_UP,
1021,5,hand,O,PICK_UP,
1022,1,grab,O,PICK_UP,
1022,2,the,O,PICK_UP,
1022,3,white,B-COLOR,PICK_UP,
1022,4,suede,B-MATERIAL,PICK_UP,
1022,5,sandal,B-SHOE_TYPE,PICK_UP,
1022,6,next,B-NEXT_TO_RELATION,PICK_UP,
1022,7,to,I-NEXT_TO_RELATION,PICK_UP,
1022,8,sneaker_12,B-OBJECT_ID,PICK_UP,
1022,9,off,B-LOCATION_RELATION,PICK_UP,
1022,10,the,O,PICK_UP,
1022,11,middle,B-OBJECT_LOCATION,PICK_UP,
1022,12,shelf,I-OBJECT_LOCATION,PICK_UP,
1023,1,take,O,PICK_UP,
1023,2,the,O,PICK_UP,
1023,3,rubber,B-MATERIAL,PICK_UP,
1023,4,sneaker_12,B-OBJECT_ID,PICK_UP,
1023,5,into,O,PICK_UP,
1023,6,your,O,PICK_UP,
1023,7,hand,O,PICK_UP,
1024,1,remove,O,PICK_UP,
1024,2,the,O,PICK_UP,
1024,3,sole,B-REPAIR_TOOL_TYPE,PICK_UP,
1024,4,hammer,I-REPAIR_TOOL_TYPE,PICK_UP,
1024,5,from,B-LOCATION_RELATION,PICK_UP,
1024,6,the,O,PICK_UP,
1024,7,top,B-OBJECT_LOCATION,PICK_UP,
1024,8,shelf,I-OBJECT_LOCATION,PICK_UP,
1024,9,and,O,PICK_UP,
1024,10,hold,O,PICK_UP,
1024,11,it,O,PICK_UP,
1025,1,grab,O,PICK_UP,
1025,2,sneaker_1,B-OBJECT_ID,PICK_UP,
1025,3,next,B-NEXT_TO_RELATION,PICK_UP,
1025,4,to,I-NEXT_TO_RELATION,PICK_UP,
1025,5,the,O,PICK_UP,
1025,6,cleaning,O,PICK_UP,
1025,7,brush,B-CLEANING_TOOL_TYPE,PICK_UP,
1026,1,pick,O,PICK_UP,
1026,2,up,O,PICK_UP,
1026,3,the,O,PICK_UP,
1026,4,white,B-COLOR,PICK_UP,
1026,5,leather,B-MATERIAL,PICK_UP,
1026,6,boot,B-SHOE_TYPE,PICK_UP,
1026,7,from,B-LOCATION_RELATION,PICK_UP,
1026,8,the,O,PICK_UP,
1026,9,middle,B-OBJECT_LOCATION,PICK_UP,
1026,10,shelf,I-OBJECT_LOCATION,PICK_UP,
1027,1,can,O,PICK_UP,
1027,2,you,O,PICK_UP,
1027,3,take,O,PICK_UP,
1027,4,cleaner_2,B-OBJECT_ID,PICK_UP,
1027,5,from,B-LOCATION_RELATION,PICK_UP,
1027,6,the,O,PICK_UP,
1027,7,rack,B-OBJECT_LOCATION,PICK_UP,
1028,1,pick,O,PICK_UP,
1028,2,up,O,PICK_UP,
1028,3,the,O,PICK_UP,
1028,4,mid,B-SHOE_HEIGHT,PICK_UP,
1028,5,sneaker,B-SHOE_TYPE,PICK_UP,
1028,6,next,B-NEXT_TO_RELATION,PICK_UP,
1028,7,to,I-NEXT_TO_RELATION,PICK_UP,
1028,8,spray_7,B-OBJECT_ID,PICK_UP,
1029,1,get,O,PICK_UP,
1029,2,hold,O,PICK_UP,
1029,3,of,O,PICK_UP,
1029,4,the,O,PICK_UP,
1029,5,yellow,B-COLOR,PICK_UP,
1029,6,rubber,B-MATERIAL,PICK_UP,
1029,7,sandal,B-SHOE_TYPE,PICK_UP,
1030,1,take,O,PICK_UP,
1030,2,the,O,PICK_UP,
1030,3,sole_glue_3,B-OBJECT_ID,PICK_UP,
1030,4,in,O,PICK_UP,
1030,5,your,O,PICK_UP,
1030,6,hand,O,PICK_UP,
1031,1,get,O,PICK_UP,
1031,2,hold,O,PICK_UP,
1031,3,of,O,PICK_UP,
1031,4,canvas_sneaker_9,B-OBJECT_ID,PICK_UP,
1032,1,select,O,PICK_UP,
1032,2,the,O,PICK_UP,
1032,3,white,B-COLOR,PICK_UP,
1032,4,boot_6,B-OBJECT_ID,PICK_UP,
1032,5,next,B-NEXT_TO_RELATION,PICK_UP,
1032,6,to,I-NEXT_TO_RELATION,PICK_UP,
1032,7,the,O,PICK_UP,
1032,8,sole,B-REPAIR_TOOL_TYPE,PICK_UP,
1032,9,hammer,I-REPAIR_TOOL_TYPE,PICK_UP,
1032,10,and,O,PICK_UP,
1032,11,hold,O,PICK_UP,
1032,12,it,O,PICK_UP,
1033,1,grab,O,PICK_UP,
1033,2,the,O,PICK_UP,
1033,3,rag,B-CLEANING_TOOL_TYPE,PICK_UP,
1034,1,would,O,PICK_UP,
1034,2,you,O,PICK_UP,
1034,3,pick,O,PICK_UP,
1034,4,the,O,PICK_UP,
1034,5,canvas,B-MATERIAL,PICK_UP,
1034,6,boot,B-SHOE_TYPE,PICK_UP,
1034,7,up,O,PICK_UP,
1034,8,from,B-LOCATION_RELATION,PICK_UP,
1034,9,the,O,PICK_UP,
1034,10,floor,B-OBJECT_LOCATION,PICK_UP,
1035,1,lift,O,PICK_UP,
1035,2,the,O,PICK_UP,
1035,3,red,B-COLOR,PICK_UP,
1035,4,sneaker_12,B-OBJECT_ID,PICK_UP,
1035,5,next,B-NEXT_TO_RELATION,PICK_UP,
1035,6,to,I-NEXT_TO_RELATION,PICK_UP,
1035,7,the,O,PICK_UP,
1035,8,black,B-COLOR,PICK_UP,
1035,9,boot,B-SHOE_TYPE,PICK_UP,
1035,10,in,B-LOCATION_RELATION,PICK_UP,
1035,11,the,O,PICK_UP,
1035,12,drying,B-OBJECT_LOCATION,PICK_UP,
1035,13,area,I-OBJECT_LOCATION,PICK_UP,
1035,14,from,B-LOCATION_RELATION,PICK_UP,
1035,15,the,O,PICK_UP,
1035,16,drying,B-OBJECT_LOCATION,PICK_UP,
1035,17,area,I-OBJECT_LOCATION,PICK_UP,
1036,1,I,O,PICK_UP,
1036,2,need,O,PICK_UP,
1036,3,you,O,PICK_UP,
1036,4,to,O,PICK_UP,
1036,5,pick,O,PICK_UP,
1036,6,up,O,PICK_UP,
1036,7,the,O,PICK_UP,
1036,8,spray,B-IMPREGNATION_TOOL_TYPE,PICK_UP,
1037,1,grab,O,PICK_UP,
1037,2,black_boot_5,B-OBJECT_ID,PICK_UP,
1038,1,lift,O,PICK_UP,
1038,2,leather_boot_3,B-OBJECT_ID,PICK_UP,
1038,3,next,B-NEXT_TO_RELATION,PICK_UP,
1038,4,to,I-NEXT_TO_RELATION,PICK_UP,
1038,5,rag_4,B-OBJECT_ID,PICK_UP,
1038,6,on,B-LOCATION_RELATION,PICK_UP,
1038,7,the,O,PICK_UP,
1038,8,floor,B-OBJECT_LOCATION,PICK_UP,
1038,9,from,B-LOCATION_RELATION,PICK_UP,
1038,10,the,O,PICK_UP,
1038,11,middle,B-OBJECT_LOCATION,PICK_UP,
1038,12,shelf,I-OBJECT_LOCATION,PICK_UP,
1039,1,pick,O,PICK_UP,
1039,2,up,O,PICK_UP,
1039,3,needle_and_yarn_1,B-OBJECT_ID,PICK_UP,
1039,4,from,B-LOCATION_RELATION,PICK_UP,
1039,5,the,O,PICK_UP,
1039,6,floor,B-OBJECT_LOCATION,PICK_UP,
1040,1,take,O,PICK_UP,
1040,2,the,O,PICK_UP,
1040,3,blue,B-COLOR,PICK_UP,
1040,4,boot_8,B-OBJECT_ID,PICK_UP,
1041,1,get,O,PICK_UP,
1041,2,sandal_3,B-OBJECT_ID,PICK_UP,
1041,3,next,B-NEXT_TO_RELATION,PICK_UP,
1041,4,to,I-NEXT_TO_RELATION,PICK_UP,
1041,5,cream_5,B-OBJECT_ID,PICK_UP,
1041,6,inside,B-LOCATION_RELATION,PICK_UP,
1041,7,the,O,PICK_UP,
1041,8,tool,B-OBJECT_LOCATION,PICK_UP,
1041,9,area,I-OBJECT_LOCATION,PICK_UP,
1041,10,from,B-LOCATION_RELATION,PICK_UP,
1041,11,the,O,PICK_UP,
1041,12,top,B-OBJECT_LOCATION,PICK_UP,
1041,13,shelf,I-OBJECT_LOCATION,PICK_UP,
1042,1,put,O,PICK_UP,
1042,2,the,O,PICK_UP,
1042,3,brush,B-CLEANING_TOOL_TYPE,PICK_UP,
1042,4,in,O,PICK_UP,
1042,5,my,O,PICK_UP,
1042,6,hand,O,PICK_UP,
1043,1,pick,O,PICK_UP,
1043,2,up,O,PICK_UP,
1043,3,that,O,PICK_UP,
1043,4,sandal_4,B-OBJECT_ID,PICK_UP,
1044,1,grab,O,PICK_UP,
1044,2,the,O,PICK_UP,
1044,3,black,B-COLOR,PICK_UP,
1044,4,boot_6,B-OBJECT_ID,PICK_UP,
1044,5,next,B-NEXT_TO_RELATION,PICK_UP,
1044,6,to,I-NEXT_TO_RELATION,PICK_UP,
1044,7,the,O,PICK_UP,
1044,8,blue,B-COLOR,PICK_UP,
1044,9,sneaker,B-SHOE_TYPE,PICK_UP,
1044,10,on,B-LOCATION_RELATION,PICK_UP,
1044,11,the,O,PICK_UP,
1044,12,middle,B-OBJECT_LOCATION,PICK_UP,
1044,13,shelf,I-OBJECT_LOCATION,PICK_UP,
1044,14,off,B-LOCATION_RELATION,PICK_UP,
1044,15,the,O,PICK_UP,
1044,16,top,B-OBJECT_LOCATION,PICK_UP,
1044,17,shelf,I-OBJECT_LOCATION,PICK_UP,
1045,1,put,O,PICK_UP,
1045,2,the,O,PICK_UP,
1045,3,cream_6,B-OBJECT_ID,PICK_UP,
1045,4,in,O,PICK_UP,
1045,5,my,O,PICK_UP,
1045,6,hand,O,PICK_UP,
1046,1,pick,O,PICK_UP,
1046,2,up,O,PICK_UP,
1046,3,that,O,PICK_UP,
1046,4,brown,B-COLOR,PICK_UP,
1046,5,sneaker_7,B-OBJECT_ID,PICK_UP,
1047,1,pick,O,PICK_UP,
1047,2,up,O,PICK_UP,
1047,3,the,O,PICK_UP,
1047,4,green,B-COLOR,PICK_UP,
1047,5,boot,B-SHOE_TYPE,PICK_UP,
1047,6,next,B-NEXT_TO_RELATION,PICK_UP,
1047,7,to,I-NEXT_TO_RELATION,PICK_UP,
1047,8,sole_glue_3,B-OBJECT_ID,PICK_UP,
1047,9,in,B-LOCATION_RELATION,PICK_UP,
1047,10,the,O,PICK_UP,
1047,11,tool,B-OBJECT_LOCATION,PICK_UP,
1047,12,area,I-OBJECT_LOCATION,PICK_UP,
1048,1,lift,O,PICK_UP,
1048,2,the,O,PICK_UP,
1048,3,sole,B-REPAIR_TOOL_TYPE,PICK_UP,
1048,4,hammer,I-REPAIR_TOOL_TYPE,PICK_UP,
1048,5,from,B-LOCATION_RELATION,PICK_UP,
1048,6,the,O,PICK_UP,
1048,7,top,B-OBJECT_LOCATION,PICK_UP,
1048,8,shelf,I-OBJECT_LOCATION,PICK_UP,
1049,1,pick,O,PICK_UP,
1049,2,the,O,PICK_UP,
1049,3,green,B-COLOR,PICK_UP,
1049,4,sneaker_9,B-OBJECT_ID,PICK_UP,
1049,5,up,O,PICK_UP,
1050,1,I,O,PICK_UP,
1050,2,need,O,PICK_UP,
1050,3,you,O,PICK_UP,
1050,4,to,O,PICK_UP,
1050,5,pick,O,PICK_UP,
1050,6,up,O,PICK_UP,
1050,7,the,O,PICK_UP,
1050,8,filthy,B-CLEANING_STATUS,PICK_UP,
1050,9,boot,B-SHOE_TYPE,PICK_UP,
1051,1,take,O,PICK_UP,
1051,2,the,O,PICK_UP,
1051,3,cleaner,B-CLEANING_TOOL_TYPE,PICK_UP,
1051,4,in,B-LOCATION_RELATION,PICK_UP,
1051,5,the,O,PICK_UP,
1051,6,drying,B-OBJECT_LOCATION,PICK_UP,
1051,7,area,I-OBJECT_LOCATION,PICK_UP,
1051,8,beside,B-NEXT_TO_RELATION,PICK_UP,
1051,9,the,O,PICK_UP,
1051,10,red,B-COLOR,PICK_UP,
1051,11,boot,B-SHOE_TYPE,PICK_UP,
1051,12,into,O,PICK_UP,
1051,13,your,O,PICK_UP,
1051,14,hand,O,PICK_UP,
1052,1,take,O,PICK_UP,
1052,2,the,O,PICK_UP,
1052,3,suede,B-MATERIAL,PICK_UP,
1052,4,sandal,B-SHOE_TYPE,PICK_UP,
1052,5,in,O,PICK_UP,
1052,6,your,O,PICK_UP,
1052,7,hand,O,PICK_UP,
1053,1,pick,O,PICK_UP,
1053,2,up,O,PICK_UP,
1053,3,the,O,PICK_UP,
1053,4,shoe_8,B-OBJECT_ID,PICK_UP,
1054,1,remove,O,PICK_UP,
1054,2,sole_glue_3,B-OBJECT_ID,PICK_UP,
1054,3,on,B-LOCATION_RELATION,PICK_UP,
1054,4,the,O,PICK_UP,
1054,5,top,B-OBJECT_LOCATION,PICK_UP,
1054,6,shelf,I-OBJECT_LOCATION,PICK_UP,
1054,7,next,B-NEXT_TO_RELATION,PICK_UP,
1054,8,to,I-NEXT_TO_RELATION,PICK_UP,
1054,9,brush_12,B-OBJECT_ID,PICK_UP,
1054,10,from,B-LOCATION_RELATION,PICK_UP,
1054,11,the,O,PICK_UP,
1054,12,bottom,B-OBJECT_LOCATION,PICK_UP,
1054,13,shelf,I-OBJECT_LOCATION,PICK_UP,
1054,14,and,O,PICK_UP,
1054,15,hold,O,PICK_UP,
1054,16,it,O,PICK_UP,
1055,1,grab,O,PICK_UP,
1055,2,rubber_sandal_6,B-OBJECT_ID,PICK_UP,
1056,1,grab,O,PICK_UP,
1056,2,the,O,PICK_UP,
1056,3,boot,B-SHOE_TYPE,PICK_UP,
1057,1,I,O,PICK_UP,
1057,2,need,O,PICK_UP,
1057,3,you,O,PICK_UP,
1057,4,to,O,PICK_UP,
1057,5,pick,O,PICK_UP,
1057,6,up,O,PICK_UP,
1057,7,rag_1,B-OBJECT_ID,PICK_UP,
1057,8,inside,B-LOCATION_RELATION,PICK_UP,
1057,9,the,O,PICK_UP,
1057,10,tool,B-OBJECT_LOCATION,PICK_UP,
1057,11,area,I-OBJECT_LOCATION,PICK_UP,
1057,12,next,B-NEXT_TO_RELATION,PICK_UP,
1057,13,to,I-NEXT_TO_RELATION,PICK_UP,
1057,14,the,O,PICK_UP,
1057,15,spray,B-IMPREGNATION_TOOL_TYPE,PICK_UP,
1057,16,bottle,O,PICK_UP,
1058,1,pick,O,PICK_UP,
1058,2,red_shoe_8,B-OBJECT_ID,PICK_UP,
1058,3,up,O,PICK_UP,
1059,1,can,O,PICK_UP,
1059,2,you,O,PICK_UP,
1059,3,take,O,PICK_UP,
1059,4,the,O,PICK_UP,
1059,5,boot,B-SHOE_TYPE,PICK_UP,
1059,6,from,B-LOCATION_RELATION,PICK_UP,
1059,7,the,O,PICK_UP,
1059,8,rack,B-OBJECT_LOCATION,PICK_UP,
1060,1,lift,O,PICK_UP,
1060,2,the,O,PICK_UP,
1060,3,spray_3,B-OBJECT_ID,PICK_UP,
1060,4,from,B-LOCATION_RELATION,PICK_UP,
1060,5,the,O,PICK_UP,
1060,6,middle,B-OBJECT_LOCATION,PICK_UP,
1060,7,shelf,I-OBJECT_LOCATION,PICK_UP,
1060,8,next,B-NEXT_TO_RELATION,PICK_UP,
1060,9,to,I-NEXT_TO_RELATION,PICK_UP,
1060,10,the,O,PICK_UP,
1060,11,green,B-COLOR,PICK_UP,
1060,12,sandal,B-SHOE_TYPE,PICK_UP,
1060,13,from,B-LOCATION_RELATION,PICK_UP,
1060,14,the,O,PICK_UP,
1060,15,floor,B-OBJECT_LOCATION,PICK_UP,
1061,1,take,O,PICK_UP,
1061,2,the,O,PICK_UP,
1061,3,rubber,B-MATERIAL,PICK_UP,
1061,4,sandal,B-SHOE_TYPE,PICK_UP,
1061,5,into,O,PICK_UP,
1061,6,your,O,PICK_UP,
1061,7,hand,O,PICK_UP,
1062,1,would,O,PICK_UP,
1062,2,you,O,PICK_UP,
1062,3,pick,O,PICK_UP,
1062,4,the,O,PICK_UP,
1062,5,sandal,B-SHOE_TYPE,PICK_UP,
1062,6,up,O,PICK_UP,
1062,7,from,B-LOCATION_RELATION,PICK_UP,
1062,8,the,O,PICK_UP,
1062,9,floor,B-OBJECT_LOCATION,PICK_UP,
1063,1,pick,O,PICK_UP,
1063,2,up,O,PICK_UP,
1063,3,the,O,PICK_UP,
1063,4,needle,B-REPAIR_TOOL_TYPE,PICK_UP,
1064,1,grab,O,PICK_UP,
1064,2,the,O,PICK_UP,
1064,3,yellow,B-COLOR,PICK_UP,
1064,4,sandal,B-SHOE_TYPE,PICK_UP,
1064,5,on,B-LOCATION_RELATION,PICK_UP,
1064,6,the,O,PICK_UP,
1064,7,floor,B-OBJECT_LOCATION,PICK_UP,
1064,8,next,B-NEXT_TO_RELATION,PICK_UP,
1064,9,to,I-NEXT_TO_RELATION,PICK_UP,
1064,10,cleaner_3,B-OBJECT_ID,PICK_UP,
1065,1,I,O,PICK_UP,
1065,2,need,O,PICK_UP,
1065,3,you,O,PICK_UP,
1065,4,to,O,PICK_UP,
1065,5,pick,O,PICK_UP,
1065,6,up,O,PICK_UP,
1065,7,the,O,PICK_UP,
1065,8,rubber,B-MATERIAL,PICK_UP,
1065,9,sandal,B-SHOE_TYPE,PICK_UP,
1066,1,take,O,PICK_UP,
1066,2,the,O,PICK_UP,
1066,3,brush,B-CLEANING_TOOL_TYPE,PICK_UP,
1066,4,into,O,PICK_UP,
1066,5,your,O,PICK_UP,
1066,6,hand,O,PICK_UP,
1067,1,take,O,PICK_UP,
1067,2,the,O,PICK_UP,
1067,3,sneaker,B-SHOE_TYPE,PICK_UP,
1067,4,next,B-NEXT_TO_RELATION,PICK_UP,
1067,5,to,I-NEXT_TO_RELATION,PICK_UP,
1067,6,the,O,PICK_UP,
1067,7,hammer,B-REPAIR_TOOL_TYPE,PICK_UP,
1067,8,inside,B-LOCATION_RELATION,PICK_UP,
1067,9,the,O,PICK_UP,
1067,10,drying,B-OBJECT_LOCATION,PICK_UP,
1067,11,area,I-OBJECT_LOCATION,PICK_UP,
1067,12,next,B-NEXT_TO_RELATION,PICK_UP,
1067,13,to,I-NEXT_TO_RELATION,PICK_UP,
1067,14,spray_7,B-OBJECT_ID,PICK_UP,
1068,1,get,O,PICK_UP,
1068,2,the,O,PICK_UP,
1068,3,sandal,B-SHOE_TYPE,PICK_UP,
1068,4,from,B-LOCATION_RELATION,PICK_UP,
1068,5,the,O,PICK_UP,
1068,6,floor,B-OBJECT_LOCATION,PICK_UP,
1069,1,grab,O,PICK_UP,
1069,2,the,O,PICK_UP,
1069,3,cream,B-IMPREGNATION_TOOL_TYPE,PICK_UP,
1070,1,take,O,PICK_UP,
1070,2,the,O,PICK_UP,
1070,3,leather,B-MATERIAL,PICK_UP,
1070,4,boot,B-SHOE_TYPE,PICK_UP,
1070,5,into,O,PICK_UP,
1070,6,your,O,PICK_UP,
1070,7,hand,O,PICK_UP,
1071,1,hold,O,PICK_UP,
1071,2,the,O,PICK_UP,
1071,3,boot,B-SHOE_TYPE,PICK_UP,
1071,4,next,B-NEXT_TO_RELATION,PICK_UP,
1071,5,to,I-NEXT_TO_RELATION,PICK_UP,
1071,6,the,O,PICK_UP,
1071,7,canvas,B-MATERIAL,PICK_UP,
1071,8,boot,B-SHOE_TYPE,PICK_UP,
1071,9,on,B-LOCATION_RELATION,PICK_UP,
1071,10,the,O,PICK_UP,
1071,11,bottom,B-OBJECT_LOCATION,PICK_UP,
1071,12,shelf,I-OBJECT_LOCATION,PICK_UP,
1072,1,put,O,PICK_UP,
1072,2,the,O,PICK_UP,
1072,3,sole_hammer_5,B-OBJECT_ID,PICK_UP,
1072,4,in,O,PICK_UP,
1072,5,my,O,PICK_UP,
1072,6,hand,O,PICK_UP,
1073,1,lift,O,PICK_UP,
1073,2,the,O,PICK_UP,
1073,3,rubber,B-MATERIAL,PICK_UP,
1073,4,mid,B-SHOE_HEIGHT,PICK_UP,
1073,5,boot,B-SHOE_TYPE,PICK_UP,
1073,6,from,B-LOCATION_RELATION,PICK_UP,
1073,7,the,O,PICK_UP,
1073,8,top,B-OBJECT_LOCATION,PICK_UP,
1073,9,shelf,I-OBJECT_LOCATION,PICK_UP,
1074,1,grab,O,PICK_UP,
1074,2,the,O,PICK_UP,
1074,3,blue,B-COLOR,PICK_UP,
1074,4,boot,B-SHOE_TYPE,PICK_UP,
1074,5,next,B-NEXT_TO_RELATION,PICK_UP,
1074,6,to,I-NEXT_TO_RELATION,PICK_UP,
1074,7,needle_and_yarn_1,B-OBJECT_ID,PICK_UP,
1074,8,in,B-LOCATION_RELATION,PICK_UP,
1074,9,the,O,PICK_UP,
1074,10,tool,B-OBJECT_LOCATION,PICK_UP,
1074,11,area,I-OBJECT_LOCATION,PICK_UP,
1075,1,grab,O,PICK_UP,
1075,2,the,O,PICK_UP,
1075,3,cleaner_2,B-OBJECT_ID,PICK_UP,
1076,1,lift,O,PICK_UP,
1076,2,the,O,PICK_UP,
1076,3,green,B-COLOR,PICK_UP,
1076,4,sneaker_7,B-OBJECT_ID,PICK_UP,
1076,5,from,B-LOCATION_RELATION,PICK_UP,
1076,6,the,O,PICK_UP,
1076,7,bottom,B-OBJECT_LOCATION,PICK_UP,
1076,8,shelf,I-OBJECT_LOCATION,PICK_UP,
1077,1,get,O,PICK_UP,
1077,2,the,O,PICK_UP,
1077,3,boot,B-SHOE_TYPE,PICK_UP,
1077,4,next,B-NEXT_TO_RELATION,PICK_UP,
1077,5,to,I-NEXT_TO_RELATION,PICK_UP,
1077,6,the,O,PICK_UP,
1077,7,brown,B-COLOR,PICK_UP,
1077,8,sandal,B-SHOE_TYPE,PICK_UP,
1077,9,from,B-LOCATION_RELATION,PICK_UP,
1077,10,the,O,PICK_UP,
1077,11,top,B-OBJECT_LOCATION,PICK_UP,
1077,12,shelf,I-OBJECT_LOCATION,PICK_UP,
1078,1,please,O,PICK_UP,
1078,2,grab,O,PICK_UP,
1078,3,green_sandal_9,B-OBJECT_ID,PICK_UP,
1078,4,for,O,PICK_UP,
1078,5,me,O,PICK_UP,
1079,1,take,O,PICK_UP,
1079,2,the,O,PICK_UP,
1079,3,green,B-COLOR,PICK_UP,
1079,4,suede,B-MATERIAL,PICK_UP,
1079,5,sneaker,B-SHOE_TYPE,PICK_UP,
1080,1,take,O,PICK_UP,
1080,2,rag_1,B-OBJECT_ID,PICK_UP,
1080,3,next,B-NEXT_TO_RELATION,PICK_UP,
1080,4,to,I-NEXT_TO_RELATION,PICK_UP,
1080,5,sneaker_12,B-OBJECT_ID,PICK_UP,
1081,1,take,O,PICK_UP,
1081,2,the,O,PICK_UP,
1081,3,sandal_88,B-OBJECT_ID,PICK_UP,
1082,1,grab,O,PICK_UP,
1082,2,one,O,PICK_UP,
1082,3,blue,B-COLOR,PICK_UP,
1082,4,sandal,B-SHOE_TYPE,PICK_UP,
1083,1,can,O,PICK_UP,
1083,2,you,O,PICK_UP,
1083,3,take,O,PICK_UP,
1083,4,the,O,PICK_UP,
1083,5,spray_t_3,B-OBJECT_ID,PICK_UP,
1083,6,next,B-NEXT_TO_RELATION,PICK_UP,
1083,7,to,I-NEXT_TO_RELATION,PICK_UP,
1083,8,the,O,PICK_UP,
1083,9,cleaning,O,PICK_UP,
1083,10,brush,B-CLEANING_TOOL_TYPE,PICK_UP,
1083,11,from,B-LOCATION_RELATION,PICK_UP,
1083,12,the,O,PICK_UP,
1083,13,rack,B-OBJECT_LOCATION,PICK_UP,
1084,1,pick,O,PICK_UP,
1084,2,the,O,PICK_UP,
1084,3,blue,B-COLOR,PICK_UP,
1084,4,boot,B-SHOE_TYPE,PICK_UP,
1084,5,up,O,PICK_UP,
1085,1,I,O,PICK_UP,
1085,2,want,O,PICK_UP,
1085,3,the,O,PICK_UP,
1085,4,yellow,B-COLOR,PICK_UP,
1085,5,boot,B-SHOE_TYPE,PICK_UP,
1085,6,picked,O,PICK_UP,
1085,7,up,O,PICK_UP,
1086,1,remove,O,PICK_UP,
1086,2,the,O,PICK_UP,
1086,3,needle_and_yarn_1,B-OBJECT_ID,PICK_UP,
1086,4,next,B-NEXT_TO_RELATION,PICK_UP,
1086,5,to,I-NEXT_TO_RELATION,PICK_UP,
1086,6,spray_7,B-OBJECT_ID,PICK_UP,
1086,7,from,B-LOCATION_RELATION,PICK_UP,
1086,8,the,O,PICK_UP,
1086,9,top,B-OBJECT_LOCATION,PICK_UP,
1086,10,shelf,I-OBJECT_LOCATION,PICK_UP,
1086,11,and,O,PICK_UP,
1086,12,hold,O,PICK_UP,
1086,13,it,O,PICK_UP,
1087,1,please,O,PICK_UP,
1087,2,grab,O,PICK_UP,
1087,3,the,O,PICK_UP,
1087,4,suede,B-MATERIAL,PICK_UP,
1087,5,sneaker,B-SHOE_TYPE,PICK_UP,
1087,6,for,O,PICK_UP,
1087,7,me,O,PICK_UP,
1088,1,select,O,PICK_UP,
1088,2,the,O,PICK_UP,
1088,3,red,B-COLOR,PICK_UP,
1088,4,boot,B-SHOE_TYPE,PICK_UP,
1088,5,and,O,PICK_UP,
1088,6,hold,O,PICK_UP,
1088,7,it,O,PICK_UP,
1089,1,pick,O,PICK_UP,
1089,2,up,O,PICK_UP,
1089,3,the,O,PICK_UP,
1090,1,get,O,PICK_UP,
1090,2,the,O,PICK_UP,
1090,3,white,B-COLOR,PICK_UP,
1090,4,sneaker_9,B-OBJECT_ID,PICK_UP,
1090,5,from,B-LOCATION_RELATION,PICK_UP,
1090,6,the,O,PICK_UP,
1090,7,middle,B-OBJECT_LOCATION,PICK_UP,
1090,8,shelf,I-OBJECT_LOCATION,PICK_UP,
1091,1,pick,O,PICK_UP,
1091,2,up,O,PICK_UP,
1091,3,that,O,PICK_UP,
1091,4,yellow,B-COLOR,PICK_UP,
1091,5,sandal,B-SHOE_TYPE,PICK_UP,
1091,6,next,B-NEXT_TO_RELATION,PICK_UP,
1091,7,to,I-NEXT_TO_RELATION,PICK_UP,
1091,8,the,O,PICK_UP,
1091,9,sole,B-REPAIR_TOOL_TYPE,PICK_UP,
1091,10,hammer,I-REPAIR_TOOL_TYPE,PICK_UP,
1092,1,would,O,PICK_UP,
1092,2,you,O,PICK_UP,
1092,3,pick,O,PICK_UP,
1092,4,the,O,PICK_UP,
1092,5,cream,B-IMPREGNATION_TOOL_TYPE,PICK_UP,
1092,6,up,O,PICK_UP,
1092,7,from,B-LOCATION_RELATION,PICK_UP,
1092,8,the,O,PICK_UP,
1092,9,floor,B-OBJECT_LOCATION,PICK_UP,
1093,1,take,O,PICK_UP,
1093,2,blue_sneaker_4,B-OBJECT_ID,PICK_UP,
1093,3,in,O,PICK_UP,
1093,4,your,O,PICK_UP,
1093,5,hand,O,PICK_UP,
1094,1,take,O,PICK_UP,
1094,2,the,O,PICK_UP,
1094,3,blue,B-COLOR,PICK_UP,
1094,4,canvas,B-MATERIAL,PICK_UP,
1094,5,sandal,B-SHOE_TYPE,PICK_UP,
1094,6,beside,B-NEXT_TO_RELATION,PICK_UP,
1094,7,the,O,PICK_UP,
1094,8,black,B-COLOR,PICK_UP,
1094,9,boot,B-SHOE_TYPE,PICK_UP,
1094,10,in,B-LOCATION_RELATION,PICK_UP,
1094,11,the,O,PICK_UP,
1094,12,drying,B-OBJECT_LOCATION,PICK_UP,
1094,13,area,I-OBJECT_LOCATION,PICK_UP,
1095,1,get,O,PICK_UP,
1095,2,hold,O,PICK_UP,
1095,3,of,O,PICK_UP,
1095,4,the,O,PICK_UP,
1095,5,black,B-COLOR,PICK_UP,
1095,6,suede,B-MATERIAL,PICK_UP,
1095,7,boot_3,B-OBJECT_ID,PICK_UP,
1096,1,take,O,PICK_UP,
1096,2,the,O,PICK_UP,
1096,3,yellow,B-COLOR,PICK_UP,
1096,4,sneaker,B-SHOE_TYPE,PICK_UP,
1097,1,select,O,PICK_UP,
1097,2,the,O,PICK_UP,
1097,3,blue,B-COLOR,PICK_UP,
1097,4,low,B-SHOE_HEIGHT,PICK_UP,
1097,5,sandal_4,B-OBJECT_ID,PICK_UP,
1097,6,next,B-NEXT_TO_RELATION,PICK_UP,
1097,7,to,I-NEXT_TO_RELATION,PICK_UP,
1097,8,rag_4,B-OBJECT_ID,PICK_UP,
1097,9,on,B-LOCATION_RELATION,PICK_UP,
1097,10,the,O,PICK_UP,
1097,11,floor,B-OBJECT_LOCATION,PICK_UP,
1097,12,and,O,PICK_UP,
1097,13,hold,O,PICK_UP,
1097,14,it,O,PICK_UP,
1098,1,grab,O,PICK_UP,
1098,2,the,O,PICK_UP,
1098,3,red,B-COLOR,PICK_UP,
1098,4,boot,B-SHOE_TYPE,PICK_UP,
1098,5,off,B-LOCATION_RELATION,PICK_UP,
1098,6,the,O,PICK_UP,
1098,7,middle,B-OBJECT_LOCATION,PICK_UP,
1098,8,shelf,I-OBJECT_LOCATION,PICK_UP,
1099,1,pick,O,PICK_UP,
1099,2,up,O,PICK_UP,
1099,3,the,O,PICK_UP,
1099,4,low,B-SHOE_HEIGHT,PICK_UP,
1099,5,boot_8,B-OBJECT_ID,PICK_UP,
1099,6,from,B-LOCATION_RELATION,PICK_UP,
1099,7,the,O,PICK_UP,
1099,8,middle,B-OBJECT_LOCATION,PICK_UP,
1099,9,shelf,I-OBJECT_LOCATION,PICK_UP,
1100,1,could,O,PICK_UP,
1100,2,you,O,PICK_UP,
1100,3,pick,O,PICK_UP,
1100,4,up,O,PICK_UP,
1100,5,the,O,PICK_UP,
1100,6,blue,B-COLOR,PICK_UP,
1100,7,rubber,B-MATERIAL,PICK_UP,
1100,8,sandal,B-SHOE_TYPE,PICK_UP,
1100,9,next,B-NEXT_TO_RELATION,PICK_UP,
1100,10,to,I-NEXT_TO_RELATION,PICK_UP,
1100,11,cream_5,B-OBJECT_ID,PICK_UP,
1100,12,inside,B-LOCATION_RELATION,PICK_UP,
1100,13,the,O,PICK_UP,
1100,14,tool,B-OBJECT_LOCATION,PICK_UP,
1100,15,area,I-OBJECT_LOCATION,PICK_UP,
1101,1,get,O,PICK_UP,
1101,2,hold,O,PICK_UP,
1101,3,of,O,PICK_UP,
1101,4,the,O,PICK_UP,
1101,5,sneaker,B-SHOE_TYPE,PICK_UP,
1102,1,would,O,PICK_UP,
1102,2,you,O,PICK_UP,
1102,3,pick,O,PICK_UP,
1102,4,the,O,PICK_UP,
1102,5,boot_11,B-OBJECT_ID,PICK_UP,
1102,6,up,O,PICK_UP,
1102,7,from,B-LOCATION_RELATION,PICK_UP,
1102,8,the,O,PICK_UP,
1102,9,floor,B-OBJECT_LOCATION,PICK_UP,
1103,1,hold,O,PICK_UP,
1103,2,the,O,PICK_UP,
1103,3,white,B-COLOR,PICK_UP,
1103,4,mid,B-SHOE_HEIGHT,PICK_UP,
1103,5,boot,B-SHOE_TYPE,PICK_UP,
1103,6,next,B-NEXT_TO_RELATION,PICK_UP,
1103,7,to,I-NEXT_TO_RELATION,PICK_UP,
1103,8,the,O,PICK_UP,
1103,9,little,B-CLEANING_STATUS,PICK_UP,
1103,10,dirty,I-CLEANING_STATUS,PICK_UP,
1103,11,blue,B-COLOR,PICK_UP,
1103,12,sneaker,B-SHOE_TYPE,PICK_UP,
1103,13,on,B-LOCATION_RELATION,PICK_UP,
1103,14,the,O,PICK_UP,
1103,15,middle,B-OBJECT_LOCATION,PICK_UP,
1103,16,shelf,I-OBJECT_LOCATION,PICK_UP,
1104,1,lift,O,PICK_UP,
1104,2,the,O,PICK_UP,
1104,3,green,B-COLOR,PICK_UP,
1104,4,sandal,B-SHOE_TYPE,PICK_UP,
1104,5,from,B-LOCATION_RELATION,PICK_UP,
1104,6,the,O,PICK_UP,
1104,7,bottom,B-OBJECT_LOCATION,PICK_UP,
1104,8,shelf,I-OBJECT_LOCATION,PICK_UP,
1105,1,pick,O,PICK_UP,
1105,2,sandal_3,B-OBJECT_ID,PICK_UP,
1105,3,up,O,PICK_UP,
1106,1,get,O,PICK_UP,
1106,2,the,O,PICK_UP,
1106,3,yellow,B-COLOR,PICK_UP,
1106,4,boot_5,B-OBJECT_ID,PICK_UP,
1106,5,next,B-NEXT_TO_RELATION,PICK_UP,
1106,6,to,I-NEXT_TO_RELATION,PICK_UP,
1106,7,sole_glue_3,B-OBJECT_ID,PICK_UP,
1106,8,in,B-LOCATION_RELATION,PICK_UP,
1106,9,the,O,PICK_UP,
1106,10,tool,B-OBJECT_LOCATION,PICK_UP,
1106,11,area,I-OBJECT_LOCATION,PICK_UP,
1106,12,from,B-LOCATION_RELATION,PICK_UP,
1106,13,the,O,PICK_UP,
1106,14,drying,B-OBJECT_LOCATION,PICK_UP,
1106,15,area,I-OBJECT_LOCATION,PICK_UP,
1107,1,can,O,PICK_UP,
1107,2,you,O,PICK_UP,
1107,3,take,O,PICK_UP,
1107,4,the,O,PICK_UP,
1107,5,red,B-COLOR,PICK_UP,
1107,6,canvas,B-MATERIAL,PICK_UP,
1107,7,sneaker,B-SHOE_TYPE,PICK_UP,
1107,8,from,B-LOCATION_RELATION,PICK_UP,
1107,9,the,O,PICK_UP,
1107,10,rack,B-OBJECT_LOCATION,PICK_UP,
1108,1,get,O,PICK_UP,
1108,2,hold,O,PICK_UP,
1108,3,of,O,PICK_UP,
1108,4,wet_boot_11,B-OBJECT_ID,PICK_UP,
1109,1,grab,O,PICK_UP,
1109,2,one,O,PICK_UP,
1109,3,yellow,B-COLOR,PICK_UP,
1109,4,boot,B-SHOE_TYPE,PICK_UP,
1110,1,could,O,PICK_UP,
1110,2,you,O,PICK_UP,
1110,3,lift,O,PICK_UP,
1110,4,brush_12,B-OBJECT_ID,PICK_UP,
1110,5,in,B-LOCATION_RELATION,PICK_UP,
1110,6,the,O,PICK_UP,
1110,7,drying,B-OBJECT_LOCATION,PICK_UP,
1110,8,area,I-OBJECT_LOCATION,PICK_UP,
1110,9,next,B-NEXT_TO_RELATION,PICK_UP,
1110,10,to,I-NEXT_TO_RELATION,PICK_UP,
1110,11,the,O,PICK_UP,
1110,12,red,B-COLOR,PICK_UP,
1110,13,boot,B-SHOE_TYPE,PICK_UP,
1110,14,into,O,PICK_UP,
1110,15,the,O,PICK_UP,
1110,16,hand,O,PICK_UP,
1110,17,I,O,PICK_UP,
1110,18,need,O,PICK_UP,
1110,19,it,O,PICK_UP,
1110,20,for,O,PICK_UP,
1110,21,the,O,PICK_UP,
1110,22,next,O,PICK_UP,
1110,23,step,O,PICK_UP,
1111,1,I,O,PICK_UP,
1111,2,want,O,PICK_UP,
1111,3,the,O,PICK_UP,
1111,4,repair,O,PICK_UP,
1111,5,hammer,B-REPAIR_TOOL_TYPE,PICK_UP,
1111,6,taken,O,PICK_UP,
1111,7,up,O,PICK_UP,
1111,8,for,O,PICK_UP,
1111,9,a,O,PICK_UP,
1111,10,second,O,PICK_UP,
1111,11,the,O,PICK_UP,
1111,12,one,O,PICK_UP,
1111,13,near,O,PICK_UP,
1111,14,the,O,PICK_UP,
1111,15,tools,O,PICK_UP,
1112,1,please,O,PICK_UP,
1112,2,pick,O,PICK_UP,
1112,3,rag_4,B-OBJECT_ID,PICK_UP,
1112,4,up,O,PICK_UP,
1112,5,before,O,PICK_UP,
1112,6,it,O,PICK_UP,
1112,7,gets,O,PICK_UP,
1112,8,mixed,O,PICK_UP,
1112,9,with,O,PICK_UP,
1112,10,the,O,PICK_UP,
1112,11,dirty,B-CLEANING_STATUS,PICK_UP,
1112,12,shoes,B-SHOE_TYPE,PICK_UP,
1113,1,can,O,PICK_UP,
1113,2,you,O,PICK_UP,
1113,3,get,O,PICK_UP,
1113,4,hold,O,PICK_UP,
1113,5,of,O,PICK_UP,
1113,6,the,O,PICK_UP,
1113,7,waterproofing,O,PICK_UP,
1113,8,spray,B-IMPREGNATION_TOOL_TYPE,PICK_UP,
1113,9,on,B-LOCATION_RELATION,PICK_UP,
1113,10,the,O,PICK_UP,
1113,11,top,B-OBJECT_LOCATION,PICK_UP,
1113,12,shelf,I-OBJECT_LOCATION,PICK_UP,
1113,13,next,B-NEXT_TO_RELATION,PICK_UP,
1113,14,to,I-NEXT_TO_RELATION,PICK_UP,
1113,15,brush_12,B-OBJECT_ID,PICK_UP,
1113,16,from,B-LOCATION_RELATION,PICK_UP,
1113,17,the,O,PICK_UP,
1113,18,tool,B-OBJECT_LOCATION,PICK_UP,
1113,19,area,I-OBJECT_LOCATION,PICK_UP,
1114,1,bring,O,PICK_UP,
1114,2,sole_glue_3,B-OBJECT_ID,PICK_UP,
1114,3,into,O,PICK_UP,
1114,4,the,O,PICK_UP,
1114,5,hand,O,PICK_UP,
1114,6,but,O,PICK_UP,
1114,7,do,O,PICK_UP,
1114,8,not,O,PICK_UP,
1114,9,use,O,PICK_UP,
1114,10,it,O,PICK_UP,
1114,11,yet,O,PICK_UP,
1115,1,the,O,PICK_UP,
1115,2,cream_5,B-OBJECT_ID,PICK_UP,
1115,3,should,O,PICK_UP,
1115,4,be,O,PICK_UP,
1115,5,picked,O,PICK_UP,
1115,6,up,O,PICK_UP,
1115,7,now,O,PICK_UP,
1116,1,would,O,PICK_UP,
1116,2,you,O,PICK_UP,
1116,3,grab,O,PICK_UP,
1116,4,the,O,PICK_UP,
1116,5,loose,O,PICK_UP,
1116,6,needle,B-REPAIR_TOOL_TYPE,PICK_UP,
1116,7,and,I-REPAIR_TOOL_TYPE,PICK_UP,
1116,8,yarn,I-REPAIR_TOOL_TYPE,PICK_UP,
1116,9,inside,B-LOCATION_RELATION,PICK_UP,
1116,10,the,O,PICK_UP,
1116,11,tool,B-OBJECT_LOCATION,PICK_UP,
1116,12,area,I-OBJECT_LOCATION,PICK_UP,
1116,13,next,B-NEXT_TO_RELATION,PICK_UP,
1116,14,to,I-NEXT_TO_RELATION,PICK_UP,
1116,15,the,O,PICK_UP,
1116,16,spray,B-IMPREGNATION_TOOL_TYPE,PICK_UP,
1116,17,bottle,O,PICK_UP,
1116,18,tool,O,PICK_UP,
1116,19,for,O,PICK_UP,
1116,20,me,O,PICK_UP,
1117,1,I,O,PICK_UP,
1117,2,need,O,PICK_UP,
1117,3,the,O,PICK_UP,
1117,4,cleaning,O,PICK_UP,
1117,5,brush,B-CLEANING_TOOL_TYPE,PICK_UP,
1117,6,in,O,PICK_UP,
1117,7,hand,O,PICK_UP,
1117,8,not,O,PICK_UP,
1117,9,on,B-LOCATION_RELATION,PICK_UP,
1117,10,the,O,PICK_UP,
1117,11,shelf,B-OBJECT_LOCATION,PICK_UP,
1118,1,could,O,PICK_UP,
1118,2,the,O,PICK_UP,
1118,3,black,B-COLOR,PICK_UP,
1118,4,sneaker_11,B-OBJECT_ID,PICK_UP,
1118,5,be,O,PICK_UP,
1118,6,taken,O,PICK_UP,
1118,7,from,B-LOCATION_RELATION,PICK_UP,
1118,8,the,O,PICK_UP,
1118,9,floor,B-OBJECT_LOCATION,PICK_UP,
1119,1,please,O,PICK_UP,
1119,2,take,O,PICK_UP,
1119,3,up,O,PICK_UP,
1119,4,that,O,PICK_UP,
1119,5,tool,O,PICK_UP,
1119,6,from,B-LOCATION_RELATION,PICK_UP,
1119,7,the,O,PICK_UP,
1119,8,middle,B-OBJECT_LOCATION,PICK_UP,
1119,9,shelf,I-OBJECT_LOCATION,PICK_UP,
1119,10,beside,B-NEXT_TO_RELATION,PICK_UP,
1119,11,the,O,PICK_UP,
1119,12,green,B-COLOR,PICK_UP,
1119,13,sandal,B-SHOE_TYPE,PICK_UP,
1119,14,the,O,PICK_UP,
1119,15,small,O,PICK_UP,
1119,16,spray_7,B-OBJECT_ID,PICK_UP,
1119,17,bottle,O,PICK_UP,
1120,1,set,O,PUT_DOWN,
1120,2,the,O,PUT_DOWN,
1120,3,needle,B-REPAIR_TOOL_TYPE,PUT_DOWN,
1120,4,and,I-REPAIR_TOOL_TYPE,PUT_DOWN,
1120,5,yarn,I-REPAIR_TOOL_TYPE,PUT_DOWN,
1120,6,next,B-TARGET_NEXT_TO_RELATION,PUT_DOWN,
1120,7,to,I-TARGET_NEXT_TO_RELATION,PUT_DOWN,
1120,8,the,O,PUT_DOWN,
1120,9,brown,B-COLOR,PUT_DOWN,
1120,10,sandal,B-SHOE_TYPE,PUT_DOWN,
1120,11,down,O,PUT_DOWN,
1121,1,set,O,PUT_DOWN,
1121,2,down,O,PUT_DOWN,
1121,3,black_boot_5,B-OBJECT_ID,PUT_DOWN,
1121,4,on,B-TARGET_LOCATION_RELATION,PUT_DOWN,
1121,5,the,O,PUT_DOWN,
1121,6,bottom,B-TARGET_LOCATION,PUT_DOWN,
1121,7,shelf,I-TARGET_LOCATION,PUT_DOWN,
1122,1,put,O,PUT_DOWN,
1122,2,the,O,PUT_DOWN,
1122,3,held,O,PUT_DOWN,
1122,4,shoe,O,PUT_DOWN,
1122,5,on,B-TARGET_LOCATION_RELATION,PUT_DOWN,
1122,6,the,O,PUT_DOWN,
1122,7,floor,B-TARGET_LOCATION,PUT_DOWN,
1123,1,put,O,PUT_DOWN,
1123,2,the,O,PUT_DOWN,
1123,3,brush,B-CLEANING_TOOL_TYPE,PUT_DOWN,
1123,4,next,B-TARGET_NEXT_TO_RELATION,PUT_DOWN,
1123,5,to,I-TARGET_NEXT_TO_RELATION,PUT_DOWN,
1123,6,sneaker_12,B-OBJECT_ID,PUT_DOWN,
1123,7,on,B-LOCATION_RELATION,PUT_DOWN,
1123,8,the,O,PUT_DOWN,
1123,9,top,B-OBJECT_LOCATION,PUT_DOWN,
1123,10,shelf,I-OBJECT_LOCATION,PUT_DOWN,
1123,11,and,O,PUT_DOWN,
1123,12,let,O,PUT_DOWN,
1123,13,go,O,PUT_DOWN,
1124,1,drop,O,PUT_DOWN,
1124,2,canvas_sneaker_9,B-OBJECT_ID,PUT_DOWN,
1124,3,on,B-TARGET_LOCATION_RELATION,PUT_DOWN,
1124,4,the,O,PUT_DOWN,
1124,5,middle,B-TARGET_LOCATION,PUT_DOWN,
1124,6,shelf,I-TARGET_LOCATION,PUT_DOWN,
1125,1,leave,O,PUT_DOWN,
1125,2,boot_2,B-OBJECT_ID,PUT_DOWN,
1125,3,on,B-TARGET_LOCATION_RELATION,PUT_DOWN,
1125,4,the,O,PUT_DOWN,
1125,5,middle,B-TARGET_LOCATION,PUT_DOWN,
1125,6,shelf,I-TARGET_LOCATION,PUT_DOWN,
1126,1,put,O,PUT_DOWN,
1126,2,the,O,PUT_DOWN,
1126,3,cream,B-IMPREGNATION_TOOL_TYPE,PUT_DOWN,
1126,4,next,B-TARGET_NEXT_TO_RELATION,PUT_DOWN,
1126,5,to,I-TARGET_NEXT_TO_RELATION,PUT_DOWN,
1126,6,the,O,PUT_DOWN,
1126,7,cleaning,O,PUT_DOWN,
1126,8,brush,B-CLEANING_TOOL_TYPE,PUT_DOWN,
1126,9,on,B-LOCATION_RELATION,PUT_DOWN,
1126,10,the,O,PUT_DOWN,
1126,11,middle,B-OBJECT_LOCATION,PUT_DOWN,
1126,12,shelf,I-OBJECT_LOCATION,PUT_DOWN,
1127,1,set,O,PUT_DOWN,
1127,2,the,O,PUT_DOWN,
1127,3,red,B-COLOR,PUT_DOWN,
1127,4,sneaker,B-SHOE_TYPE,PUT_DOWN,
1127,5,from,O,PUT_DOWN,
1127,6,your,O,PUT_DOWN,
1127,7,hand,O,PUT_DOWN,
1127,8,on,B-TARGET_LOCATION_RELATION,PUT_DOWN,
1127,9,the,O,PUT_DOWN,
1127,10,middle,B-TARGET_LOCATION,PUT_DOWN,
1127,11,shelf,I-TARGET_LOCATION,PUT_DOWN,
1128,1,put,O,PUT_DOWN,
1128,2,down,O,PUT_DOWN,
1128,3,the,O,PUT_DOWN,
1128,4,shoe,O,PUT_DOWN,
1128,5,on,B-TARGET_LOCATION_RELATION,PUT_DOWN,
1128,6,the,O,PUT_DOWN,
1128,7,top,B-TARGET_LOCATION,PUT_DOWN,
1128,8,shelf,I-TARGET_LOCATION,PUT_DOWN,
1129,1,set,O,PUT_DOWN,
1129,2,the,O,PUT_DOWN,
1129,3,sole,B-REPAIR_TOOL_TYPE,PUT_DOWN,
1129,4,hammer,I-REPAIR_TOOL_TYPE,PUT_DOWN,
1129,5,next,B-TARGET_NEXT_TO_RELATION,PUT_DOWN,
1129,6,to,I-TARGET_NEXT_TO_RELATION,PUT_DOWN,
1129,7,spray_7,B-OBJECT_ID,PUT_DOWN,
1129,8,on,B-LOCATION_RELATION,PUT_DOWN,
1129,9,the,O,PUT_DOWN,
1129,10,bottom,B-OBJECT_LOCATION,PUT_DOWN,
1129,11,shelf,I-OBJECT_LOCATION,PUT_DOWN,
1130,1,put,O,PUT_DOWN,
1130,2,it,O,PUT_DOWN,
1130,3,down,O,PUT_DOWN,
1130,4,on,B-TARGET_LOCATION_RELATION,PUT_DOWN,
1130,5,the,O,PUT_DOWN,
1130,6,bottom,B-TARGET_LOCATION,PUT_DOWN,
1130,7,shelf,I-TARGET_LOCATION,PUT_DOWN,
1131,1,release,O,PUT_DOWN,
1131,2,the,O,PUT_DOWN,
1131,3,suede,B-MATERIAL,PUT_DOWN,
1131,4,boot,B-SHOE_TYPE,PUT_DOWN,
1131,5,next,B-TARGET_NEXT_TO_RELATION,PUT_DOWN,
1131,6,to,I-TARGET_NEXT_TO_RELATION,PUT_DOWN,
1131,7,the,O,PUT_DOWN,
1131,8,cream,B-IMPREGNATION_TOOL_TYPE,PUT_DOWN,
1132,1,put,O,PUT_DOWN,
1132,2,down,O,PUT_DOWN,
1132,3,the,O,PUT_DOWN,
1133,1,could,O,PUT_DOWN,
1133,2,you,O,PUT_DOWN,
1133,3,put,O,PUT_DOWN,
1133,4,wet_shoe_10,B-OBJECT_ID,PUT_DOWN,
1133,5,down,O,PUT_DOWN,
1133,6,in,B-TARGET_LOCATION_RELATION,PUT_DOWN,
1133,7,the,O,PUT_DOWN,
1133,8,drying,B-TARGET_LOCATION,PUT_DOWN,
1133,9,area,I-TARGET_LOCATION,PUT_DOWN,
1134,1,set,O,PUT_DOWN,
1134,2,down,O,PUT_DOWN,
1134,3,the,O,PUT_DOWN,
1134,4,red,B-COLOR,PUT_DOWN,
1134,5,sandal,B-SHOE_TYPE,PUT_DOWN,
1134,6,next,B-TARGET_NEXT_TO_RELATION,PUT_DOWN,
1134,7,to,I-TARGET_NEXT_TO_RELATION,PUT_DOWN,
1134,8,the,O,PUT_DOWN,
1134,9,sole,B-REPAIR_TOOL_TYPE,PUT_DOWN,
1134,10,hammer,I-REPAIR_TOOL_TYPE,PUT_DOWN,
1134,11,on,B-LOCATION_RELATION,PUT_DOWN,
1134,12,the,O,PUT_DOWN,
1134,13,bottom,B-OBJECT_LOCATION,PUT_DOWN,
1134,14,shelf,I-OBJECT_LOCATION,PUT_DOWN,
1135,1,drop,O,PUT_DOWN,
1135,2,the,O,PUT_DOWN,
1135,3,sole,B-REPAIR_TOOL_TYPE,PUT_DOWN,
1135,4,glue,I-REPAIR_TOOL_TYPE,PUT_DOWN,
1135,5,on,B-TARGET_LOCATION_RELATION,PUT_DOWN,
1135,6,the,O,PUT_DOWN,
1135,7,bottom,B-TARGET_LOCATION,PUT_DOWN,
1135,8,shelf,I-TARGET_LOCATION,PUT_DOWN,
1136,1,release,O,PUT_DOWN,
1136,2,the,O,PUT_DOWN,
1136,3,blue,B-COLOR,PUT_DOWN,
1136,4,boot,B-SHOE_TYPE,PUT_DOWN,
1136,5,onto,B-TARGET_LOCATION_RELATION,PUT_DOWN,
1136,6,the,O,PUT_DOWN,
1136,7,middle,B-TARGET_LOCATION,PUT_DOWN,
1136,8,shelf,I-TARGET_LOCATION,PUT_DOWN,
1137,1,set,O,PUT_DOWN,
1137,2,the,O,PUT_DOWN,
1137,3,shoe,O,PUT_DOWN,
1137,4,next,B-TARGET_NEXT_TO_RELATION,PUT_DOWN,
1137,5,to,I-TARGET_NEXT_TO_RELATION,PUT_DOWN,
1137,6,the,O,PUT_DOWN,
1137,7,black,B-COLOR,PUT_DOWN,
1137,8,boot,B-SHOE_TYPE,PUT_DOWN,
1137,9,in,B-LOCATION_RELATION,PUT_DOWN,
1137,10,the,O,PUT_DOWN,
1137,11,drying,B-OBJECT_LOCATION,PUT_DOWN,
1137,12,area,I-OBJECT_LOCATION,PUT_DOWN,
1137,13,you,O,PUT_DOWN,
1137,14,are,O,PUT_DOWN,
1137,15,holding,O,PUT_DOWN,
1137,16,on,O,PUT_DOWN,
1137,17,the,O,PUT_DOWN,
1137,18,bottom,O,PUT_DOWN,
1137,19,shelf,O,PUT_DOWN,
1138,1,set,O,PUT_DOWN,
1138,2,the,O,PUT_DOWN,
1138,3,old,O,PUT_DOWN,
1138,4,rag,B-CLEANING_TOOL_TYPE,PUT_DOWN,
1138,5,down,O,PUT_DOWN,
1138,6,on,B-TARGET_LOCATION_RELATION,PUT_DOWN,
1138,7,the,O,PUT_DOWN,
1138,8,floor,B-TARGET_LOCATION,PUT_DOWN,
1139,1,drop,O,PUT_DOWN,
1139,2,the,O,PUT_DOWN,
1139,3,boot,B-SHOE_TYPE,PUT_DOWN,
1139,4,in,B-TARGET_LOCATION_RELATION,PUT_DOWN,
1139,5,the,O,PUT_DOWN,
1139,6,drying,B-TARGET_LOCATION,PUT_DOWN,
1139,7,area,I-TARGET_LOCATION,PUT_DOWN,
1140,1,set,O,PUT_DOWN,
1140,2,down,O,PUT_DOWN,
1140,3,the,O,PUT_DOWN,
1140,4,red,B-COLOR,PUT_DOWN,
1140,5,sneaker,B-SHOE_TYPE,PUT_DOWN,
1140,6,next,B-TARGET_NEXT_TO_RELATION,PUT_DOWN,
1140,7,to,I-TARGET_NEXT_TO_RELATION,PUT_DOWN,
1140,8,rag_4,B-OBJECT_ID,PUT_DOWN,
1140,9,on,B-LOCATION_RELATION,PUT_DOWN,
1140,10,the,O,PUT_DOWN,
1140,11,floor,B-OBJECT_LOCATION,PUT_DOWN,
1140,12,on,B-LOCATION_RELATION,PUT_DOWN,
1140,13,the,O,PUT_DOWN,
1140,14,middle,B-OBJECT_LOCATION,PUT_DOWN,
1140,15,shelf,I-OBJECT_LOCATION,PUT_DOWN,
1141,1,set,O,PUT_DOWN,
1141,2,the,O,PUT_DOWN,
1141,3,spray,B-IMPREGNATION_TOOL_TYPE,PUT_DOWN,
1141,4,down,O,PUT_DOWN,
1141,5,in,B-TARGET_LOCATION_RELATION,PUT_DOWN,
1141,6,the,O,PUT_DOWN,
1141,7,drying,B-TARGET_LOCATION,PUT_DOWN,
1141,8,area,I-TARGET_LOCATION,PUT_DOWN,
1142,1,drop,O,PUT_DOWN,
1142,2,it,O,PUT_DOWN,
1142,3,in,B-TARGET_LOCATION_RELATION,PUT_DOWN,
1142,4,the,O,PUT_DOWN,
1142,5,drying,B-TARGET_LOCATION,PUT_DOWN,
1142,6,area,I-TARGET_LOCATION,PUT_DOWN,
1143,1,set,O,PUT_DOWN,
1143,2,that,O,PUT_DOWN,
1143,3,shoe,O,PUT_DOWN,
1143,4,down,O,PUT_DOWN,
1143,5,on,B-TARGET_LOCATION_RELATION,PUT_DOWN,
1143,6,the,O,PUT_DOWN,
1143,7,floor,B-TARGET_LOCATION,PUT_DOWN,
1144,1,set,O,PUT_DOWN,
1144,2,the,O,PUT_DOWN,
1144,3,needle,B-REPAIR_TOOL_TYPE,PUT_DOWN,
1144,4,and,I-REPAIR_TOOL_TYPE,PUT_DOWN,
1144,5,yarn,I-REPAIR_TOOL_TYPE,PUT_DOWN,
1144,6,down,O,PUT_DOWN,
1144,7,on,B-TARGET_LOCATION_RELATION,PUT_DOWN,
1144,8,the,O,PUT_DOWN,
1144,9,top,B-TARGET_LOCATION,PUT_DOWN,
1144,10,shelf,I-TARGET_LOCATION,PUT_DOWN,
1145,1,put,O,PUT_DOWN,
1145,2,that,O,PUT_DOWN,
1145,3,shoe,O,PUT_DOWN,
1145,4,next,B-TARGET_NEXT_TO_RELATION,PUT_DOWN,
1145,5,to,I-TARGET_NEXT_TO_RELATION,PUT_DOWN,
1145,6,cream_5,B-OBJECT_ID,PUT_DOWN,
1145,7,inside,B-LOCATION_RELATION,PUT_DOWN,
1145,8,the,O,PUT_DOWN,
1145,9,tool,B-OBJECT_LOCATION,PUT_DOWN,
1145,10,area,I-OBJECT_LOCATION,PUT_DOWN,
1145,11,on,B-LOCATION_RELATION,PUT_DOWN,
1145,12,the,O,PUT_DOWN,
1145,13,middle,B-OBJECT_LOCATION,PUT_DOWN,
1145,14,shelf,I-OBJECT_LOCATION,PUT_DOWN,
1145,15,and,O,PUT_DOWN,
1145,16,let,O,PUT_DOWN,
1145,17,go,O,PUT_DOWN,
1146,1,leave,O,PUT_DOWN,
1146,2,the,O,PUT_DOWN,
1146,3,held,O,PUT_DOWN,
1146,4,boot,B-SHOE_TYPE,PUT_DOWN,
1146,5,on,B-TARGET_LOCATION_RELATION,PUT_DOWN,
1146,6,the,O,PUT_DOWN,
1146,7,floor,B-TARGET_LOCATION,PUT_DOWN,
1147,1,set,O,PUT_DOWN,
1147,2,down,O,PUT_DOWN,
1147,3,the,O,PUT_DOWN,
1147,4,brush,B-CLEANING_TOOL_TYPE,PUT_DOWN,
1147,5,in,B-TARGET_LOCATION_RELATION,PUT_DOWN,
1147,6,the,O,PUT_DOWN,
1147,7,drying,B-TARGET_LOCATION,PUT_DOWN,
1147,8,area,I-TARGET_LOCATION,PUT_DOWN,
1148,1,put,O,PUT_DOWN,
1148,2,it,O,PUT_DOWN,
1148,3,down,O,PUT_DOWN,
1148,4,next,B-TARGET_NEXT_TO_RELATION,PUT_DOWN,
1148,5,to,I-TARGET_NEXT_TO_RELATION,PUT_DOWN,
1148,6,the,O,PUT_DOWN,
1148,7,green,B-COLOR,PUT_DOWN,
1148,8,loafer,B-SHOE_TYPE,PUT_DOWN,
1149,1,leave,O,PUT_DOWN,
1149,2,the,O,PUT_DOWN,
1149,3,held,O,PUT_DOWN,
1149,4,sneaker,B-SHOE_TYPE,PUT_DOWN,
1149,5,next,B-TARGET_NEXT_TO_RELATION,PUT_DOWN,
1149,6,to,I-TARGET_NEXT_TO_RELATION,PUT_DOWN,
1149,7,the,O,PUT_DOWN,
1149,8,blue,B-COLOR,PUT_DOWN,
1149,9,sneaker,B-SHOE_TYPE,PUT_DOWN,
1149,10,on,B-LOCATION_RELATION,PUT_DOWN,
1149,11,the,O,PUT_DOWN,
1149,12,middle,B-OBJECT_LOCATION,PUT_DOWN,
1149,13,shelf,I-OBJECT_LOCATION,PUT_DOWN,
1149,14,on,B-LOCATION_RELATION,PUT_DOWN,
1149,15,the,O,PUT_DOWN,
1149,16,floor,B-OBJECT_LOCATION,PUT_DOWN,
1150,1,leave,O,PUT_DOWN,
1150,2,cream,B-IMPREGNATION_TOOL_TYPE,PUT_DOWN,
1150,3,on,B-TARGET_LOCATION_RELATION,PUT_DOWN,
1150,4,the,O,PUT_DOWN,
1150,5,bottom,B-TARGET_LOCATION,PUT_DOWN,
1150,6,shelf,I-TARGET_LOCATION,PUT_DOWN,
1151,1,please,O,PUT_DOWN,
1151,2,set,O,PUT_DOWN,
1151,3,the,O,PUT_DOWN,
1151,4,really,B-CLEANING_STATUS,PUT_DOWN,
1151,5,dirty,I-CLEANING_STATUS,PUT_DOWN,
1151,6,sneaker,B-SHOE_TYPE,PUT_DOWN,
1151,7,down,O,PUT_DOWN,
1152,1,set,O,PUT_DOWN,
1152,2,down,O,PUT_DOWN,
1152,3,canvas_sneaker_9,B-OBJECT_ID,PUT_DOWN,
1152,4,next,B-TARGET_NEXT_TO_RELATION,PUT_DOWN,
1152,5,to,I-TARGET_NEXT_TO_RELATION,PUT_DOWN,
1152,6,sole_glue_3,B-OBJECT_ID,PUT_DOWN,
1152,7,in,B-LOCATION_RELATION,PUT_DOWN,
1152,8,the,O,PUT_DOWN,
1152,9,tool,B-OBJECT_LOCATION,PUT_DOWN,
1152,10,area,I-OBJECT_LOCATION,PUT_DOWN,
1152,11,on,B-LOCATION_RELATION,PUT_DOWN,
1152,12,the,O,PUT_DOWN,
1152,13,top,B-OBJECT_LOCATION,PUT_DOWN,
1152,14,shelf,I-OBJECT_LOCATION,PUT_DOWN,
1153,1,set,O,PUT_DOWN,
1153,2,the,O,PUT_DOWN,
1153,3,sole_hammer,O,PUT_DOWN,
1153,4,down,O,PUT_DOWN,
1153,5,on,B-TARGET_LOCATION_RELATION,PUT_DOWN,
1153,6,the,O,PUT_DOWN,
1153,7,middle,B-TARGET_LOCATION,PUT_DOWN,
1153,8,shelf,I-TARGET_LOCATION,PUT_DOWN,
1154,1,put,O,PUT_DOWN,
1154,2,sneaker_1,B-OBJECT_ID,PUT_DOWN,
1154,3,down,O,PUT_DOWN,
1154,4,on,B-TARGET_LOCATION_RELATION,PUT_DOWN,
1154,5,the,O,PUT_DOWN,
1154,6,top,B-TARGET_LOCATION,PUT_DOWN,
1154,7,shelf,I-TARGET_LOCATION,PUT_DOWN,
1155,1,leave,O,PUT_DOWN,
1155,2,that,O,PUT_DOWN,
1155,3,shoe_6,B-OBJECT_ID,PUT_DOWN,
1155,4,in,O,PUT_DOWN,
1155,5,the,O,PUT_DOWN,
1155,6,drying,O,PUT_DOWN,
1155,7,area,O,PUT_DOWN,
1155,8,next,B-TARGET_NEXT_TO_RELATION,PUT_DOWN,
1155,9,to,I-TARGET_NEXT_TO_RELATION,PUT_DOWN,
1155,10,the,O,PUT_DOWN,
1155,11,red,B-COLOR,PUT_DOWN,
1155,12,boot,B-SHOE_TYPE,PUT_DOWN,
1155,13,there,O,PUT_DOWN,
1155,14,on,O,PUT_DOWN,
1155,15,the,O,PUT_DOWN,
1155,16,floor,O,PUT_DOWN,
1156,1,leave,O,PUT_DOWN,
1156,2,the,O,PUT_DOWN,
1156,3,cleaner_2,B-OBJECT_ID,PUT_DOWN,
1156,4,on,B-TARGET_LOCATION_RELATION,PUT_DOWN,
1156,5,the,O,PUT_DOWN,
1156,6,top,B-TARGET_LOCATION,PUT_DOWN,
1156,7,shelf,I-TARGET_LOCATION,PUT_DOWN,
1157,1,set,O,PUT_DOWN,
1157,2,down,O,PUT_DOWN,
1157,3,brown_sandal_4,B-OBJECT_ID,PUT_DOWN,
1157,4,next,B-TARGET_NEXT_TO_RELATION,PUT_DOWN,
1157,5,to,I-TARGET_NEXT_TO_RELATION,PUT_DOWN,
1157,6,the,O,PUT_DOWN,
1157,7,muddy,B-DIRT_TYPE,PUT_DOWN,
1157,8,shoe,B-SHOE_TYPE,PUT_DOWN,
1158,1,put,O,PUT_DOWN,
1158,2,the,O,PUT_DOWN,
1158,3,green,B-COLOR,PUT_DOWN,
1158,4,sandal,B-SHOE_TYPE,PUT_DOWN,
1158,5,on,O,PUT_DOWN,
1158,6,the,O,PUT_DOWN,
1158,7,top,O,PUT_DOWN,
1158,8,shelf,O,PUT_DOWN,
1158,9,next,B-TARGET_NEXT_TO_RELATION,PUT_DOWN,
1158,10,to,I-TARGET_NEXT_TO_RELATION,PUT_DOWN,
1158,11,brush_12,B-OBJECT_ID,PUT_DOWN,
1158,12,down,O,PUT_DOWN,
1158,13,on,B-TARGET_LOCATION_RELATION,PUT_DOWN,
1158,14,the,O,PUT_DOWN,
1158,15,bottom,B-TARGET_LOCATION,PUT_DOWN,
1158,16,shelf,I-TARGET_LOCATION,PUT_DOWN,
1159,1,drop,O,PUT_DOWN,
1159,2,the,O,PUT_DOWN,
1159,3,sole,B-REPAIR_TOOL_TYPE,PUT_DOWN,
1159,4,glue,I-REPAIR_TOOL_TYPE,PUT_DOWN,
1159,5,on,B-TARGET_LOCATION_RELATION,PUT_DOWN,
1159,6,the,O,PUT_DOWN,
1159,7,floor,B-TARGET_LOCATION,PUT_DOWN,
1160,1,drop,O,PUT_DOWN,
1160,2,it,O,PUT_DOWN,
1160,3,on,B-TARGET_LOCATION_RELATION,PUT_DOWN,
1160,4,the,O,PUT_DOWN,
1160,5,bottom,B-TARGET_LOCATION,PUT_DOWN,
1160,6,shelf,I-TARGET_LOCATION,PUT_DOWN,
1161,1,release,O,PUT_DOWN,
1161,2,the,O,PUT_DOWN,
1161,3,green,B-COLOR,PUT_DOWN,
1161,4,sneaker,B-SHOE_TYPE,PUT_DOWN,
1161,5,onto,B-TARGET_LOCATION_RELATION,PUT_DOWN,
1161,6,the,O,PUT_DOWN,
1161,7,bottom,B-TARGET_LOCATION,PUT_DOWN,
1161,8,shelf,I-TARGET_LOCATION,PUT_DOWN,
1162,1,release,O,PUT_DOWN,
1162,2,the,O,PUT_DOWN,
1162,3,rag,B-CLEANING_TOOL_TYPE,PUT_DOWN,
1162,4,inside,O,PUT_DOWN,
1162,5,the,O,PUT_DOWN,
1162,6,tool,O,PUT_DOWN,
1162,7,area,O,PUT_DOWN,
1162,8,next,B-TARGET_NEXT_TO_RELATION,PUT_DOWN,
1162,9,to,I-TARGET_NEXT_TO_RELATION,PUT_DOWN,
1162,10,the,O,PUT_DOWN,
1162,11,spray,B-IMPREGNATION_TOOL_TYPE,PUT_DOWN,
1162,12,bottle,O,PUT_DOWN,
1162,13,onto,B-LOCATION_RELATION,PUT_DOWN,
1162,14,the,O,PUT_DOWN,
1162,15,top,B-OBJECT_LOCATION,PUT_DOWN,
1162,16,shelf,I-OBJECT_LOCATION,PUT_DOWN,
1163,1,please,O,PUT_DOWN,
1163,2,set,O,PUT_DOWN,
1163,3,the,O,PUT_DOWN,
1163,4,blue,B-COLOR,PUT_DOWN,
1163,5,sandal,B-SHOE_TYPE,PUT_DOWN,
1163,6,down,O,PUT_DOWN,
1164,1,put,O,PUT_DOWN,
1164,2,leather_shoe_4,B-OBJECT_ID,PUT_DOWN,
1164,3,in,B-TARGET_LOCATION_RELATION,PUT_DOWN,
1164,4,the,O,PUT_DOWN,
1164,5,drying,B-TARGET_LOCATION,PUT_DOWN,
1164,6,area,I-TARGET_LOCATION,PUT_DOWN,
1165,1,put,O,PUT_DOWN,
1165,2,the,O,PUT_DOWN,
1165,3,spray_t_3,B-OBJECT_ID,PUT_DOWN,
1165,4,from,O,PUT_DOWN,
1165,5,the,O,PUT_DOWN,
1165,6,middle,O,PUT_DOWN,
1165,7,shelf,O,PUT_DOWN,
1165,8,next,B-TARGET_NEXT_TO_RELATION,PUT_DOWN,
1165,9,to,I-TARGET_NEXT_TO_RELATION,PUT_DOWN,
1165,10,the,O,PUT_DOWN,
1165,11,green,B-COLOR,PUT_DOWN,
1165,12,sandal,B-SHOE_TYPE,PUT_DOWN,
1165,13,down,O,PUT_DOWN,
1165,14,now,O,PUT_DOWN,
1166,1,set,O,PUT_DOWN,
1166,2,down,O,PUT_DOWN,
1166,3,the,O,PUT_DOWN,
1166,4,blue,B-COLOR,PUT_DOWN,
1166,5,canvas,B-MATERIAL,PUT_DOWN,
1166,6,high,B-SHOE_HEIGHT,PUT_DOWN,
1166,7,boot,B-SHOE_TYPE,PUT_DOWN,
1166,8,on,B-TARGET_LOCATION_RELATION,PUT_DOWN,
1166,9,the,O,PUT_DOWN,
1166,10,top,B-TARGET_LOCATION,PUT_DOWN,
1166,11,shelf,I-TARGET_LOCATION,PUT_DOWN,
1167,1,could,O,PUT_DOWN,
1167,2,you,O,PUT_DOWN,
1167,3,put,O,PUT_DOWN,
1167,4,the,O,PUT_DOWN,
1167,5,shoe,O,PUT_DOWN,
1167,6,down,O,PUT_DOWN,
1167,7,on,B-TARGET_LOCATION_RELATION,PUT_DOWN,
1167,8,the,O,PUT_DOWN,
1167,9,middle,B-TARGET_LOCATION,PUT_DOWN,
1167,10,shelf,I-TARGET_LOCATION,PUT_DOWN,
1168,1,put,O,PUT_DOWN,
1168,2,the,O,PUT_DOWN,
1168,3,needle_and_yarn_1,B-OBJECT_ID,PUT_DOWN,
1168,4,on,O,PUT_DOWN,
1168,5,the,O,PUT_DOWN,
1168,6,floor,O,PUT_DOWN,
1168,7,next,B-TARGET_NEXT_TO_RELATION,PUT_DOWN,
1168,8,to,I-TARGET_NEXT_TO_RELATION,PUT_DOWN,
1168,9,cleaner_3,B-OBJECT_ID,PUT_DOWN,
1168,10,on,B-LOCATION_RELATION,PUT_DOWN,
1168,11,the,O,PUT_DOWN,
1168,12,top,B-OBJECT_LOCATION,PUT_DOWN,
1168,13,shelf,I-OBJECT_LOCATION,PUT_DOWN,
1169,1,leave,O,PUT_DOWN,
1169,2,dirty_sneaker_6,B-OBJECT_ID,PUT_DOWN,
1169,3,in,B-TARGET_LOCATION_RELATION,PUT_DOWN,
1169,4,the,O,PUT_DOWN,
1169,5,drying,B-TARGET_LOCATION,PUT_DOWN,
1169,6,area,I-TARGET_LOCATION,PUT_DOWN,
1170,1,please,O,PUT_DOWN,
1170,2,set,O,PUT_DOWN,
1170,3,the,O,PUT_DOWN,
1170,4,sandal,B-SHOE_TYPE,PUT_DOWN,
1170,5,down,O,PUT_DOWN,
1171,1,put,O,PUT_DOWN,
1171,2,the,O,PUT_DOWN,
1171,3,brush,B-CLEANING_TOOL_TYPE,PUT_DOWN,
1171,4,next,B-TARGET_NEXT_TO_RELATION,PUT_DOWN,
1171,5,to,I-TARGET_NEXT_TO_RELATION,PUT_DOWN,
1171,6,the,O,PUT_DOWN,
1171,7,hammer,B-REPAIR_TOOL_TYPE,PUT_DOWN,
1171,8,inside,B-LOCATION_RELATION,PUT_DOWN,
1171,9,the,O,PUT_DOWN,
1171,10,drying,B-OBJECT_LOCATION,PUT_DOWN,
1171,11,area,I-OBJECT_LOCATION,PUT_DOWN,
1171,12,next,O,PUT_DOWN,
1171,13,to,O,PUT_DOWN,
1171,14,spray_7,O,PUT_DOWN,
1171,15,down,O,PUT_DOWN,
1171,16,on,O,PUT_DOWN,
1171,17,the,O,PUT_DOWN,
1171,18,floor,O,PUT_DOWN,
1172,1,put,O,PUT_DOWN,
1172,2,down,O,PUT_DOWN,
1172,3,the,O,PUT_DOWN,
1172,4,yellow,B-COLOR,PUT_DOWN,
1172,5,sandal,B-SHOE_TYPE,PUT_DOWN,
1172,6,on,B-TARGET_LOCATION_RELATION,PUT_DOWN,
1172,7,the,O,PUT_DOWN,
1172,8,top,B-TARGET_LOCATION,PUT_DOWN,
1172,9,shelf,I-TARGET_LOCATION,PUT_DOWN,
1173,1,leave,O,PUT_DOWN, 
1173,2,the,O,PUT_DOWN,
1173,3,held,O,PUT_DOWN,
1173,4,sandal,B-SHOE_TYPE,PUT_DOWN,
1173,5,next,B-TARGET_NEXT_TO_RELATION,PUT_DOWN,
1173,6,to,I-TARGET_NEXT_TO_RELATION,PUT_DOWN,
1173,7,the,O,PUT_DOWN,
1173,8,brown,B-COLOR,PUT_DOWN,
1173,9,boot,B-SHOE_TYPE,PUT_DOWN,
1174,1,release,O,PUT_DOWN,
1174,2,the,O,PUT_DOWN,
1174,3,cream_6,B-OBJECT_ID,PUT_DOWN,
1174,4,next,B-TARGET_NEXT_TO_RELATION,PUT_DOWN,
1174,5,to,I-TARGET_NEXT_TO_RELATION,PUT_DOWN,
1174,6,the,O,PUT_DOWN,
1174,7,canvas,B-MATERIAL,PUT_DOWN,
1174,8,boot,B-SHOE_TYPE,PUT_DOWN,
1174,9,on,B-LOCATION_RELATION,PUT_DOWN,
1174,10,the,O,PUT_DOWN,
1174,11,bottom,B-OBJECT_LOCATION,PUT_DOWN,
1174,12,shelf,I-OBJECT_LOCATION,PUT_DOWN,
1174,13,into,O,PUT_DOWN,
1174,14,the,O,PUT_DOWN,
1174,15,drying,O,PUT_DOWN,
1174,16,area,O,PUT_DOWN,
1175,1,set,O,PUT_DOWN,
1175,2,the,O,PUT_DOWN,
1175,3,black,B-COLOR,PUT_DOWN,
1175,4,sneaker,B-SHOE_TYPE,PUT_DOWN,
1175,5,down,O,PUT_DOWN,
1175,6,on,B-TARGET_LOCATION_RELATION,PUT_DOWN,
1175,7,the,O,PUT_DOWN,
1175,8,bottom,B-TARGET_LOCATION,PUT_DOWN,
1175,9,shelf,I-TARGET_LOCATION,PUT_DOWN,
1176,1,drop,O,PUT_DOWN,
1176,2,the,O,PUT_DOWN,
1176,3,shoe_6,B-OBJECT_ID,PUT_DOWN,
1176,4,you,O,PUT_DOWN,
1176,5,have,O,PUT_DOWN,
1176,6,on,B-TARGET_LOCATION_RELATION,PUT_DOWN,
1176,7,the,O,PUT_DOWN,
1176,8,top,B-TARGET_LOCATION,PUT_DOWN,
1176,9,shelf,I-TARGET_LOCATION,PUT_DOWN,
1177,1,could,O,PUT_DOWN,
1177,2,you,O,PUT_DOWN,
1177,3,put,O,PUT_DOWN,
1177,4,the,O,PUT_DOWN,
1177,5,sole,B-REPAIR_TOOL_TYPE,PUT_DOWN,
1177,6,hammer,I-REPAIR_TOOL_TYPE,PUT_DOWN,
1177,7,next,B-TARGET_NEXT_TO_RELATION,PUT_DOWN,
1177,8,to,I-TARGET_NEXT_TO_RELATION,PUT_DOWN,
1177,9,needle_and_yarn_1,B-OBJECT_ID,PUT_DOWN,
1177,10,in,B-LOCATION_RELATION,PUT_DOWN,
1177,11,the,O,PUT_DOWN,
1177,12,tool,B-OBJECT_LOCATION,PUT_DOWN,
1177,13,area,I-OBJECT_LOCATION,PUT_DOWN,
1177,14,down,O,PUT_DOWN,
1177,15,on,B-TARGET_LOCATION_RELATION,PUT_DOWN,
1177,16,the,O,PUT_DOWN,
1177,17,floor,B-TARGET_LOCATION,PUT_DOWN,
1178,1,set,O,PUT_DOWN,
1178,2,that,O,PUT_DOWN,
1178,3,shoe_29,B-OBJECT_ID,PUT_DOWN,
1178,4,down,O,PUT_DOWN,
1178,5,on,B-TARGET_LOCATION_RELATION,PUT_DOWN,
1178,6,the,O,PUT_DOWN,
1178,7,bottom,B-TARGET_LOCATION,PUT_DOWN,
1178,8,shelf,I-TARGET_LOCATION,PUT_DOWN,
1179,1,drop,O,PUT_DOWN,
1179,2,the,O,PUT_DOWN,
1179,3,red,B-COLOR,PUT_DOWN,
1179,4,boot,B-SHOE_TYPE,PUT_DOWN,
1179,5,next,B-TARGET_NEXT_TO_RELATION,PUT_DOWN,
1179,6,to,I-TARGET_NEXT_TO_RELATION,PUT_DOWN,
1179,7,sandal_3,B-OBJECT_ID,PUT_DOWN,
1180,1,put,O,PUT_DOWN,
1180,2,cleaner_2,B-OBJECT_ID,PUT_DOWN,
1180,3,next,B-TARGET_NEXT_TO_RELATION,PUT_DOWN,
1180,4,to,I-TARGET_NEXT_TO_RELATION,PUT_DOWN,
1180,5,the,O,PUT_DOWN,
1180,6,brown,B-COLOR,PUT_DOWN,
1180,7,sandal,B-SHOE_TYPE,PUT_DOWN,
1180,8,down,O,PUT_DOWN,
1181,1,take,O,PUT_DOWN,
1181,2,the,O,PUT_DOWN,
1181,3,shoe_6,B-OBJECT_ID,PUT_DOWN,
1181,4,out,O,PUT_DOWN,
1181,5,of,O,PUT_DOWN,
1181,6,your,O,PUT_DOWN,
1181,7,hand,O,PUT_DOWN,
1181,8,and,O,PUT_DOWN,
1181,9,put,O,PUT_DOWN,
1181,10,it,O,PUT_DOWN,
1181,11,in,B-TARGET_LOCATION_RELATION,PUT_DOWN,
1181,12,the,O,PUT_DOWN,
1181,13,drying,B-TARGET_LOCATION,PUT_DOWN,
1181,14,area,I-TARGET_LOCATION,PUT_DOWN,
1182,1,put,O,PUT_DOWN,
1182,2,down,O,PUT_DOWN,
1182,3,the,O,PUT_DOWN,
1182,4,white,B-COLOR,PUT_DOWN,
1182,5,sneaker_12,B-OBJECT_ID,PUT_DOWN,
1182,6,on,B-TARGET_LOCATION_RELATION,PUT_DOWN,
1182,7,the,O,PUT_DOWN,
1182,8,floor,B-TARGET_LOCATION,PUT_DOWN,
1183,1,set,O,PUT_DOWN,
1183,2,down,O,PUT_DOWN,
1183,3,the,O,PUT_DOWN,
1183,4,sole,B-REPAIR_TOOL_TYPE,PUT_DOWN,
1183,5,glue,I-REPAIR_TOOL_TYPE,PUT_DOWN,
1183,6,in,B-TARGET_LOCATION_RELATION,PUT_DOWN,
1183,7,the,O,PUT_DOWN,
1183,8,drying,B-TARGET_LOCATION,PUT_DOWN,
1183,9,area,I-TARGET_LOCATION,PUT_DOWN,
1184,1,put,O,PUT_DOWN,
1184,2,the,O,PUT_DOWN,
1184,3,shoe,O,PUT_DOWN,
1184,4,next,B-TARGET_NEXT_TO_RELATION,PUT_DOWN,
1184,5,to,I-TARGET_NEXT_TO_RELATION,PUT_DOWN,
1184,6,sneaker_12,B-OBJECT_ID,PUT_DOWN,
1184,7,in,O,PUT_DOWN,
1184,8,your,O,PUT_DOWN,
1184,9,hand,O,PUT_DOWN,
1184,10,down,O,PUT_DOWN,
1184,11,on,O,PUT_DOWN,
1184,12,the,O,PUT_DOWN,
1184,13,bottom,O,PUT_DOWN,
1184,14,shelf,O,PUT_DOWN,
1185,1,set,O,PUT_DOWN,
1185,2,the,O,PUT_DOWN,
1185,3,shoe_1,B-OBJECT_ID,PUT_DOWN,
1185,4,you,O,PUT_DOWN,
1185,5,are,O,PUT_DOWN,
1185,6,holding,O,PUT_DOWN,
1185,7,on,B-TARGET_LOCATION_RELATION,PUT_DOWN,
1185,8,the,O,PUT_DOWN,
1185,9,floor,B-TARGET_LOCATION,PUT_DOWN,
1186,1,take,O,PUT_DOWN,
1186,2,the,O,PUT_DOWN,
1186,3,rag,B-CLEANING_TOOL_TYPE,PUT_DOWN,
1186,4,out,O,PUT_DOWN,
1186,5,of,O,PUT_DOWN,
1186,6,your,O,PUT_DOWN,
1186,7,hand,O,PUT_DOWN,
1186,8,and,O,PUT_DOWN,
1186,9,put,O,PUT_DOWN,
1186,10,it,O,PUT_DOWN,
1186,11,on,B-TARGET_LOCATION_RELATION,PUT_DOWN,
1186,12,the,O,PUT_DOWN,
1186,13,floor,B-TARGET_LOCATION,PUT_DOWN,
1187,1,set,O,PUT_DOWN,
1187,2,the,O,PUT_DOWN,
1187,3,very,B-CLEANING_STATUS,PUT_DOWN,
1187,4,dirty,I-CLEANING_STATUS,PUT_DOWN,
1187,5,yellow,B-COLOR,PUT_DOWN,
1187,6,boot,B-SHOE_TYPE,PUT_DOWN,
1187,7,next,B-TARGET_NEXT_TO_RELATION,PUT_DOWN,
1187,8,to,I-TARGET_NEXT_TO_RELATION,PUT_DOWN,
1187,9,the,O,PUT_DOWN,
1187,10,cleaning,O,PUT_DOWN,
1187,11,brush,B-CLEANING_TOOL_TYPE,PUT_DOWN,
1187,12,down,O,PUT_DOWN,
1187,13,in,O,PUT_DOWN,
1187,14,the,O,PUT_DOWN,
1187,15,drying,O,PUT_DOWN,
1187,16,area,O,PUT_DOWN,
1188,1,put,O,PUT_DOWN,
1188,2,it,O,PUT_DOWN,
1188,3,down,O,PUT_DOWN,
1188,4,in,B-TARGET_LOCATION_RELATION,PUT_DOWN,
1188,5,the,O,PUT_DOWN,
1188,6,drying,B-TARGET_LOCATION,PUT_DOWN,
1188,7,area,I-TARGET_LOCATION,PUT_DOWN,
1189,1,put,O,PUT_DOWN,
1189,2,the,O,PUT_DOWN,
1189,3,spray,B-IMPREGNATION_TOOL_TYPE,PUT_DOWN,
1189,4,down,O,PUT_DOWN,
1189,5,now,O,PUT_DOWN,
1190,1,set,O,PUT_DOWN,
1190,2,the,O,PUT_DOWN,
1190,3,yellow,B-COLOR,PUT_DOWN,
1190,4,boot_11,B-OBJECT_ID,PUT_DOWN,
1190,5,from,O,PUT_DOWN,
1190,6,your,O,PUT_DOWN,
1190,7,hand,O,PUT_DOWN,
1190,8,on,B-TARGET_LOCATION_RELATION,PUT_DOWN,
1190,9,the,O,PUT_DOWN,
1190,10,bottom,B-TARGET_LOCATION,PUT_DOWN,
1190,11,shelf,I-TARGET_LOCATION,PUT_DOWN,
1191,1,please,O,PUT_DOWN,
1191,2,set,O,PUT_DOWN,
1191,3,the,O,PUT_DOWN,
1191,4,leather,B-MATERIAL,PUT_DOWN,
1191,5,sneaker,B-SHOE_TYPE,PUT_DOWN,
1191,6,next,B-TARGET_NEXT_TO_RELATION,PUT_DOWN,
1191,7,to,I-TARGET_NEXT_TO_RELATION,PUT_DOWN,
1191,8,spray,B-IMPREGNATION_TOOL_TYPE,PUT_DOWN,
1191,9,down,O,PUT_DOWN,
1192,1,drop,O,PUT_DOWN,
1192,2,the,O,PUT_DOWN,
1192,3,needle,B-REPAIR_TOOL_TYPE,PUT_DOWN,
1192,4,and,I-REPAIR_TOOL_TYPE,PUT_DOWN,
1192,5,yarn,I-REPAIR_TOOL_TYPE,PUT_DOWN,
1192,6,on,B-TARGET_LOCATION_RELATION,PUT_DOWN,
1192,7,the,O,PUT_DOWN,
1192,8,floor,B-TARGET_LOCATION,PUT_DOWN,
1193,1,drop,O,PUT_DOWN,
1193,2,green_sandal_9,B-OBJECT_ID,PUT_DOWN,
1193,3,on,B-TARGET_LOCATION_RELATION,PUT_DOWN,
1193,4,the,O,PUT_DOWN,
1193,5,floor,B-TARGET_LOCATION,PUT_DOWN,
1194,1,release,O,PUT_DOWN,
1194,2,the,O,PUT_DOWN,
1194,3,brown,B-COLOR,PUT_DOWN,
1194,4,canvas,B-MATERIAL,PUT_DOWN,
1194,5,sandal,B-SHOE_TYPE,PUT_DOWN,
1194,6,next,B-TARGET_NEXT_TO_RELATION,PUT_DOWN,
1194,7,to,I-TARGET_NEXT_TO_RELATION,PUT_DOWN,
1194,8,the,O,PUT_DOWN,
1194,9,sole,B-REPAIR_TOOL_TYPE,PUT_DOWN,
1194,10,hammer,I-REPAIR_TOOL_TYPE,PUT_DOWN,
1194,11,onto,B-LOCATION_RELATION,PUT_DOWN,
1194,12,the,O,PUT_DOWN,
1194,13,floor,B-OBJECT_LOCATION,PUT_DOWN,
1195,1,drop,O,PUT_DOWN,
1195,2,the,O,PUT_DOWN,
1195,3,brush,B-CLEANING_TOOL_TYPE,PUT_DOWN,
1195,4,you,O,PUT_DOWN,
1195,5,have,O,PUT_DOWN,
1195,6,on,B-TARGET_LOCATION_RELATION,PUT_DOWN,
1195,7,the,O,PUT_DOWN,
1195,8,floor,B-TARGET_LOCATION,PUT_DOWN,
1196,1,put,O,PUT_DOWN,
1196,2,down,O,PUT_DOWN,
1196,3,the,O,PUT_DOWN,
1196,4,shoe,O,PUT_DOWN,
1196,5,next,B-TARGET_NEXT_TO_RELATION,PUT_DOWN,
1196,6,to,I-TARGET_NEXT_TO_RELATION,PUT_DOWN,
1196,7,the,O,PUT_DOWN,
1196,8,yellow,B-COLOR,PUT_DOWN,
1196,9,partly,B-IMPREGNATION_STATUS,PUT_DOWN,
1196,10,protected,I-IMPREGNATION_STATUS,PUT_DOWN,
1196,11,sneaker,B-SHOE_TYPE,PUT_DOWN,
1197,1,set,O,PUT_DOWN,
1197,2,the,O,PUT_DOWN,
1197,3,sandal,B-SHOE_TYPE,PUT_DOWN,
1197,4,next,B-TARGET_NEXT_TO_RELATION,PUT_DOWN,
1197,5,to,I-TARGET_NEXT_TO_RELATION,PUT_DOWN,
1197,6,the,O,PUT_DOWN,
1197,7,clean,B-CLEANING_STATUS,PUT_DOWN,
1197,8,black,B-COLOR,PUT_DOWN,
1197,9,boot,B-SHOE_TYPE,PUT_DOWN,
1197,10,in,B-LOCATION_RELATION,PUT_DOWN,
1197,11,the,O,PUT_DOWN,
1197,12,drying,B-OBJECT_LOCATION,PUT_DOWN,
1197,13,area,I-OBJECT_LOCATION,PUT_DOWN,
1197,14,down,O,PUT_DOWN,
1197,15,on,O,PUT_DOWN,
1197,16,the,O,PUT_DOWN,
1197,17,middle,O,PUT_DOWN,
1197,18,shelf,O,PUT_DOWN,
1198,1,put,O,PUT_DOWN,
1198,2,the,O,PUT_DOWN,
1198,3,cream,B-IMPREGNATION_TOOL_TYPE,PUT_DOWN,
1198,4,on,B-TARGET_LOCATION_RELATION,PUT_DOWN,
1198,5,the,O,PUT_DOWN,
1198,6,bottom,B-TARGET_LOCATION,PUT_DOWN,
1198,7,shelf,I-TARGET_LOCATION,PUT_DOWN,
1198,8,and,O,PUT_DOWN,
1198,9,let,O,PUT_DOWN,
1198,10,go,O,PUT_DOWN,
1199,1,set,O,PUT_DOWN,
1199,2,brown_boot_6,B-OBJECT_ID,PUT_DOWN,
1199,3,from,O,PUT_DOWN,
1199,4,your,O,PUT_DOWN,
1199,5,hand,O,PUT_DOWN,
1199,6,in,B-TARGET_LOCATION_RELATION,PUT_DOWN,
1199,7,the,O,PUT_DOWN,
1199,8,drying,B-TARGET_LOCATION,PUT_DOWN,
1199,9,area,I-TARGET_LOCATION,PUT_DOWN,
1200,1,drop,O,PUT_DOWN,
1200,2,sandal_3,B-OBJECT_ID,PUT_DOWN,
1200,3,next,B-TARGET_NEXT_TO_RELATION,PUT_DOWN,
1200,4,to,I-TARGET_NEXT_TO_RELATION,PUT_DOWN,
1200,5,rag_4,B-OBJECT_ID,PUT_DOWN,
1200,6,on,B-LOCATION_RELATION,PUT_DOWN,
1200,7,the,O,PUT_DOWN,
1200,8,floor,B-OBJECT_LOCATION,PUT_DOWN,
1200,9,in,B-LOCATION_RELATION,PUT_DOWN,
1200,10,the,O,PUT_DOWN,
1200,11,drying,B-OBJECT_LOCATION,PUT_DOWN,
1200,12,area,I-OBJECT_LOCATION,PUT_DOWN,
1201,1,put,O,PUT_DOWN,
1201,2,the,O,PUT_DOWN,
1201,3,sole,B-REPAIR_TOOL_TYPE,PUT_DOWN,
1201,4,hammer,I-REPAIR_TOOL_TYPE,PUT_DOWN,
1201,5,down,O,PUT_DOWN,
1201,6,beside,B-TARGET_NEXT_TO_RELATION,PUT_DOWN,
1201,7,the,O,PUT_DOWN,
1201,8,red,B-COLOR,PUT_DOWN,
1201,9,leather,B-MATERIAL,PUT_DOWN,
1201,10,sandal,B-SHOE_TYPE,PUT_DOWN,
1202,1,please,O,PUT_DOWN,
1202,2,set,O,PUT_DOWN,
1202,3,the,O,PUT_DOWN,
1202,4,boot,B-SHOE_TYPE,PUT_DOWN,
1202,5,down,O,PUT_DOWN,
1203,1,drop,O,PUT_DOWN,
1203,2,the,O,PUT_DOWN,
1203,3,yellow,B-COLOR,PUT_DOWN,
1203,4,sneaker,B-SHOE_TYPE,PUT_DOWN,
1203,5,next,B-TARGET_NEXT_TO_RELATION,PUT_DOWN,
1203,6,to,I-TARGET_NEXT_TO_RELATION,PUT_DOWN,
1203,7,cream_5,B-OBJECT_ID,PUT_DOWN,
1203,8,inside,B-LOCATION_RELATION,PUT_DOWN,
1203,9,the,O,PUT_DOWN,
1203,10,tool,B-OBJECT_LOCATION,PUT_DOWN,
1203,11,area,I-OBJECT_LOCATION,PUT_DOWN,
1203,12,on,B-LOCATION_RELATION,PUT_DOWN,
1203,13,the,O,PUT_DOWN,
1203,14,bottom,B-OBJECT_LOCATION,PUT_DOWN,
1203,15,shelf,I-OBJECT_LOCATION,PUT_DOWN,
1204,1,leave,O,PUT_DOWN,
1204,2,cleaner_2,B-OBJECT_ID,PUT_DOWN,
1204,3,next,B-TARGET_NEXT_TO_RELATION,PUT_DOWN,
1204,4,to,I-TARGET_NEXT_TO_RELATION,PUT_DOWN,
1204,5,the,O,PUT_DOWN,
1204,6,protected,B-IMPREGNATION_STATUS,PUT_DOWN,
1204,7,sneaker,B-SHOE_TYPE,PUT_DOWN,
1205,1,release,O,PUT_DOWN,
1205,2,the,O,PUT_DOWN,
1205,3,low,B-SHOE_HEIGHT,PUT_DOWN,
1205,4,sandal,B-SHOE_TYPE,PUT_DOWN,
1205,5,onto,B-TARGET_LOCATION_RELATION,PUT_DOWN,
1205,6,the,O,PUT_DOWN,
1205,7,middle,B-TARGET_LOCATION,PUT_DOWN,
1205,8,shelf,I-TARGET_LOCATION,PUT_DOWN,
1206,1,leave,O,PUT_DOWN,
1206,2,sneaker_1,B-OBJECT_ID,PUT_DOWN,
1206,3,next,B-TARGET_NEXT_TO_RELATION,PUT_DOWN,
1206,4,to,I-TARGET_NEXT_TO_RELATION,PUT_DOWN,
1206,5,the,O,PUT_DOWN,
1206,6,blue,B-COLOR,PUT_DOWN,
1206,7,sneaker,B-SHOE_TYPE,PUT_DOWN,
1206,8,on,B-LOCATION_RELATION,PUT_DOWN,
1206,9,the,O,PUT_DOWN,
1206,10,middle,B-OBJECT_LOCATION,PUT_DOWN,
1206,11,shelf,I-OBJECT_LOCATION,PUT_DOWN,
1206,12,on,O,PUT_DOWN,
1206,13,the,O,PUT_DOWN,
1206,14,top,O,PUT_DOWN,
1206,15,shelf,O,PUT_DOWN,
1207,1,release,O,PUT_DOWN,
1207,2,the,O,PUT_DOWN,
1207,3,sole,B-REPAIR_TOOL_TYPE,PUT_DOWN,
1207,4,glue,I-REPAIR_TOOL_TYPE,PUT_DOWN,
1207,5,onto,B-TARGET_LOCATION_RELATION,PUT_DOWN,
1207,6,the,O,PUT_DOWN,
1207,7,bottom,B-TARGET_LOCATION,PUT_DOWN,
1207,8,shelf,I-TARGET_LOCATION,PUT_DOWN,
1208,1,put,O,PUT_DOWN,
1208,2,the,O,PUT_DOWN,
1208,3,held,O,PUT_DOWN,
1208,4,shoe_4,B-OBJECT_ID,PUT_DOWN,
1208,5,on,B-TARGET_LOCATION_RELATION,PUT_DOWN,
1208,6,the,O,PUT_DOWN,
1208,7,bottom,B-TARGET_LOCATION,PUT_DOWN,
1208,8,shelf,I-TARGET_LOCATION,PUT_DOWN,
1209,1,drop,O,PUT_DOWN,
1209,2,the,O,PUT_DOWN,
1209,3,shoe,O,PUT_DOWN,
1209,4,next,B-TARGET_NEXT_TO_RELATION,PUT_DOWN,
1209,5,to,I-TARGET_NEXT_TO_RELATION,PUT_DOWN,
1209,6,sole_glue_3,B-OBJECT_ID,PUT_DOWN,
1209,7,in,B-LOCATION_RELATION,PUT_DOWN,
1209,8,the,O,PUT_DOWN,
1209,9,tool,B-OBJECT_LOCATION,PUT_DOWN,
1209,10,area,I-OBJECT_LOCATION,PUT_DOWN,
1210,1,leave,O,PUT_DOWN,
1210,2,the,O,PUT_DOWN,
1210,3,rag,B-CLEANING_TOOL_TYPE,PUT_DOWN,
1210,4,on,B-TARGET_LOCATION_RELATION,PUT_DOWN,
1210,5,the,O,PUT_DOWN,
1210,6,top,B-TARGET_LOCATION,PUT_DOWN,
1210,7,shelf,I-TARGET_LOCATION,PUT_DOWN,
1211,1,drop,O,PUT_DOWN,
1211,2,the,O,PUT_DOWN,
1211,3,red,B-COLOR,PUT_DOWN,
1211,4,low,B-SHOE_HEIGHT,PUT_DOWN,
1211,5,sneaker,B-SHOE_TYPE,PUT_DOWN,
1211,6,on,B-TARGET_LOCATION_RELATION,PUT_DOWN,
1211,7,the,O,PUT_DOWN,
1211,8,middle,B-TARGET_LOCATION,PUT_DOWN,
1211,9,shelf,I-TARGET_LOCATION,PUT_DOWN,
1212,1,put,O,PUT_DOWN,
1212,2,canvas_sneaker_9,B-OBJECT_ID,PUT_DOWN,
1212,3,in,O,PUT_DOWN,
1212,4,the,O,PUT_DOWN,
1212,5,drying,O,PUT_DOWN,
1212,6,area,O,PUT_DOWN,
1212,7,next,B-TARGET_NEXT_TO_RELATION,PUT_DOWN,
1212,8,to,I-TARGET_NEXT_TO_RELATION,PUT_DOWN,
1212,9,the,O,PUT_DOWN,
1212,10,red,B-COLOR,PUT_DOWN,
1212,11,boot,B-SHOE_TYPE,PUT_DOWN,
1212,12,down,O,PUT_DOWN,
1212,13,on,B-LOCATION_RELATION,PUT_DOWN,
1212,14,the,O,PUT_DOWN,
1212,15,floor,B-OBJECT_LOCATION,PUT_DOWN,
1213,1,set,O,PUT_DOWN,
1213,2,the,O,PUT_DOWN,
1213,3,spray_t_3,B-OBJECT_ID,PUT_DOWN,
1213,4,down,O,PUT_DOWN,
1213,5,on,B-TARGET_LOCATION_RELATION,PUT_DOWN,
1213,6,the,O,PUT_DOWN,
1213,7,bottom,B-TARGET_LOCATION,PUT_DOWN,
1213,8,shelf,I-TARGET_LOCATION,PUT_DOWN,
1214,1,put,O,PUT_DOWN,
1214,2,the,O,PUT_DOWN,
1214,3,held,O,PUT_DOWN,
1214,4,shoe,O,PUT_DOWN,
1214,5,next,B-TARGET_NEXT_TO_RELATION,PUT_DOWN,
1214,6,to,I-TARGET_NEXT_TO_RELATION,PUT_DOWN,
1214,7,the,O,PUT_DOWN,
1214,8,white,B-COLOR,PUT_DOWN,
1214,9,boot,B-SHOE_TYPE,PUT_DOWN,
1215,1,leave,O,PUT_DOWN,
1215,2,boot_2,B-OBJECT_ID,PUT_DOWN,
1215,3,on,O,PUT_DOWN,
1215,4,the,O,PUT_DOWN,
1215,5,top,O,PUT_DOWN,
1215,6,shelf,O,PUT_DOWN,
1215,7,next,B-TARGET_NEXT_TO_RELATION,PUT_DOWN,
1215,8,to,I-TARGET_NEXT_TO_RELATION,PUT_DOWN,
1215,9,brush_12,B-OBJECT_ID,PUT_DOWN,
1215,10,in,B-LOCATION_RELATION,PUT_DOWN,
1215,11,the,O,PUT_DOWN,
1215,12,drying,B-OBJECT_LOCATION,PUT_DOWN,
1215,13,area,I-OBJECT_LOCATION,PUT_DOWN,
1216,1,drop,O,PUT_DOWN,
1216,2,the,O,PUT_DOWN,
1216,3,needle_and_yarn_1,B-OBJECT_ID,PUT_DOWN,
1216,4,on,B-TARGET_LOCATION_RELATION,PUT_DOWN,
1216,5,the,O,PUT_DOWN,
1216,6,middle,B-TARGET_LOCATION,PUT_DOWN,
1216,7,shelf,I-TARGET_LOCATION,PUT_DOWN,
1217,1,could,O,PUT_DOWN,
1217,2,you,O,PUT_DOWN,
1217,3,put,O,PUT_DOWN,
1217,4,the,O,PUT_DOWN,
1217,5,shoe_8,B-OBJECT_ID,PUT_DOWN,
1217,6,down,O,PUT_DOWN,
1217,7,on,B-TARGET_LOCATION_RELATION,PUT_DOWN,
1217,8,the,O,PUT_DOWN,
1217,9,bottom,B-TARGET_LOCATION,PUT_DOWN,
1217,10,shelf,I-TARGET_LOCATION,PUT_DOWN,
1218,1,set,O,PUT_DOWN,
1218,2,shoe_1,B-OBJECT_ID,PUT_DOWN,
1218,3,inside,O,PUT_DOWN,
1218,4,the,O,PUT_DOWN,
1218,5,tool,O,PUT_DOWN,
1218,6,area,O,PUT_DOWN,
1218,7,next,B-TARGET_NEXT_TO_RELATION,PUT_DOWN,
1218,8,to,I-TARGET_NEXT_TO_RELATION,PUT_DOWN,
1218,9,the,O,PUT_DOWN,
1218,10,spray,B-IMPREGNATION_TOOL_TYPE,PUT_DOWN,
1218,11,bottle,O,PUT_DOWN,
1218,12,you,O,PUT_DOWN,
1218,13,are,O,PUT_DOWN,
1218,14,holding,O,PUT_DOWN,
1218,15,on,O,PUT_DOWN,
1218,16,the,O,PUT_DOWN,
1218,17,top,O,PUT_DOWN,
1218,18,shelf,O,PUT_DOWN,
1219,1,put,O,PUT_DOWN,
1219,2,down,O,PUT_DOWN,
1219,3,the,O,PUT_DOWN,
1219,4,spare,O,PUT_DOWN,
1219,5,brush_6,B-OBJECT_ID,PUT_DOWN,
1219,6,on,B-TARGET_LOCATION_RELATION,PUT_DOWN,
1219,7,the,O,PUT_DOWN,
1219,8,bottom,B-TARGET_LOCATION,PUT_DOWN,
1219,9,shelf,I-TARGET_LOCATION,PUT_DOWN,
1220,1,put,O,PUT_DOWN,
1220,2,the,O,PUT_DOWN,
1220,3,rubber,B-MATERIAL,PUT_DOWN,
1220,4,sneaker,B-SHOE_TYPE,PUT_DOWN,
1220,5,down,O,PUT_DOWN,
1220,6,next,B-TARGET_NEXT_TO_RELATION,PUT_DOWN,
1220,7,to,I-TARGET_NEXT_TO_RELATION,PUT_DOWN,
1220,8,the,O,PUT_DOWN,
1220,9,old,O,PUT_DOWN,
1220,10,rag,B-CLEANING_TOOL_TYPE,PUT_DOWN,
1221,1,put,O,PUT_DOWN,
1221,2,the,O,PUT_DOWN,
1221,3,white,B-COLOR,PUT_DOWN,
1221,4,boot,B-SHOE_TYPE,PUT_DOWN,
1221,5,down,O,PUT_DOWN,
1221,6,now,O,PUT_DOWN,
1222,1,set,O,PUT_DOWN,
1222,2,the,O,PUT_DOWN,
1222,3,cream,B-IMPREGNATION_TOOL_TYPE,PUT_DOWN,
1222,4,from,O,PUT_DOWN,
1222,5,the,O,PUT_DOWN,
1222,6,middle,O,PUT_DOWN,
1222,7,shelf,O,PUT_DOWN,
1222,8,next,B-TARGET_NEXT_TO_RELATION,PUT_DOWN,
1222,9,to,I-TARGET_NEXT_TO_RELATION,PUT_DOWN,
1222,10,the,O,PUT_DOWN,
1222,11,green,B-COLOR,PUT_DOWN,
1222,12,sandal,B-SHOE_TYPE,PUT_DOWN,
1222,13,down,O,PUT_DOWN,
1222,14,on,O,PUT_DOWN,
1222,15,the,O,PUT_DOWN,
1222,16,bottom,O,PUT_DOWN,
1222,17,shelf,O,PUT_DOWN,
1223,1,set,O,PUT_DOWN,
1223,2,the,O,PUT_DOWN,
1223,3,black,B-COLOR,PUT_DOWN,
1223,4,sandal,B-SHOE_TYPE,PUT_DOWN,
1223,5,down,O,PUT_DOWN,
1223,6,next,B-TARGET_NEXT_TO_RELATION,PUT_DOWN,
1223,7,to,I-TARGET_NEXT_TO_RELATION,PUT_DOWN,
1223,8,s_4,B-OBJECT_ID,PUT_DOWN,
1224,1,put,O,PUT_DOWN,
1224,2,down,O,PUT_DOWN,
1224,3,the,O,PUT_DOWN,
1224,4,green,B-COLOR,PUT_DOWN,
1224,5,suede,B-MATERIAL,PUT_DOWN,
1224,6,boot,B-SHOE_TYPE,PUT_DOWN,
1224,7,in,B-TARGET_LOCATION_RELATION,PUT_DOWN,
1224,8,the,O,PUT_DOWN,
1224,9,drying,B-TARGET_LOCATION,PUT_DOWN,
1224,10,area,I-TARGET_LOCATION,PUT_DOWN,
1225,1,put,O,PUT_DOWN,
1225,2,the,O,PUT_DOWN,
1225,3,hammer,B-REPAIR_TOOL_TYPE,PUT_DOWN,
1225,4,on,O,PUT_DOWN,
1225,5,the,O,PUT_DOWN,
1225,6,floor,O,PUT_DOWN,
1225,7,next,B-TARGET_NEXT_TO_RELATION,PUT_DOWN,
1225,8,to,I-TARGET_NEXT_TO_RELATION,PUT_DOWN,
1225,9,cleaner_3,B-OBJECT_ID,PUT_DOWN,
1225,10,down,O,PUT_DOWN,
1226,1,set,O,PUT_DOWN,
1226,2,down,O,PUT_DOWN,
1226,3,sandal_88,B-OBJECT_ID,PUT_DOWN,
1226,4,on,B-TARGET_LOCATION_RELATION,PUT_DOWN,
1226,5,the,O,PUT_DOWN,
1226,6,bottom,B-TARGET_LOCATION,PUT_DOWN,
1226,7,shelf,I-TARGET_LOCATION,PUT_DOWN,
1227,1,drop,O,PUT_DOWN,
1227,2,the,O,PUT_DOWN,
1227,3,shoe_8,B-OBJECT_ID,PUT_DOWN,
1227,4,you,O,PUT_DOWN,
1227,5,have,O,PUT_DOWN,
1227,6,on,B-TARGET_LOCATION_RELATION,PUT_DOWN,
1227,7,the,O,PUT_DOWN,
1227,8,bottom,B-TARGET_LOCATION,PUT_DOWN,
1227,9,shelf,I-TARGET_LOCATION,PUT_DOWN,
1228,1,set,O,PUT_DOWN,
1228,2,the,O,PUT_DOWN,
1228,3,cleaner_2,B-OBJECT_ID,PUT_DOWN,
1228,4,next,B-TARGET_NEXT_TO_RELATION,PUT_DOWN,
1228,5,to,I-TARGET_NEXT_TO_RELATION,PUT_DOWN,
1228,6,the,O,PUT_DOWN,
1228,7,hammer,B-REPAIR_TOOL_TYPE,PUT_DOWN,
1228,8,inside,B-LOCATION_RELATION,PUT_DOWN,
1228,9,the,O,PUT_DOWN,
1228,10,drying,B-OBJECT_LOCATION,PUT_DOWN,
1228,11,area,I-OBJECT_LOCATION,PUT_DOWN,
1228,12,next,O,PUT_DOWN,
1228,13,to,O,PUT_DOWN,
1228,14,spray_7,B-OBJECT_ID,PUT_DOWN,
1229,1,put,O,PUT_DOWN,
1229,2,dirty_sneaker_6,B-OBJECT_ID,PUT_DOWN,
1229,3,down,O,PUT_DOWN,
1229,4,now,O,PUT_DOWN,
1230,1,leave,O,PUT_DOWN,
1230,2,the,O,PUT_DOWN,
1230,3,held,O,PUT_DOWN,
1230,4,sandal,B-SHOE_TYPE,PUT_DOWN,
1230,5,on,B-TARGET_LOCATION_RELATION,PUT_DOWN,
1230,6,the,O,PUT_DOWN,
1230,7,floor,B-TARGET_LOCATION,PUT_DOWN,
1231,1,set,O,PUT_DOWN,
1231,2,the,O,PUT_DOWN,
1231,3,sole_glue_3,B-OBJECT_ID,PUT_DOWN,
1231,4,next,B-TARGET_NEXT_TO_RELATION,PUT_DOWN,
1231,5,to,I-TARGET_NEXT_TO_RELATION,PUT_DOWN,
1231,6,the,O,PUT_DOWN,
1231,7,canvas,B-MATERIAL,PUT_DOWN,
1231,8,boot,B-SHOE_TYPE,PUT_DOWN,
1231,9,on,B-LOCATION_RELATION,PUT_DOWN,
1231,10,the,O,PUT_DOWN,
1231,11,bottom,B-OBJECT_LOCATION,PUT_DOWN,
1231,12,shelf,I-OBJECT_LOCATION,PUT_DOWN,
1231,13,down,O,PUT_DOWN,
1231,14,on,B-LOCATION_RELATION,PUT_DOWN,
1231,15,the,O,PUT_DOWN,
1231,16,top,B-OBJECT_LOCATION,PUT_DOWN,
1231,17,shelf,I-OBJECT_LOCATION,PUT_DOWN,
1232,1,drop,O,PUT_DOWN,
1232,2,the,O,PUT_DOWN,
1232,3,brown,B-COLOR,PUT_DOWN,
1232,4,sneaker,B-SHOE_TYPE,PUT_DOWN,
1232,5,on,O,PUT_DOWN,
1232,6,the,O,PUT_DOWN,
1232,7,middle,O,PUT_DOWN,
1232,8,shelf,O,PUT_DOWN,
1232,9,next,B-TARGET_NEXT_TO_RELATION,PUT_DOWN,
1232,10,to,I-TARGET_NEXT_TO_RELATION,PUT_DOWN,
1232,11,the,O,PUT_DOWN,
1232,12,blue,B-COLOR,PUT_DOWN,
1232,13,loafer,B-SHOE_TYPE,PUT_DOWN,
1233,1,put,O,PUT_DOWN,
1233,2,the,O,PUT_DOWN,
1233,3,canvas,B-MATERIAL,PUT_DOWN,
1233,4,sneaker,B-SHOE_TYPE,PUT_DOWN,
1233,5,down,O,PUT_DOWN,
1233,6,in,B-TARGET_LOCATION_RELATION,PUT_DOWN,
1233,7,the,O,PUT_DOWN,
1233,8,drying,B-TARGET_LOCATION,PUT_DOWN,
1233,9,area,I-TARGET_LOCATION,PUT_DOWN,
1234,1,set,O,PUT_DOWN,
1234,2,the,O,PUT_DOWN,
1234,3,rag,B-CLEANING_TOOL_TYPE,PUT_DOWN,
1234,4,next,B-TARGET_NEXT_TO_RELATION,PUT_DOWN,
1234,5,to,I-TARGET_NEXT_TO_RELATION,PUT_DOWN,
1234,6,needle_and_yarn_1,B-OBJECT_ID,PUT_DOWN,
1234,7,in,B-LOCATION_RELATION,PUT_DOWN,
1234,8,the,O,PUT_DOWN,
1234,9,tool,B-OBJECT_LOCATION,PUT_DOWN,
1234,10,area,I-OBJECT_LOCATION,PUT_DOWN,
1234,11,you,O,PUT_DOWN,
1234,12,are,O,PUT_DOWN,
1234,13,holding,O,PUT_DOWN,
1234,14,on,O,PUT_DOWN,
1234,15,the,O,PUT_DOWN,
1234,16,middle,O,PUT_DOWN,
1234,17,shelf,O,PUT_DOWN,
1235,1,put,O,PUT_DOWN,
1235,2,the,O,PUT_DOWN,
1235,3,a,B-CLEANING_STATUS,PUT_DOWN,
1235,4,little,B-CLEANING_STATUS,PUT_DOWN,
1235,5,dirty,B-CLEANING_STATUS,PUT_DOWN,
1235,6,sandal,B-SHOE_TYPE,PUT_DOWN,
1235,7,down,O,PUT_DOWN,
1235,8,now,O,PUT_DOWN,
1236,1,leave,O,PUT_DOWN,
1236,2,the,O,PUT_DOWN,
1236,3,held,O,PUT_DOWN,
1236,4,boot,B-SHOE_TYPE,PUT_DOWN,
1236,5,in,B-TARGET_LOCATION_RELATION,PUT_DOWN,
1236,6,the,O,PUT_DOWN,
1236,7,drying,B-TARGET_LOCATION,PUT_DOWN,
1236,8,area,I-TARGET_LOCATION,PUT_DOWN,
1237,1,put,O,PUT_DOWN,
1237,2,the,O,PUT_DOWN,
1237,3,spray,B-IMPREGNATION_TOOL_TYPE,PUT_DOWN,
1237,4,next,B-TARGET_NEXT_TO_RELATION,PUT_DOWN,
1237,5,to,I-TARGET_NEXT_TO_RELATION,PUT_DOWN,
1237,6,the,O,PUT_DOWN,
1237,7,brown,B-COLOR,PUT_DOWN,
1237,8,sandal,B-SHOE_TYPE,PUT_DOWN,
1237,9,down,O,PUT_DOWN,
1237,10,on,O,PUT_DOWN,
1237,11,the,O,PUT_DOWN,
1237,12,top,O,PUT_DOWN,
1237,13,shelf,O,PUT_DOWN,
1238,1,drop,O,PUT_DOWN,
1238,2,sneaker_1,B-OBJECT_ID,PUT_DOWN,
1238,3,on,B-TARGET_LOCATION_RELATION,PUT_DOWN,
1238,4,the,O,PUT_DOWN,
1238,5,top,B-TARGET_LOCATION,PUT_DOWN,
1238,6,shelf,I-TARGET_LOCATION,PUT_DOWN,
1239,1,drop,O,PUT_DOWN,
1239,2,it,O,PUT_DOWN,
1239,3,on,B-TARGET_LOCATION_RELATION,PUT_DOWN,
1239,4,the,O,PUT_DOWN,
1239,5,top,B-TARGET_LOCATION,PUT_DOWN,
1239,6,shelf,I-TARGET_LOCATION,PUT_DOWN,
1240,1,leave,O,PUT_DOWN,
1240,2,the,O,PUT_DOWN,
1240,3,needle,B-REPAIR_TOOL_TYPE,PUT_DOWN,
1240,4,and,I-REPAIR_TOOL_TYPE,PUT_DOWN,
1240,5,yarn,I-REPAIR_TOOL_TYPE,PUT_DOWN,
1240,6,in,B-TARGET_LOCATION_RELATION,PUT_DOWN,
1240,7,the,O,PUT_DOWN,
1240,8,drying,B-TARGET_LOCATION,PUT_DOWN,
1240,9,area,I-TARGET_LOCATION,PUT_DOWN,
1241,1,take,O,PUT_DOWN,
1241,2,the,O,PUT_DOWN,
1241,3,shoe,O,PUT_DOWN,
1241,4,next,B-TARGET_NEXT_TO_RELATION,PUT_DOWN,
1241,5,to,I-TARGET_NEXT_TO_RELATION,PUT_DOWN,
1241,6,sneaker_12,B-OBJECT_ID,PUT_DOWN,
1241,7,out,O,PUT_DOWN,
1241,8,of,O,PUT_DOWN,
1241,9,your,O,PUT_DOWN,
1241,10,hand,O,PUT_DOWN,
1241,11,and,O,PUT_DOWN,
1241,12,put,O,PUT_DOWN,
1241,13,it,O,PUT_DOWN,
1241,14,on,O,PUT_DOWN,
1241,15,the,O,PUT_DOWN,
1241,16,bottom,O,PUT_DOWN,
1241,17,shelf,O,PUT_DOWN,
1242,1,leave,O,PUT_DOWN,
1242,2,the,O,PUT_DOWN,
1242,3,held,O,PUT_DOWN,
1242,4,boot,B-SHOE_TYPE,PUT_DOWN,
1242,5,on,B-TARGET_LOCATION_RELATION,PUT_DOWN,
1242,6,the,O,PUT_DOWN,
1242,7,bottom,B-TARGET_LOCATION,PUT_DOWN,
1242,8,shelf,I-TARGET_LOCATION,PUT_DOWN,
1243,1,take,O,PUT_DOWN,
1243,2,the,O,PUT_DOWN,
1243,3,spare,O,PUT_DOWN,
1243,4,brush_6,B-OBJECT_ID,PUT_DOWN,
1243,5,out,O,PUT_DOWN,
1243,6,of,O,PUT_DOWN,
1243,7,your,O,PUT_DOWN,
1243,8,hand,O,PUT_DOWN,
1243,9,and,O,PUT_DOWN,
1243,10,put,O,PUT_DOWN,
1243,11,it,O,PUT_DOWN,
1243,12,on,B-TARGET_LOCATION_RELATION,PUT_DOWN,
1243,13,the,O,PUT_DOWN,
1243,14,top,B-TARGET_LOCATION,PUT_DOWN,
1243,15,shelf,I-TARGET_LOCATION,PUT_DOWN,
1244,1,put,O,PUT_DOWN,
1244,2,down,O,PUT_DOWN,
1244,3,the,O,PUT_DOWN,
1244,4,clean,B-CLEANING_STATUS,PUT_DOWN,
1244,5,shoe,O,PUT_DOWN,
1244,6,next,B-TARGET_NEXT_TO_RELATION,PUT_DOWN,
1244,7,to,I-TARGET_NEXT_TO_RELATION,PUT_DOWN,
1244,8,the,O,PUT_DOWN,
1244,9,cleaning,O,PUT_DOWN,
1244,10,brush,B-CLEANING_TOOL_TYPE,PUT_DOWN,
1244,11,on,B-LOCATION_RELATION,PUT_DOWN,
1244,12,the,O,PUT_DOWN,
1244,13,floor,B-OBJECT_LOCATION,PUT_DOWN,
1245,1,put,O,PUT_DOWN,
1245,2,the,O,PUT_DOWN,
1245,3,yellow,B-COLOR,PUT_DOWN,
1245,4,boot_6,B-OBJECT_ID,PUT_DOWN,
1245,5,down,O,PUT_DOWN,
1245,6,on,B-TARGET_LOCATION_RELATION,PUT_DOWN,
1245,7,the,O,PUT_DOWN,
1245,8,top,B-TARGET_LOCATION,PUT_DOWN,
1245,9,shelf,I-TARGET_LOCATION,PUT_DOWN,
1246,1,release,O,PUT_DOWN,
1246,2,cream_6,B-OBJECT_ID,PUT_DOWN,
1246,3,into,B-TARGET_LOCATION_RELATION,PUT_DOWN,
1246,4,the,O,PUT_DOWN,
1246,5,drying,B-TARGET_LOCATION,PUT_DOWN,
1246,6,area,I-TARGET_LOCATION,PUT_DOWN,
1247,1,put,O,PUT_DOWN,
1247,2,the,O,PUT_DOWN,
1247,3,sneaker_7,B-OBJECT_ID,PUT_DOWN,
1247,4,next,B-TARGET_NEXT_TO_RELATION,PUT_DOWN,
1247,5,to,I-TARGET_NEXT_TO_RELATION,PUT_DOWN,
1247,6,spray_7,B-OBJECT_ID,PUT_DOWN,
1247,7,down,O,PUT_DOWN,
1247,8,now,O,PUT_DOWN,
1248,1,set,O,PUT_DOWN,
1248,2,leather_shoe_4,B-OBJECT_ID,PUT_DOWN,
1248,3,on,B-TARGET_LOCATION_RELATION,PUT_DOWN,
1248,4,the,O,PUT_DOWN,
1248,5,floor,B-TARGET_LOCATION,PUT_DOWN,
1248,6,and,O,PUT_DOWN,
1248,7,release,O,PUT_DOWN,
1248,8,it,O,PUT_DOWN,
1249,1,leave,O,PUT_DOWN,
1249,2,the,O,PUT_DOWN,
1249,3,sole,B-REPAIR_TOOL_TYPE,PUT_DOWN,
1249,4,hammer,I-REPAIR_TOOL_TYPE,PUT_DOWN,
1249,5,there,O,PUT_DOWN,
1249,6,on,B-TARGET_LOCATION_RELATION,PUT_DOWN,
1249,7,the,O,PUT_DOWN,
1249,8,top,B-TARGET_LOCATION,PUT_DOWN,
1249,9,shelf,I-TARGET_LOCATION,PUT_DOWN,
1250,1,put,O,PUT_DOWN,
1250,2,it,O,PUT_DOWN,
1250,3,down,O,PUT_DOWN,
1250,4,on,B-TARGET_LOCATION_RELATION,PUT_DOWN,
1250,5,the,O,PUT_DOWN,
1250,6,floor,B-TARGET_LOCATION,PUT_DOWN,
1251,1,drop,O,PUT_DOWN,
1251,2,the,O,PUT_DOWN,
1251,3,medium,B-CLEANING_STATUS,PUT_DOWN,
1251,4,dirty,I-CLEANING_STATUS,PUT_DOWN,
1251,5,shoe,B-SHOE_TYPE,PUT_DOWN,
1251,6,next,B-TARGET_NEXT_TO_RELATION,PUT_DOWN,
1251,7,to,I-TARGET_NEXT_TO_RELATION,PUT_DOWN,
1251,8,the,O,PUT_DOWN,
1251,9,sole,B-REPAIR_TOOL_TYPE,PUT_DOWN,
1251,10,hammer,I-REPAIR_TOOL_TYPE,PUT_DOWN,
1251,11,you,O,PUT_DOWN,
1251,12,have,O,PUT_DOWN,
1251,13,in,B-LOCATION_RELATION,PUT_DOWN,
1251,14,the,O,PUT_DOWN,
1251,15,drying,B-OBJECT_LOCATION,PUT_DOWN,
1251,16,area,I-OBJECT_LOCATION,PUT_DOWN,
1252,1,drop,O,PUT_DOWN,
1252,2,the,O,PUT_DOWN,
1252,3,cleaner,B-CLEANING_TOOL_TYPE,PUT_DOWN,
1252,4,on,B-TARGET_LOCATION_RELATION,PUT_DOWN,
1252,5,the,O,PUT_DOWN,
1252,6,middle,B-TARGET_LOCATION,PUT_DOWN,
1252,7,shelf,I-TARGET_LOCATION,PUT_DOWN,
1253,1,release,O,PUT_DOWN,
1253,2,the,O,PUT_DOWN,
1253,3,red,B-COLOR,PUT_DOWN,
1253,4,sandal,B-SHOE_TYPE,PUT_DOWN,
1253,5,onto,B-TARGET_LOCATION_RELATION,PUT_DOWN,
1253,6,the,O,PUT_DOWN,
1253,7,bottom,B-TARGET_LOCATION,PUT_DOWN,
1253,8,shelf,I-TARGET_LOCATION,PUT_DOWN,
1254,1,release,O,PUT_DOWN,
1254,2,brown_boot_6,B-OBJECT_ID,PUT_DOWN,
1254,3,next,B-TARGET_NEXT_TO_RELATION,PUT_DOWN,
1254,4,to,I-TARGET_NEXT_TO_RELATION,PUT_DOWN,
1254,5,the,O,PUT_DOWN,
1254,6,black,B-COLOR,PUT_DOWN,
1254,7,boot,B-SHOE_TYPE,PUT_DOWN,
1254,8,in,B-LOCATION_RELATION,PUT_DOWN,
1254,9,the,O,PUT_DOWN,
1254,10,drying,B-OBJECT_LOCATION,PUT_DOWN,
1254,11,area,I-OBJECT_LOCATION,PUT_DOWN,
1254,12,onto,O,PUT_DOWN,
1254,13,the,O,PUT_DOWN,
1254,14,floor,O,PUT_DOWN,
1255,1,could,O,PUT_DOWN,
1255,2,you,O,PUT_DOWN,
1255,3,put,O,PUT_DOWN,
1255,4,red_shoe_8,B-OBJECT_ID,PUT_DOWN,
1255,5,down,O,PUT_DOWN,
1255,6,on,B-TARGET_LOCATION_RELATION,PUT_DOWN,
1255,7,the,O,PUT_DOWN,
1255,8,top,B-TARGET_LOCATION,PUT_DOWN,
1255,9,shelf,I-TARGET_LOCATION,PUT_DOWN,
1256,1,release,O,PUT_DOWN,
1256,2,the,O,PUT_DOWN,
1256,3,black,B-COLOR,PUT_DOWN,
1256,4,boot,B-SHOE_TYPE,PUT_DOWN,
1256,5,onto,B-TARGET_LOCATION_RELATION,PUT_DOWN,
1256,6,the,O,PUT_DOWN,
1256,7,top,B-TARGET_LOCATION,PUT_DOWN,
1256,8,shelf,I-TARGET_LOCATION,PUT_DOWN,
1257,1,set,O,PUT_DOWN,
1257,2,down,O,PUT_DOWN,
1257,3,the,O,PUT_DOWN,
1257,4,black,B-COLOR,PUT_DOWN,
1257,5,leather,B-MATERIAL,PUT_DOWN,
1257,6,sandal,B-SHOE_TYPE,PUT_DOWN,
1257,7,next,B-TARGET_NEXT_TO_RELATION,PUT_DOWN,
1257,8,to,I-TARGET_NEXT_TO_RELATION,PUT_DOWN,
1257,9,rag_4,B-OBJECT_ID,PUT_DOWN,
1257,10,on,B-LOCATION_RELATION,PUT_DOWN,
1257,11,the,O,PUT_DOWN,
1257,12,floor,B-OBJECT_LOCATION,PUT_DOWN,
1257,13,on,O,PUT_DOWN,
1257,14,the,O,PUT_DOWN,
1257,15,floor,O,PUT_DOWN,
1258,1,leave,O,PUT_DOWN,
1258,2,wet_boot_11,B-OBJECT_ID,PUT_DOWN,
1258,3,on,B-TARGET_LOCATION_RELATION,PUT_DOWN,
1258,4,the,O,PUT_DOWN,
1258,5,middle,B-TARGET_LOCATION,PUT_DOWN,
1258,6,shelf,I-TARGET_LOCATION,PUT_DOWN,
1259,1,set,O,PUT_DOWN,
1259,2,the,O,PUT_DOWN,
1259,3,green,B-COLOR,PUT_DOWN,
1259,4,boot_8,B-OBJECT_ID,PUT_DOWN,
1259,5,from,O,PUT_DOWN,
1259,6,your,O,PUT_DOWN,
1259,7,hand,O,PUT_DOWN,
1259,8,on,B-TARGET_LOCATION_RELATION,PUT_DOWN,
1259,9,the,O,PUT_DOWN,
1259,10,top,B-TARGET_LOCATION,PUT_DOWN,
1259,11,shelf,I-TARGET_LOCATION,PUT_DOWN,
1260,1,set,O,PUT_DOWN,
1260,2,down,O,PUT_DOWN,
1260,3,the,O,PUT_DOWN,
1260,4,green,B-COLOR,PUT_DOWN,
1260,5,boot,B-SHOE_TYPE,PUT_DOWN,
1260,6,in,B-TARGET_LOCATION_RELATION,PUT_DOWN,
1260,7,the,O,PUT_DOWN,
1260,8,drying,B-TARGET_LOCATION,PUT_DOWN,
1260,9,area,I-TARGET_LOCATION,PUT_DOWN,
1261,1,set,O,PUT_DOWN,
1261,2,down,O,PUT_DOWN,
1261,3,the,O,PUT_DOWN,
1261,4,red,B-COLOR,PUT_DOWN,
1261,5,boot,B-SHOE_TYPE,PUT_DOWN,
1261,6,next,B-TARGET_NEXT_TO_RELATION,PUT_DOWN,
1261,7,to,I-TARGET_NEXT_TO_RELATION,PUT_DOWN,
1261,8,cream_5,B-OBJECT_ID,PUT_DOWN,
1261,9,inside,B-LOCATION_RELATION,PUT_DOWN,
1261,10,the,O,PUT_DOWN,
1261,11,tool,B-OBJECT_LOCATION,PUT_DOWN,
1261,12,area,I-OBJECT_LOCATION,PUT_DOWN,
1261,13,on,B-LOCATION_RELATION,PUT_DOWN,
1261,14,the,O,PUT_DOWN,
1261,15,top,B-OBJECT_LOCATION,PUT_DOWN,
1261,16,shelf,I-OBJECT_LOCATION,PUT_DOWN,
1262,1,set,O,PUT_DOWN,
1262,2,the,O,PUT_DOWN,
1262,3,shoe,O,PUT_DOWN,
1262,4,you,O,PUT_DOWN,
1262,5,are,O,PUT_DOWN,
1262,6,holding,O,PUT_DOWN,
1262,7,in,B-TARGET_LOCATION_RELATION,PUT_DOWN,
1262,8,the,O,PUT_DOWN,
1262,9,drying,B-TARGET_LOCATION,PUT_DOWN,
1262,10,area,I-TARGET_LOCATION,PUT_DOWN,
1263,1,put,O,PUT_DOWN,
1263,2,down,O,PUT_DOWN,
1263,3,the,O,PUT_DOWN,
1263,4,shoe,O,PUT_DOWN,
1263,5,in,B-TARGET_LOCATION_RELATION,PUT_DOWN,
1263,6,the,O,PUT_DOWN,
1263,7,drying,B-TARGET_LOCATION,PUT_DOWN,
1263,8,area,I-TARGET_LOCATION,PUT_DOWN,
1264,1,drop,O,PUT_DOWN,
1264,2,the,O,PUT_DOWN,
1264,3,suede,B-MATERIAL,PUT_DOWN,
1264,4,boot_2,B-OBJECT_ID,PUT_DOWN,
1264,5,next,B-TARGET_NEXT_TO_RELATION,PUT_DOWN,
1264,6,to,I-TARGET_NEXT_TO_RELATION,PUT_DOWN,
1264,7,the,O,PUT_DOWN,
1264,8,blue,B-COLOR,PUT_DOWN,
1264,9,sneaker,B-SHOE_TYPE,PUT_DOWN,
1264,10,on,B-LOCATION_RELATION,PUT_DOWN,
1264,11,the,O,PUT_DOWN,
1264,12,middle,B-OBJECT_LOCATION,PUT_DOWN,
1264,13,shelf,I-OBJECT_LOCATION,PUT_DOWN,
1264,14,on,O,PUT_DOWN,
1264,15,the,O,PUT_DOWN,
1264,16,floor,O,PUT_DOWN,
1265,1,release,O,PUT_DOWN,
1265,2,sandal_3,B-OBJECT_ID,PUT_DOWN,
1265,3,onto,B-TARGET_LOCATION_RELATION,PUT_DOWN,
1265,4,the,O,PUT_DOWN,
1265,5,middle,B-TARGET_LOCATION,PUT_DOWN,
1265,6,shelf,I-TARGET_LOCATION,PUT_DOWN,
1266,1,put,O,PUT_DOWN,
1266,2,down,O,PUT_DOWN,
1266,3,the,O,PUT_DOWN,
1266,4,sneaker_12,B-OBJECT_ID,PUT_DOWN,
1266,5,on,B-TARGET_LOCATION_RELATION,PUT_DOWN,
1266,6,the,O,PUT_DOWN,
1266,7,middle,B-TARGET_LOCATION,PUT_DOWN,
1266,8,shelf,I-TARGET_LOCATION,PUT_DOWN,
1267,1,please,O,PUT_DOWN,
1267,2,set,O,PUT_DOWN,
1267,3,the,O,PUT_DOWN,
1267,4,brown,B-COLOR,PUT_DOWN,
1267,5,sandal_4,B-OBJECT_ID,PUT_DOWN,
1267,6,next,B-TARGET_NEXT_TO_RELATION,PUT_DOWN,
1267,7,to,I-TARGET_NEXT_TO_RELATION,PUT_DOWN,
1267,8,sole_glue_3,B-OBJECT_ID,PUT_DOWN,
1267,9,in,B-LOCATION_RELATION,PUT_DOWN,
1267,10,the,O,PUT_DOWN,
1267,11,tool,B-OBJECT_LOCATION,PUT_DOWN,
1267,12,area,I-OBJECT_LOCATION,PUT_DOWN,
1267,13,down,O,PUT_DOWN,
1268,1,set,O,PUT_DOWN,
1268,2,the,O,PUT_DOWN,
1268,3,yellow,B-COLOR,PUT_DOWN,
1268,4,boot,B-SHOE_TYPE,PUT_DOWN,
1268,5,down,O,PUT_DOWN,
1268,6,on,B-TARGET_LOCATION_RELATION,PUT_DOWN,
1268,7,the,O,PUT_DOWN,
1268,8,bottom,B-TARGET_LOCATION,PUT_DOWN,
1268,9,shelf,I-TARGET_LOCATION,PUT_DOWN,
1269,1,set,O,PUT_DOWN,
1269,2,the,O,PUT_DOWN,
1269,3,sandal,B-SHOE_TYPE,PUT_DOWN,
1269,4,down,O,PUT_DOWN,
1269,5,on,B-TARGET_LOCATION_RELATION,PUT_DOWN,
1269,6,the,O,PUT_DOWN,
1269,7,top,B-TARGET_LOCATION,PUT_DOWN,
1269,8,shelf,I-TARGET_LOCATION,PUT_DOWN,
1270,1,could,O,PUT_DOWN,
1270,2,you,O,PUT_DOWN,
1270,3,release,O,PUT_DOWN,
1270,4,rag_4,B-OBJECT_ID,PUT_DOWN,
1270,5,in,O,PUT_DOWN,
1270,6,the,O,PUT_DOWN,
1270,7,drying,O,PUT_DOWN,
1270,8,area,O,PUT_DOWN,
1270,9,next,B-TARGET_NEXT_TO_RELATION,PUT_DOWN,
1270,10,to,I-TARGET_NEXT_TO_RELATION,PUT_DOWN,
1270,11,the,O,PUT_DOWN,
1270,12,red,B-COLOR,PUT_DOWN,
1270,13,boot,B-SHOE_TYPE,PUT_DOWN,
1270,14,onto,B-TARGET_LOCATION_RELATION,PUT_DOWN,
1270,15,the,O,PUT_DOWN,
1270,16,floor,B-TARGET_LOCATION,PUT_DOWN,
1270,17,for,O,PUT_DOWN,
1270,18,now,O,PUT_DOWN,
1271,1,please,O,PUT_DOWN,
1271,2,put,O,PUT_DOWN,
1271,3,the,O,PUT_DOWN,
1271,4,repair,O,PUT_DOWN,
1271,5,hammer,B-REPAIR_TOOL_TYPE,PUT_DOWN,
1271,6,down,O,PUT_DOWN,
1271,7,on,B-TARGET_LOCATION_RELATION,PUT_DOWN,
1271,8,the,O,PUT_DOWN,
1271,9,tool,B-TARGET_LOCATION,PUT_DOWN,
1271,10,area,I-TARGET_LOCATION,PUT_DOWN,
1272,1,set,O,PUT_DOWN,
1272,2,brush_12,B-OBJECT_ID,PUT_DOWN,
1272,3,somewhere,O,PUT_DOWN,
1272,4,safe,O,PUT_DOWN,
1272,5,preferably,O,PUT_DOWN,
1272,6,the,O,PUT_DOWN,
1272,7,middle,B-TARGET_LOCATION,PUT_DOWN,
1272,8,shelf,I-TARGET_LOCATION,PUT_DOWN,
1273,1,I,O,PUT_DOWN,
1273,2,am,O,PUT_DOWN,
1273,3,finished,O,PUT_DOWN,
1273,4,holding,O,PUT_DOWN,
1273,5,spray_7,B-OBJECT_ID,PUT_DOWN,
1273,6,on,O,PUT_DOWN,
1273,7,the,O,PUT_DOWN,
1273,8,top,O,PUT_DOWN,
1273,9,shelf,O,PUT_DOWN,
1273,10,next,B-TARGET_NEXT_TO_RELATION,PUT_DOWN,
1273,11,to,I-TARGET_NEXT_TO_RELATION,PUT_DOWN,
1273,12,brush_12,B-OBJECT_ID,PUT_DOWN,
1273,13,leave,O,PUT_DOWN,
1273,14,it,O,PUT_DOWN,
1273,15,in,O,PUT_DOWN,
1273,16,the,O,PUT_DOWN,
1273,17,tool,O,PUT_DOWN,
1273,18,area,O,PUT_DOWN,
1274,1,sole_glue_3,B-OBJECT_ID,PUT_DOWN,
1274,2,can,O,PUT_DOWN,
1274,3,be,O,PUT_DOWN,
1274,4,laid,O,PUT_DOWN,
1274,5,down,O,PUT_DOWN,
1274,6,next,B-TARGET_NEXT_TO_RELATION,PUT_DOWN,
1274,7,to,I-TARGET_NEXT_TO_RELATION,PUT_DOWN,
1274,8,the,O,PUT_DOWN,
1274,9,repair,O,PUT_DOWN,
1274,10,tools,O,PUT_DOWN,
1275,1,please,O,PUT_DOWN,
1275,2,drop,O,PUT_DOWN,
1275,3,the,O,PUT_DOWN,
1275,4,red,O,PUT_DOWN,
1275,5,cleaner,B-CLEANING_TOOL_TYPE,PUT_DOWN,
1275,6,gently,O,PUT_DOWN,
1275,7,on,B-TARGET_LOCATION_RELATION,PUT_DOWN,
1275,8,the,O,PUT_DOWN,
1275,9,bottom,B-TARGET_LOCATION,PUT_DOWN,
1275,10,shelf,I-TARGET_LOCATION,PUT_DOWN,
1276,1,put,O,PUT_DOWN,
1276,2,down,O,PUT_DOWN,
1276,3,the,O,PUT_DOWN,
1276,4,blue,B-COLOR,PUT_DOWN,
1276,5,boot_9,B-OBJECT_ID,PUT_DOWN,
1276,6,inside,O,PUT_DOWN,
1276,7,the,O,PUT_DOWN,
1276,8,tool,O,PUT_DOWN,
1276,9,area,O,PUT_DOWN,
1276,10,next,B-TARGET_NEXT_TO_RELATION,PUT_DOWN,
1276,11,to,I-TARGET_NEXT_TO_RELATION,PUT_DOWN,
1276,12,the,O,PUT_DOWN,
1276,13,spray,B-IMPREGNATION_TOOL_TYPE,PUT_DOWN,
1276,14,bottle,O,PUT_DOWN,
1276,15,before,O,PUT_DOWN,
1276,16,doing,O,PUT_DOWN,
1276,17,anything,O,PUT_DOWN,
1276,18,else,O,PUT_DOWN,
1276,19,with,O,PUT_DOWN,
1276,20,it,O,PUT_DOWN,
1277,1,could,O,PUT_DOWN,
1277,2,you,O,PUT_DOWN,
1277,3,leave,O,PUT_DOWN,
1277,4,the,O,PUT_DOWN,
1277,5,cream_5,B-OBJECT_ID,PUT_DOWN,
1277,6,out,O,PUT_DOWN,
1277,7,of,O,PUT_DOWN,
1277,8,the,O,PUT_DOWN,
1277,9,hand,O,PUT_DOWN,
1277,10,next,B-TARGET_NEXT_TO_RELATION,PUT_DOWN,
1277,11,to,I-TARGET_NEXT_TO_RELATION,PUT_DOWN,
1277,12,the,O,PUT_DOWN,
1277,13,black,B-COLOR,PUT_DOWN,
1277,14,sneaker,B-SHOE_TYPE,PUT_DOWN,
1278,1,the,O,PUT_DOWN,
1278,2,needle,B-REPAIR_TOOL_TYPE,PUT_DOWN,
1278,3,and,I-REPAIR_TOOL_TYPE,PUT_DOWN,
1278,4,yarn,I-REPAIR_TOOL_TYPE,PUT_DOWN,
1278,5,should,O,PUT_DOWN,
1278,6,be,O,PUT_DOWN,
1278,7,set,O,PUT_DOWN,
1278,8,down,O,PUT_DOWN,
1278,9,now,O,PUT_DOWN,
1279,1,place,O,PUT_DOWN,
1279,2,the,O,PUT_DOWN,
1279,3,rag,B-CLEANING_TOOL_TYPE,PUT_DOWN,
1279,4,from,O,PUT_DOWN,
1279,5,the,O,PUT_DOWN,
1279,6,middle,O,PUT_DOWN,
1279,7,shelf,O,PUT_DOWN,
1279,8,next,B-TARGET_NEXT_TO_RELATION,PUT_DOWN,
1279,9,to,I-TARGET_NEXT_TO_RELATION,PUT_DOWN,
1279,10,the,O,PUT_DOWN,
1279,11,green,B-COLOR,PUT_DOWN,
1279,12,sandal,B-SHOE_TYPE,PUT_DOWN,
1280,1,use,O,REPAIR,
1280,2,the,O,REPAIR,
1280,3,sole,B-REPAIR_TOOL_TYPE,REPAIR,
1280,4,hammer,I-REPAIR_TOOL_TYPE,REPAIR,
1280,5,on,B-AFTER_SENTENCE_SPLIT,REPAIR,
1280,6,the,O,REPAIR,
1280,7,brown,B-COLOR,REPAIR,
1280,8,sandal_3,B-OBJECT_ID,REPAIR,
1280,9,next,B-NEXT_TO_RELATION,REPAIR,
1280,10,to,I-NEXT_TO_RELATION,REPAIR,
1280,11,the,O,REPAIR,
1280,12,brown,B-COLOR,REPAIR,
1280,13,sandal,B-SHOE_TYPE,REPAIR,
1280,14,to,B-AFTER_SENTENCE_SPLIT,REPAIR,
1280,15,fix,O,REPAIR,
1280,16,the,O,REPAIR,
1280,17,sole,B-REPAIR_TARGET,REPAIR,
1281,1,repair,O,REPAIR,
1281,2,the,O,REPAIR,
1282,1,repair,O,REPAIR,
1282,2,the,O,REPAIR,
1282,3,sole,B-REPAIR_TARGET,REPAIR,
1282,4,of,O,REPAIR,
1282,5,the,O,REPAIR,
1282,6,red,B-COLOR,REPAIR,
1282,7,sandal,B-SHOE_TYPE,REPAIR,
1282,8,with,B-BEFORE_SENTENCE_SPLIT,REPAIR,
1282,9,the,O,REPAIR,
1282,10,sole,B-REPAIR_TOOL_TYPE,REPAIR,
1282,11,glue,I-REPAIR_TOOL_TYPE,REPAIR,
1283,1,repair,O,REPAIR,
1283,2,the,O,REPAIR,
1283,3,sole,B-REPAIR_TARGET,REPAIR,
1283,4,of,O,REPAIR,
1283,5,the,O,REPAIR,
1283,6,yellow,B-COLOR,REPAIR,
1283,7,sneaker,B-SHOE_TYPE,REPAIR,
1283,8,with,B-BEFORE_SENTENCE_SPLIT,REPAIR,
1283,9,the,O,REPAIR,
1283,10,sole,B-REPAIR_TOOL_TYPE,REPAIR,
1283,11,glue,I-REPAIR_TOOL_TYPE,REPAIR,
1284,1,use,O,REPAIR,
1284,2,sole,B-REPAIR_TOOL_TYPE,REPAIR,
1284,3,glue,I-REPAIR_TOOL_TYPE,REPAIR,
1284,4,next,B-NEXT_TO_RELATION,REPAIR,
1284,5,to,I-NEXT_TO_RELATION,REPAIR,
1284,6,sneaker_12,B-OBJECT_ID,REPAIR,
1284,7,to,B-AFTER_SENTENCE_SPLIT,REPAIR,
1284,8,repair,O,REPAIR,
1284,9,the,O,REPAIR,
1284,10,canvas,B-MATERIAL,REPAIR,
1284,11,boot,B-SHOE_TYPE,REPAIR,
1285,1,hammer,B-REPAIR_TOOL_TYPE,REPAIR,
1285,2,the,O,REPAIR,
1285,3,sole,B-REPAIR_TARGET,REPAIR,
1285,4,of,B-AFTER_SENTENCE_SPLIT,REPAIR,
1285,5,the,O,REPAIR,
1285,6,boot,B-SHOE_TYPE,REPAIR,
1285,7,back,O,REPAIR,
1285,8,into,O,REPAIR,
1285,9,shape,O,REPAIR,
1286,1,make,O,REPAIR,
1286,2,the,O,REPAIR,
1286,3,green,B-COLOR,REPAIR,
1286,4,boot,B-SHOE_TYPE,REPAIR,
1286,5,usable,O,REPAIR,
1286,6,again,O,REPAIR,
1286,7,with,B-BEFORE_SENTENCE_SPLIT,REPAIR,
1286,8,the,O,REPAIR,
1286,9,needle,B-REPAIR_TOOL_TYPE,REPAIR,
1286,10,and,I-REPAIR_TOOL_TYPE,REPAIR,
1286,11,yarn,I-REPAIR_TOOL_TYPE,REPAIR,
1287,1,please,O,REPAIR,
1287,2,repair,O,REPAIR,
1287,3,the,O,REPAIR,
1287,4,blue,B-COLOR,REPAIR,
1287,5,rubber,B-MATERIAL,REPAIR,
1287,6,sandal_4,B-OBJECT_ID,REPAIR,
1287,7,next,B-NEXT_TO_RELATION,REPAIR,
1287,8,to,I-NEXT_TO_RELATION,REPAIR,
1287,9,the,O,REPAIR,
1287,10,cleaning,O,REPAIR,
1287,11,brush,B-CLEANING_TOOL_TYPE,REPAIR,
1288,1,repair,O,REPAIR,
1288,2,the,O,REPAIR,
1288,3,material,B-REPAIR_TARGET,REPAIR,
1288,4,damage,O,REPAIR,
1288,5,on,B-AFTER_SENTENCE_SPLIT,REPAIR,
1288,6,the,O,REPAIR,
1288,7,green,B-COLOR,REPAIR,
1288,8,sandal,B-SHOE_TYPE,REPAIR,
1289,1,make,O,REPAIR,
1289,2,the,O,REPAIR,
1289,3,boot,B-SHOE_TYPE,REPAIR,
1289,4,usable,O,REPAIR,
1289,5,again,O,REPAIR,
1289,6,with,B-BEFORE_SENTENCE_SPLIT,REPAIR,
1289,7,the,O,REPAIR,
1289,8,sole,B-REPAIR_TOOL_TYPE,REPAIR,
1289,9,hammer,I-REPAIR_TOOL_TYPE,REPAIR,
1290,1,use,O,REPAIR,
1290,2,sole,B-REPAIR_TOOL_TYPE,REPAIR,
1290,3,glue,I-REPAIR_TOOL_TYPE,REPAIR,
1290,4,next,B-NEXT_TO_RELATION,REPAIR,
1290,5,to,I-NEXT_TO_RELATION,REPAIR,
1290,6,spray_7,B-OBJECT_ID,REPAIR,
1290,7,to,B-AFTER_SENTENCE_SPLIT,REPAIR,
1290,8,repair,O,REPAIR,
1290,9,the,O,REPAIR,
1290,10,red,B-COLOR,REPAIR,
1290,11,sneaker,B-SHOE_TYPE,REPAIR,
1291,1,fix,O,REPAIR,
1291,2,the,O,REPAIR,
1291,3,worn,B-SOLE_STATUS,REPAIR,
1291,4,sole,B-REPAIR_TARGET,REPAIR,
1291,5,of,O,REPAIR,
1291,6,the,O,REPAIR,
1291,7,boot_6,B-OBJECT_ID,REPAIR,
1292,1,mend,O,REPAIR,
1292,2,the,O,REPAIR,
1292,3,material,B-REPAIR_TARGET,REPAIR,
1292,4,of,O,REPAIR,
1292,5,the,O,REPAIR,
1292,6,white,B-COLOR,REPAIR,
1292,7,rubber,B-MATERIAL,REPAIR,
1292,8,sandal,B-SHOE_TYPE,REPAIR,
1292,9,with,B-BEFORE_SENTENCE_SPLIT,REPAIR,
1292,10,needle,B-REPAIR_TOOL_TYPE,REPAIR,
1292,11,and,I-REPAIR_TOOL_TYPE,REPAIR,
1292,12,yarn,I-REPAIR_TOOL_TYPE,REPAIR,
1293,1,fix,O,REPAIR,
1293,2,the,O,REPAIR,
1293,3,loose,B-SOLE_STATUS,REPAIR,
1293,4,sole,B-REPAIR_TARGET,REPAIR,
1293,5,on,O,REPAIR,
1293,6,the,O,REPAIR,
1293,7,blue,B-COLOR,REPAIR,
1293,8,sneaker,B-SHOE_TYPE,REPAIR,
1293,9,with,B-BEFORE_SENTENCE_SPLIT,REPAIR,
1293,10,the,O,REPAIR,
1293,11,sole,B-REPAIR_TOOL_TYPE,REPAIR,
1293,12,glue,I-REPAIR_TOOL_TYPE,REPAIR,
1294,1,use,O,REPAIR,
1294,2,the,O,REPAIR,
1294,3,sole,B-REPAIR_TOOL_TYPE,REPAIR,
1294,4,hammer,I-REPAIR_TOOL_TYPE,REPAIR,
1294,5,on,B-AFTER_SENTENCE_SPLIT,REPAIR,
1294,6,the,O,REPAIR,
1294,7,brown,B-COLOR,REPAIR,
1294,8,leather,B-MATERIAL,REPAIR,
1294,9,sneaker,B-SHOE_TYPE,REPAIR,
1294,10,next,B-NEXT_TO_RELATION,REPAIR,
1294,11,to,I-NEXT_TO_RELATION,REPAIR,
1294,12,the,O,REPAIR,
1294,13,sole,B-REPAIR_TOOL_TYPE,REPAIR,
1294,14,hammer,I-REPAIR_TOOL_TYPE,REPAIR,
1294,15,to,O,REPAIR,
1294,16,fix,O,REPAIR,
1294,17,the,O,REPAIR,
1294,18,sole,B-REPAIR_TARGET,REPAIR,
1295,1,glue,B-REPAIR_TOOL_TYPE,REPAIR,
1295,2,the,O,REPAIR,
1295,3,sole,B-REPAIR_TARGET,REPAIR,
1295,4,back,O,REPAIR,
1295,5,onto,B-AFTER_SENTENCE_SPLIT,REPAIR,
1295,6,the,O,REPAIR,
1295,7,blue,B-COLOR,REPAIR,
1295,8,sneaker,B-SHOE_TYPE,REPAIR,
1296,1,please,O,REPAIR,
1296,2,repair,O,REPAIR,
1296,3,the,O,REPAIR,
1296,4,green,B-COLOR,REPAIR,
1296,5,boot,B-SHOE_TYPE,REPAIR,
1297,1,can,O,REPAIR,
1297,2,you,O,REPAIR,
1297,3,fix,O,REPAIR,
1297,4,the,O,REPAIR,
1297,5,damaged,B-SOLE_STATUS,REPAIR,
1297,6,sole,B-REPAIR_TARGET,REPAIR,
1297,7,on,B-AFTER_SENTENCE_SPLIT,REPAIR,
1297,8,the,O,REPAIR,
1297,9,red,B-COLOR,REPAIR,
1297,10,sneaker,B-SHOE_TYPE,REPAIR,
1297,11,next,B-NEXT_TO_RELATION,REPAIR,
1297,12,to,I-NEXT_TO_RELATION,REPAIR,
1297,13,the,O,REPAIR,
1297,14,black,B-COLOR,REPAIR,
1297,15,boot,B-SHOE_TYPE,REPAIR,
1297,16,in,B-LOCATION_RELATION,REPAIR,
1297,17,the,O,REPAIR,
1297,18,drying,B-OBJECT_LOCATION,REPAIR,
1297,19,area,I-OBJECT_LOCATION,REPAIR,
1298,1,repair,O,REPAIR,
1298,2,the,O,REPAIR,
1298,3,material,B-REPAIR_TARGET,REPAIR,
1298,4,damage,O,REPAIR,
1298,5,on,B-AFTER_SENTENCE_SPLIT,REPAIR,
1298,6,the,O,REPAIR,
1298,7,canvas,B-MATERIAL,REPAIR,
1298,8,sneaker,B-SHOE_TYPE,REPAIR,
1299,1,use,O,REPAIR,
1299,2,sole,B-REPAIR_TOOL_TYPE,REPAIR,
1299,3,glue,I-REPAIR_TOOL_TYPE,REPAIR,
1299,4,to,B-AFTER_SENTENCE_SPLIT,REPAIR,
1299,5,repair,O,REPAIR,
1299,6,the,O,REPAIR,
1299,7,boot_8,B-OBJECT_ID,REPAIR,
1300,1,fix,O,REPAIR,
1300,2,the,O,REPAIR,
1300,3,sandal,B-SHOE_TYPE,REPAIR,
1300,4,next,B-NEXT_TO_RELATION,REPAIR,
1300,5,to,I-NEXT_TO_RELATION,REPAIR,
1300,6,rag_4,B-OBJECT_ID,REPAIR,
1300,7,on,B-LOCATION_RELATION,REPAIR,
1300,8,the,O,REPAIR,
1300,9,floor,B-OBJECT_LOCATION,REPAIR,
1300,10,with,B-BEFORE_SENTENCE_SPLIT,REPAIR,
1300,11,the,O,REPAIR,
1300,12,needle,B-REPAIR_TOOL_TYPE,REPAIR,
1300,13,and,I-REPAIR_TOOL_TYPE,REPAIR,
1300,14,yarn,I-REPAIR_TOOL_TYPE,REPAIR,
1301,1,the,O,REPAIR,
1301,2,sole,B-REPAIR_TARGET,REPAIR,
1301,3,is,O,REPAIR,
1301,4,loose,B-SOLE_STATUS,REPAIR,
1301,5,repair,O,REPAIR,
1301,6,the,O,REPAIR,
1301,7,sandal,B-SHOE_TYPE,REPAIR,
1301,8,with,B-BEFORE_SENTENCE_SPLIT,REPAIR,
1301,9,glue,B-REPAIR_TOOL_TYPE,REPAIR,
1302,1,repair,O,REPAIR,
1302,2,the,O,REPAIR,
1302,3,sole,B-REPAIR_TARGET,REPAIR,
1303,1,please,O,REPAIR,
1303,2,repair,O,REPAIR,
1303,3,the,O,REPAIR,
1303,4,leather,B-MATERIAL,REPAIR,
1303,5,boot,B-SHOE_TYPE,REPAIR,
1304,1,make,O,REPAIR,
1304,2,the,O,REPAIR,
1304,3,black,B-COLOR,REPAIR,
1304,4,sneaker,B-SHOE_TYPE,REPAIR,
1304,5,usable,O,REPAIR,
1304,6,again,O,REPAIR,
1304,7,with,B-BEFORE_SENTENCE_SPLIT,REPAIR,
1304,8,the,O,REPAIR,
1304,9,sole,B-REPAIR_TOOL_TYPE,REPAIR,
1304,10,glue,I-REPAIR_TOOL_TYPE,REPAIR,
1304,11,next,B-NEXT_TO_RELATION,REPAIR,
1304,12,to,I-NEXT_TO_RELATION,REPAIR,
1304,13,cream_5,B-OBJECT_ID,REPAIR,
1304,14,inside,B-LOCATION_RELATION,REPAIR,
1304,15,the,O,REPAIR,
1304,16,tool,B-OBJECT_LOCATION,REPAIR,
1304,17,area,I-OBJECT_LOCATION,REPAIR,
1305,1,fix,O,REPAIR,
1305,2,the,O,REPAIR,
1305,3,broken,B-SOLE_STATUS,REPAIR,
1305,4,part,O,REPAIR,
1305,5,of,O,REPAIR,
1305,6,the,O,REPAIR,
1305,7,blue,B-COLOR,REPAIR,
1305,8,sneaker,B-SHOE_TYPE,REPAIR,
1306,1,use,O,REPAIR,
1306,2,sole,B-REPAIR_TOOL_TYPE,REPAIR,
1306,3,glue,I-REPAIR_TOOL_TYPE,REPAIR,
1306,4,to,B-AFTER_SENTENCE_SPLIT,REPAIR,
1306,5,repair,O,REPAIR,
1306,6,the,O,REPAIR,
1306,7,red,B-COLOR,REPAIR,
1306,8,rubber,B-MATERIAL,REPAIR,
1306,9,sandal,B-SHOE_TYPE,REPAIR,
1307,1,use,O,REPAIR,
1307,2,the,O,REPAIR,
1307,3,sole,B-REPAIR_TOOL_TYPE,REPAIR,
1307,4,hammer,I-REPAIR_TOOL_TYPE,REPAIR,
1307,5,on,B-AFTER_SENTENCE_SPLIT,REPAIR,
1307,6,the,O,REPAIR,
1307,7,sneaker_4,B-OBJECT_ID,REPAIR,
1307,8,next,B-NEXT_TO_RELATION,REPAIR,
1307,9,to,I-NEXT_TO_RELATION,REPAIR,
1307,10,the,O,REPAIR,
1307,11,blue,B-COLOR,REPAIR,
1307,12,sneaker,B-SHOE_TYPE,REPAIR,
1307,13,on,B-LOCATION_RELATION,REPAIR,
1307,14,the,O,REPAIR,
1307,15,middle,B-OBJECT_LOCATION,REPAIR,
1307,16,shelf,I-OBJECT_LOCATION,REPAIR,
1307,17,to,O,REPAIR,
1307,18,fix,O,REPAIR,
1307,19,the,O,REPAIR,
1307,20,sole,B-REPAIR_TARGET,REPAIR,
1308,1,use,O,REPAIR,
1308,2,the,O,REPAIR,
1308,3,sole,B-REPAIR_TOOL_TYPE,REPAIR,
1308,4,hammer,I-REPAIR_TOOL_TYPE,REPAIR,
1308,5,on,B-AFTER_SENTENCE_SPLIT,REPAIR,
1308,6,the,O,REPAIR,
1308,7,white,B-COLOR,REPAIR,
1308,8,sandal_9,B-OBJECT_ID,REPAIR,
1308,9,to,O,REPAIR,
1308,10,fix,O,REPAIR,
1308,11,the,O,REPAIR,
1308,12,sole,B-REPAIR_TARGET,REPAIR,
1309,1,the,O,REPAIR,
1309,2,sole,B-REPAIR_TARGET,REPAIR,
1309,3,is,O,REPAIR,
1309,4,loose,B-SOLE_STATUS,REPAIR,
1309,5,repair,O,REPAIR,
1309,6,rubber_sandal_6,B-OBJECT_ID,REPAIR,
1309,7,with,B-BEFORE_SENTENCE_SPLIT,REPAIR,
1309,8,glue,B-REPAIR_TOOL_TYPE,REPAIR,
1310,1,use,O,REPAIR,
1310,2,the,O,REPAIR,
1310,3,sole,B-REPAIR_TOOL_TYPE,REPAIR,
1310,4,hammer,I-REPAIR_TOOL_TYPE,REPAIR,
1310,5,next,B-NEXT_TO_RELATION,REPAIR,
1310,6,to,I-NEXT_TO_RELATION,REPAIR,
1310,7,sole_glue_3,B-OBJECT_ID,REPAIR,
1310,8,in,B-LOCATION_RELATION,REPAIR,
1310,9,the,O,REPAIR,
1310,10,tool,B-OBJECT_LOCATION,REPAIR,
1310,11,area,I-OBJECT_LOCATION,REPAIR,
1310,12,on,B-AFTER_SENTENCE_SPLIT,REPAIR,
1310,13,the,O,REPAIR,
1310,14,yellow,B-COLOR,REPAIR,
1310,15,boot,B-SHOE_TYPE,REPAIR,
1310,16,to,O,REPAIR,
1310,17,fix,O,REPAIR,
1310,18,the,O,REPAIR,
1310,19,sole,B-REPAIR_TARGET,REPAIR,
1311,1,can,O,REPAIR,
1311,2,you,O,REPAIR,
1311,3,fix,O,REPAIR,
1311,4,the,O,REPAIR,
1311,5,broken,B-SOLE_STATUS,REPAIR,
1311,6,sole,B-REPAIR_TARGET,REPAIR,
1311,7,on,B-AFTER_SENTENCE_SPLIT,REPAIR,
1311,8,the,O,REPAIR,
1311,9,brown,B-COLOR,REPAIR,
1311,10,suede,B-MATERIAL,REPAIR,
1311,11,sneaker,B-SHOE_TYPE,REPAIR,
1312,1,use,O,REPAIR,
1312,2,the,O,REPAIR,
1312,3,sole,B-REPAIR_TOOL_TYPE,REPAIR,
1312,4,hammer,I-REPAIR_TOOL_TYPE,REPAIR,
1312,5,on,B-AFTER_SENTENCE_SPLIT,REPAIR,
1312,6,the,O,REPAIR,
1312,7,yellow,B-COLOR,REPAIR,
1312,8,sneaker,B-SHOE_TYPE,REPAIR,
1312,9,to,O,REPAIR,
1312,10,fix,O,REPAIR,
1312,11,the,O,REPAIR,
1312,12,sole,B-REPAIR_TARGET,REPAIR,
1313,1,patch,O,REPAIR,
1313,2,the,O,REPAIR,
1313,3,scratched,B-MATERIAL_STATUS,REPAIR,
1313,4,material,B-REPAIR_TARGET,REPAIR,
1313,5,on,B-AFTER_SENTENCE_SPLIT,REPAIR,
1313,6,the,O,REPAIR,
1313,7,sneaker,B-SHOE_TYPE,REPAIR,
1313,8,in,B-LOCATION_RELATION,REPAIR,
1313,9,the,O,REPAIR,
1313,10,drying,B-OBJECT_LOCATION,REPAIR,
1313,11,area,I-OBJECT_LOCATION,REPAIR,
1313,12,next,B-NEXT_TO_RELATION,REPAIR,
1313,13,to,I-NEXT_TO_RELATION,REPAIR,
1313,14,the,O,REPAIR,
1313,15,red,B-COLOR,REPAIR,
1313,16,boot,B-SHOE_TYPE,REPAIR,
1314,1,use,O,REPAIR,
1314,2,sole,B-REPAIR_TOOL_TYPE,REPAIR,
1314,3,glue,I-REPAIR_TOOL_TYPE,REPAIR,
1314,4,to,B-AFTER_SENTENCE_SPLIT,REPAIR,
1314,5,repair,O,REPAIR,
1314,6,the,O,REPAIR,
1314,7,brown,B-COLOR,REPAIR,
1314,8,sandal,B-SHOE_TYPE,REPAIR,
1315,1,sew,O,REPAIR,
1315,2,the,O,REPAIR,
1315,3,cracked,B-MATERIAL_STATUS,REPAIR,
1315,4,material,B-REPAIR_TARGET,REPAIR,
1315,5,on,B-AFTER_SENTENCE_SPLIT,REPAIR,
1315,6,the,O,REPAIR,
1315,7,brown,B-COLOR,REPAIR,
1315,8,sandal,B-SHOE_TYPE,REPAIR,
1315,9,with,B-BEFORE_SENTENCE_SPLIT,REPAIR,
1315,10,needle,B-REPAIR_TOOL_TYPE,REPAIR,
1315,11,and,I-REPAIR_TOOL_TYPE,REPAIR,
1315,12,yarn,I-REPAIR_TOOL_TYPE,REPAIR,
1316,1,fix,O,REPAIR,
1316,2,the,O,REPAIR,
1316,3,broken,B-SOLE_STATUS,REPAIR,
1316,4,part,O,REPAIR,
1316,5,of,O,REPAIR,
1316,6,the,O,REPAIR,
1316,7,black,B-COLOR,REPAIR,
1316,8,boot,B-SHOE_TYPE,REPAIR,
1317,1,repair,O,REPAIR,
1317,2,the,O,REPAIR,
1317,3,sandal_4,B-OBJECT_ID,REPAIR,
1317,4,with,B-BEFORE_SENTENCE_SPLIT,REPAIR,
1317,5,the,O,REPAIR,
1317,6,sole,B-REPAIR_TOOL_TYPE,REPAIR,
1317,7,hammer,I-REPAIR_TOOL_TYPE,REPAIR,
1317,8,on,B-LOCATION_RELATION,REPAIR,
1317,9,the,O,REPAIR,
1317,10,top,B-OBJECT_LOCATION,REPAIR,
1317,11,shelf,I-OBJECT_LOCATION,REPAIR,
1317,12,next,B-NEXT_TO_RELATION,REPAIR,
1317,13,to,I-NEXT_TO_RELATION,REPAIR,
1317,14,brush_12,B-OBJECT_ID,REPAIR,
1318,1,sew,O,REPAIR,
1318,2,the,O,REPAIR,
1318,3,cracked,B-MATERIAL_STATUS,REPAIR,
1318,4,material,B-REPAIR_TARGET,REPAIR,
1318,5,on,O,REPAIR,
1318,6,sneaker_1,B-OBJECT_ID,REPAIR,
1318,7,with,B-BEFORE_SENTENCE_SPLIT,REPAIR,
1318,8,needle,B-REPAIR_TOOL_TYPE,REPAIR,
1318,9,and,I-REPAIR_TOOL_TYPE,REPAIR,
1318,10,yarn,I-REPAIR_TOOL_TYPE,REPAIR,
1319,1,fix,O,REPAIR,
1319,2,the,O,REPAIR,
1319,3,broken,B-SOLE_STATUS,REPAIR,
1319,4,part,O,REPAIR,
1319,5,of,O,REPAIR,
1319,6,the,O,REPAIR,
1319,7,black,B-COLOR,REPAIR,
1319,8,rubber,B-MATERIAL,REPAIR,
1319,9,boot_3,B-OBJECT_ID,REPAIR,
1320,1,can,O,REPAIR,
1320,2,you,O,REPAIR,
1320,3,fix,O,REPAIR,
1320,4,the,O,REPAIR,
1320,5,damaged,B-SOLE_STATUS,REPAIR,
1320,6,sole,B-REPAIR_TARGET,REPAIR,
1320,7,on,O,REPAIR,
1320,8,the,O,REPAIR,
1320,9,red,B-COLOR,REPAIR,
1320,10,boot,B-SHOE_TYPE,REPAIR,
1320,11,inside,B-LOCATION_RELATION,REPAIR,
1320,12,the,O,REPAIR,
1320,13,tool,B-OBJECT_LOCATION,REPAIR,
1320,14,area,I-OBJECT_LOCATION,REPAIR,
1320,15,next,B-NEXT_TO_RELATION,REPAIR,
1320,16,to,I-NEXT_TO_RELATION,REPAIR,
1320,17,the,O,REPAIR,
1320,18,spray,B-IMPREGNATION_TOOL_TYPE,REPAIR,
1320,19,bottle,O,REPAIR,
1321,1,glue,B-REPAIR_TOOL_TYPE,REPAIR,
1321,2,the,O,REPAIR,
1321,3,sole,B-REPAIR_TARGET,REPAIR,
1322,1,hammer,B-REPAIR_TOOL_TYPE,REPAIR,
1322,2,the,O,REPAIR,
1322,3,sole,B-REPAIR_TARGET,REPAIR,
1322,4,of,B-AFTER_SENTENCE_SPLIT,REPAIR,
1322,5,the,O,REPAIR,
1322,6,sandal_4,B-OBJECT_ID,REPAIR,
1322,7,back,O,REPAIR,
1322,8,into,O,REPAIR,
1322,9,shape,O,REPAIR,
1323,1,fix,O,REPAIR,
1323,2,the,O,REPAIR,
1323,3,green,B-COLOR,REPAIR,
1323,4,rubber,B-MATERIAL,REPAIR,
1323,5,sneaker,B-SHOE_TYPE,REPAIR,
1323,6,with,B-BEFORE_SENTENCE_SPLIT,REPAIR,
1323,7,the,O,REPAIR,
1323,8,needle,B-REPAIR_TOOL_TYPE,REPAIR,
1323,9,and,I-REPAIR_TOOL_TYPE,REPAIR,
1323,10,yarn,I-REPAIR_TOOL_TYPE,REPAIR,
1323,11,from,B-LOCATION_RELATION,REPAIR,
1323,12,the,O,REPAIR,
1323,13,middle,B-OBJECT_LOCATION,REPAIR,
1323,14,shelf,I-OBJECT_LOCATION,REPAIR,
1323,15,next,B-NEXT_TO_RELATION,REPAIR,
1323,16,to,I-NEXT_TO_RELATION,REPAIR,
1323,17,the,O,REPAIR,
1323,18,green,B-COLOR,REPAIR,
1323,19,sandal,B-SHOE_TYPE,REPAIR,
1324,1,can,O,REPAIR,
1324,2,you,O,REPAIR,
1324,3,fix,O,REPAIR,
1324,4,the,O,REPAIR,
1324,5,damaged,B-SOLE_STATUS,REPAIR,
1324,6,sole,B-REPAIR_TARGET,REPAIR,
1324,7,on,O,REPAIR,
1324,8,canvas_sneaker_9,B-OBJECT_ID,REPAIR,
1325,1,hammer,B-REPAIR_TOOL_TYPE,REPAIR,
1325,2,the,O,REPAIR,
1325,3,sole,B-REPAIR_TARGET,REPAIR,
1325,4,of,B-AFTER_SENTENCE_SPLIT,REPAIR,
1325,5,the,O,REPAIR,
1325,6,brown,B-COLOR,REPAIR,
1325,7,suede,B-MATERIAL,REPAIR,
1325,8,sandal,B-SHOE_TYPE,REPAIR,
1325,9,back,O,REPAIR,
1325,10,into,O,REPAIR,
1325,11,shape,O,REPAIR,
1326,1,make,O,REPAIR,
1326,2,the,O,REPAIR,
1326,3,white,B-COLOR,REPAIR,
1326,4,sandal_88,B-OBJECT_ID,REPAIR,
1326,5,on,B-LOCATION_RELATION,REPAIR,
1326,6,the,O,REPAIR,
1326,7,floor,B-OBJECT_LOCATION,REPAIR,
1326,8,next,B-NEXT_TO_RELATION,REPAIR,
1326,9,to,I-NEXT_TO_RELATION,REPAIR,
1326,10,cleaner_3,B-OBJECT_ID,REPAIR,
1326,11,usable,O,REPAIR,
1326,12,again,O,REPAIR,
1326,13,with,B-BEFORE_SENTENCE_SPLIT,REPAIR,
1326,14,the,O,REPAIR,
1326,15,needle,B-REPAIR_TOOL_TYPE,REPAIR,
1326,16,and,I-REPAIR_TOOL_TYPE,REPAIR,
1326,17,yarn,I-REPAIR_TOOL_TYPE,REPAIR,
1327,1,mend,O,REPAIR,
1327,2,the,O,REPAIR,
1327,3,material,B-REPAIR_TARGET,REPAIR,
1327,4,of,O,REPAIR,
1327,5,the,O,REPAIR,
1327,6,low,B-SHOE_HEIGHT,REPAIR,
1327,7,sandal,B-SHOE_TYPE,REPAIR,
1327,8,with,B-BEFORE_SENTENCE_SPLIT,REPAIR,
1327,9,needle,B-REPAIR_TOOL_TYPE,REPAIR,
1327,10,and,I-REPAIR_TOOL_TYPE,REPAIR,
1327,11,yarn,I-REPAIR_TOOL_TYPE,REPAIR,
1328,1,please,O,REPAIR,
1328,2,repair,O,REPAIR,
1328,3,green_sandal_9,B-OBJECT_ID,REPAIR,
1329,1,patch,O,REPAIR,
1329,2,the,O,REPAIR,
1329,3,scratched,B-MATERIAL_STATUS,REPAIR,
1329,4,material,B-REPAIR_TARGET,REPAIR,
1329,5,on,O,REPAIR,
1329,6,the,O,REPAIR,
1329,7,blue,B-COLOR,REPAIR,
1329,8,canvas,B-MATERIAL,REPAIR,
1329,9,sandal,B-SHOE_TYPE,REPAIR,
1329,10,next,B-NEXT_TO_RELATION,REPAIR,
1329,11,to,I-NEXT_TO_RELATION,REPAIR,
1329,12,the,O,REPAIR,
1329,13,hammer,B-REPAIR_TOOL_TYPE,REPAIR,
1329,14,inside,B-LOCATION_RELATION,REPAIR,
1329,15,the,O,REPAIR,
1329,16,drying,B-OBJECT_LOCATION,REPAIR,
1329,17,area,I-OBJECT_LOCATION,REPAIR,
1329,18,next,B-NEXT_TO_RELATION,REPAIR,
1329,19,to,I-NEXT_TO_RELATION,REPAIR,
1329,20,spray_7,B-OBJECT_ID,REPAIR,
1330,1,fix,O,REPAIR,
1330,2,the,O,REPAIR,
1330,3,loose,B-SOLE_STATUS,REPAIR,
1330,4,sole,B-REPAIR_TARGET,REPAIR,
1330,5,on,O,REPAIR,
1330,6,the,O,REPAIR,
1330,7,boot,B-SHOE_TYPE,REPAIR,
1330,8,with,B-BEFORE_SENTENCE_SPLIT,REPAIR,
1330,9,the,O,REPAIR,
1330,10,sole,B-REPAIR_TOOL_TYPE,REPAIR,
1330,11,glue,I-REPAIR_TOOL_TYPE,REPAIR,
1331,1,the,O,REPAIR,
1331,2,sole,B-REPAIR_TARGET,REPAIR,
1331,3,is,O,REPAIR,
1331,4,loose,B-SOLE_STATUS,REPAIR,
1331,5,repair,O,REPAIR,
1331,6,the,O,REPAIR,
1331,7,sneaker,B-SHOE_TYPE,REPAIR,
1331,8,with,B-BEFORE_SENTENCE_SPLIT,REPAIR,
1331,9,glue,B-REPAIR_TOOL_TYPE,REPAIR,
1332,1,fix,O,REPAIR,
1332,2,the,O,REPAIR,
1332,3,blue,B-COLOR,REPAIR,
1332,4,sneaker,B-SHOE_TYPE,REPAIR,
1332,5,next,B-NEXT_TO_RELATION,REPAIR,
1332,6,to,I-NEXT_TO_RELATION,REPAIR,
1332,7,the,O,REPAIR,
1332,8,canvas,B-MATERIAL,REPAIR,
1332,9,boot,B-SHOE_TYPE,REPAIR,
1332,10,on,B-LOCATION_RELATION,REPAIR,
1332,11,the,O,REPAIR,
1332,12,bottom,B-OBJECT_LOCATION,REPAIR,
1332,13,shelf,I-OBJECT_LOCATION,REPAIR,
1332,14,with,B-BEFORE_SENTENCE_SPLIT,REPAIR,
1332,15,the,O,REPAIR,
1332,16,sole,B-REPAIR_TOOL_TYPE,REPAIR,
1332,17,glue,I-REPAIR_TOOL_TYPE,REPAIR,
1333,1,repair,O,REPAIR,
1333,2,dirty_sneaker_6,B-OBJECT_ID,REPAIR,
1333,3,with,B-BEFORE_SENTENCE_SPLIT,REPAIR,
1333,4,the,O,REPAIR,
1333,5,needle,B-REPAIR_TOOL_TYPE,REPAIR,
1333,6,and,I-REPAIR_TOOL_TYPE,REPAIR,
1333,7,yarn,I-REPAIR_TOOL_TYPE,REPAIR,
1334,1,hammer,B-REPAIR_TOOL_TYPE,REPAIR,
1334,2,the,O,REPAIR,
1334,3,sole,B-REPAIR_TARGET,REPAIR,
1334,4,of,B-AFTER_SENTENCE_SPLIT,REPAIR,
1334,5,the,O,REPAIR,
1334,6,green,B-COLOR,REPAIR,
1334,7,rubber,B-MATERIAL,REPAIR,
1334,8,sneaker,B-SHOE_TYPE,REPAIR,
1334,9,back,O,REPAIR,
1334,10,into,O,REPAIR,
1334,11,shape,O,REPAIR,
1335,1,make,O,REPAIR,
1335,2,the,O,REPAIR,
1335,3,yellow,B-COLOR,REPAIR,
1335,4,sandal_3,B-OBJECT_ID,REPAIR,
1335,5,usable,O,REPAIR,
1335,6,again,O,REPAIR,
1335,7,with,B-BEFORE_SENTENCE_SPLIT,REPAIR,
1335,8,the,O,REPAIR,
1335,9,sole,B-REPAIR_TOOL_TYPE,REPAIR,
1335,10,hammer,I-REPAIR_TOOL_TYPE,REPAIR,
1335,11,next,B-NEXT_TO_RELATION,REPAIR,
1335,12,to,I-NEXT_TO_RELATION,REPAIR,
1335,13,needle_and_yarn_1,B-OBJECT_ID,REPAIR,
1335,14,in,B-LOCATION_RELATION,REPAIR,
1335,15,the,O,REPAIR,
1335,16,tool,B-OBJECT_LOCATION,REPAIR,
1335,17,area,I-OBJECT_LOCATION,REPAIR,
1336,1,repair,O,REPAIR,
1336,2,the,O,REPAIR,
1336,3,material,B-REPAIR_TARGET,REPAIR,
1336,4,damage,O,REPAIR,
1336,5,on,O,REPAIR,
1336,6,the,O,REPAIR,
1336,7,yellow,B-COLOR,REPAIR,
1336,8,canvas,B-MATERIAL,REPAIR,
1336,9,sneaker,B-SHOE_TYPE,REPAIR,
1337,1,hammer,B-REPAIR_TOOL_TYPE,REPAIR,
1337,2,the,O,REPAIR,
1337,3,sole,B-REPAIR_TARGET,REPAIR,
1337,4,of,B-AFTER_SENTENCE_SPLIT,REPAIR,
1337,5,the,O,REPAIR,
1337,6,blue,B-COLOR,REPAIR,
1337,7,sneaker,B-SHOE_TYPE,REPAIR,
1337,8,back,O,REPAIR,
1337,9,into,O,REPAIR,
1337,10,shape,O,REPAIR,
1338,1,use,O,REPAIR,
1338,2,sole,B-REPAIR_TOOL_TYPE,REPAIR,
1338,3,glue,I-REPAIR_TOOL_TYPE,REPAIR,
1338,4,to,B-AFTER_SENTENCE_SPLIT,REPAIR,
1338,5,repair,O,REPAIR,
1338,6,the,O,REPAIR,
1338,7,green,B-COLOR,REPAIR,
1338,8,leather,B-MATERIAL,REPAIR,
1338,9,sneaker,B-SHOE_TYPE,REPAIR,
1339,1,fix,O,REPAIR,
1339,2,the,O,REPAIR,
1339,3,leather,B-MATERIAL,REPAIR,
1339,4,sandal_6,B-OBJECT_ID,REPAIR,
1339,5,next,B-NEXT_TO_RELATION,REPAIR,
1339,6,to,I-NEXT_TO_RELATION,REPAIR,
1339,7,the,O,REPAIR,
1339,8,brown,B-COLOR,REPAIR,
1339,9,sandal,B-SHOE_TYPE,REPAIR,
1339,10,with,B-BEFORE_SENTENCE_SPLIT,REPAIR,
1339,11,the,O,REPAIR,
1339,12,needle,B-REPAIR_TOOL_TYPE,REPAIR,
1339,13,and,I-REPAIR_TOOL_TYPE,REPAIR,
1339,14,yarn,I-REPAIR_TOOL_TYPE,REPAIR,
1340,1,mend,O,REPAIR,
1340,2,the,O,REPAIR,
1340,3,material,B-REPAIR_TARGET,REPAIR,
1340,4,of,O,REPAIR,
1340,5,the,O,REPAIR,
1340,6,black,B-COLOR,REPAIR,
1340,7,sneaker,B-SHOE_TYPE,REPAIR,
1340,8,with,B-BEFORE_SENTENCE_SPLIT,REPAIR,
1340,9,needle,B-REPAIR_TOOL_TYPE,REPAIR,
1340,10,and,I-REPAIR_TOOL_TYPE,REPAIR,
1340,11,yarn,I-REPAIR_TOOL_TYPE,REPAIR,
1341,1,repair,O,REPAIR,
1341,2,the,O,REPAIR,
1341,3,sole,B-REPAIR_TARGET,REPAIR,
1341,4,of,O,REPAIR,
1341,5,dirty_sneaker_6,B-OBJECT_ID,REPAIR,
1341,6,with,B-BEFORE_SENTENCE_SPLIT,REPAIR,
1341,7,the,O,REPAIR,
1341,8,sole,B-REPAIR_TOOL_TYPE,REPAIR,
1341,9,glue,I-REPAIR_TOOL_TYPE,REPAIR,
1342,1,the,O,REPAIR,
1342,2,sole,B-REPAIR_TARGET,REPAIR,
1342,3,is,O,REPAIR,
1342,4,loose,B-SOLE_STATUS,REPAIR,
1342,5,repair,O,REPAIR,
1342,6,the,O,REPAIR,
1342,7,rubber,B-MATERIAL,REPAIR,
1342,8,sneaker,B-SHOE_TYPE,REPAIR,
1342,9,with,B-BEFORE_SENTENCE_SPLIT,REPAIR,
1342,10,glue,B-REPAIR_TOOL_TYPE,REPAIR,
1342,11,next,B-NEXT_TO_RELATION,REPAIR,
1342,12,to,I-NEXT_TO_RELATION,REPAIR,
1342,13,sneaker_12,B-OBJECT_ID,REPAIR,
1343,1,use,O,REPAIR,
1343,2,the,O,REPAIR,
1343,3,sole,B-REPAIR_TOOL_TYPE,REPAIR,
1343,4,hammer,I-REPAIR_TOOL_TYPE,REPAIR,
1343,5,on,B-AFTER_SENTENCE_SPLIT,REPAIR,
1343,6,the,O,REPAIR,
1343,7,sandal,B-SHOE_TYPE,REPAIR,
1343,8,to,O,REPAIR,
1343,9,fix,O,REPAIR,
1343,10,the,O,REPAIR,
1343,11,sole,B-REPAIR_TARGET,REPAIR,
1344,1,fix,O,REPAIR,
1344,2,the,O,REPAIR,
1344,3,loose,B-SOLE_STATUS,REPAIR,
1344,4,sole,B-REPAIR_TARGET,REPAIR,
1344,5,on,O,REPAIR,
1344,6,the,O,REPAIR,
1344,7,black,B-COLOR,REPAIR,
1344,8,suede,B-MATERIAL,REPAIR,
1344,9,sandal,B-SHOE_TYPE,REPAIR,
1344,10,with,B-BEFORE_SENTENCE_SPLIT,REPAIR,
1344,11,the,O,REPAIR,
1344,12,sole,B-REPAIR_TOOL_TYPE,REPAIR,
1344,13,glue,I-REPAIR_TOOL_TYPE,REPAIR,
1345,1,repair,O,REPAIR,
1345,2,the,O,REPAIR,
1345,3,black,B-COLOR,REPAIR,
1345,4,suede,B-MATERIAL,REPAIR,
1345,5,sandal,B-SHOE_TYPE,REPAIR,
1345,6,next,B-NEXT_TO_RELATION,REPAIR,
1345,7,to,I-NEXT_TO_RELATION,REPAIR,
1345,8,the,O,REPAIR,
1345,9,cleaning,O,REPAIR,
1345,10,brush,B-CLEANING_TOOL_TYPE,REPAIR,
1345,11,with,B-BEFORE_SENTENCE_SPLIT,REPAIR,
1345,12,the,O,REPAIR,
1345,13,needle,B-REPAIR_TOOL_TYPE,REPAIR,
1345,14,and,I-REPAIR_TOOL_TYPE,REPAIR,
1345,15,yarn,I-REPAIR_TOOL_TYPE,REPAIR,
1346,1,repair,O,REPAIR,
1346,2,the,O,REPAIR,
1346,3,sandal,B-SHOE_TYPE,REPAIR,
1346,4,with,B-BEFORE_SENTENCE_SPLIT,REPAIR,
1346,5,the,O,REPAIR,
1346,6,sole,B-REPAIR_TOOL_TYPE,REPAIR,
1346,7,glue,I-REPAIR_TOOL_TYPE,REPAIR,
1347,1,repair,O,REPAIR,
1347,2,the,O,REPAIR,
1347,3,material,B-REPAIR_TARGET,REPAIR,
1347,4,damage,O,REPAIR,
1347,5,on,B-AFTER_SENTENCE_SPLIT,REPAIR,
1347,6,the,O,REPAIR,
1347,7,red,B-COLOR,REPAIR,
1347,8,sneaker,B-SHOE_TYPE,REPAIR,
1348,1,repair,O,REPAIR,
1348,2,the,O,REPAIR,
1348,3,rubber,B-MATERIAL,REPAIR,
1348,4,sneaker_12,B-OBJECT_ID,REPAIR,
1348,5,with,B-BEFORE_SENTENCE_SPLIT,REPAIR,
1348,6,the,O,REPAIR,
1348,7,needle,B-REPAIR_TOOL_TYPE,REPAIR,
1348,8,and,I-REPAIR_TOOL_TYPE,REPAIR,
1348,9,yarn,I-REPAIR_TOOL_TYPE,REPAIR,
1348,10,next,B-NEXT_TO_RELATION,REPAIR,
1348,11,to,I-NEXT_TO_RELATION,REPAIR,
1348,12,spray_7,B-OBJECT_ID,REPAIR,
1349,1,repair,O,REPAIR,
1349,2,the,O,REPAIR,
1349,3,material,B-REPAIR_TARGET,REPAIR,
1349,4,damage,O,REPAIR,
1349,5,on,O,REPAIR,
1349,6,the,O,REPAIR,
1349,7,sneaker,B-SHOE_TYPE,REPAIR,
1350,1,mend,O,REPAIR,
1350,2,the,O,REPAIR,
1350,3,material,B-REPAIR_TARGET,REPAIR,
1350,4,of,O,REPAIR,
1350,5,the,O,REPAIR,
1350,6,red,B-COLOR,REPAIR,
1350,7,sneaker,B-SHOE_TYPE,REPAIR,
1350,8,with,B-BEFORE_SENTENCE_SPLIT,REPAIR,
1350,9,needle,B-REPAIR_TOOL_TYPE,REPAIR,
1350,10,and,I-REPAIR_TOOL_TYPE,REPAIR,
1350,11,yarn,I-REPAIR_TOOL_TYPE,REPAIR,
1351,1,make,O,REPAIR,
1351,2,the,O,REPAIR,
1351,3,red,B-COLOR,REPAIR,
1351,4,sandal,B-SHOE_TYPE,REPAIR,
1351,5,next,B-NEXT_TO_RELATION,REPAIR,
1351,6,to,I-NEXT_TO_RELATION,REPAIR,
1351,7,the,O,REPAIR,
1351,8,sole,B-REPAIR_TOOL_TYPE,REPAIR,
1351,9,hammer,I-REPAIR_TOOL_TYPE,REPAIR,
1351,10,usable,O,REPAIR,
1351,11,again,O,REPAIR,
1351,12,with,B-BEFORE_SENTENCE_SPLIT,REPAIR,
1351,13,the,O,REPAIR,
1351,14,needle,B-REPAIR_TOOL_TYPE,REPAIR,
1351,15,and,I-REPAIR_TOOL_TYPE,REPAIR,
1351,16,yarn,I-REPAIR_TOOL_TYPE,REPAIR,
1352,1,please,O,REPAIR,
1352,2,repair,O,REPAIR,
1352,3,the,O,REPAIR,
1352,4,green,B-COLOR,REPAIR,
1352,5,rubber,B-MATERIAL,REPAIR,
1352,6,sandal,B-SHOE_TYPE,REPAIR,
1353,1,repair,O,REPAIR,
1353,2,wet_boot_11,B-OBJECT_ID,REPAIR,
1353,3,with,B-BEFORE_SENTENCE_SPLIT,REPAIR,
1353,4,the,O,REPAIR,
1353,5,sole,B-REPAIR_TOOL_TYPE,REPAIR,
1353,6,hammer,I-REPAIR_TOOL_TYPE,REPAIR,
1354,1,repair,O,REPAIR,
1354,2,rubber_sandal_6,B-OBJECT_ID,REPAIR,
1354,3,with,B-BEFORE_SENTENCE_SPLIT,REPAIR,
1354,4,the,O,REPAIR,
1354,5,needle,B-REPAIR_TOOL_TYPE,REPAIR,
1354,6,and,I-REPAIR_TOOL_TYPE,REPAIR,
1354,7,yarn,I-REPAIR_TOOL_TYPE,REPAIR,
1354,8,next,B-NEXT_TO_RELATION,REPAIR,
1354,9,to,I-NEXT_TO_RELATION,REPAIR,
1354,10,the,O,REPAIR,
1354,11,black,B-COLOR,REPAIR,
1354,12,boot,B-SHOE_TYPE,REPAIR,
1354,13,in,B-LOCATION_RELATION,REPAIR,
1354,14,the,O,REPAIR,
1354,15,drying,B-OBJECT_LOCATION,REPAIR,
1354,16,area,I-OBJECT_LOCATION,REPAIR,
1355,1,repair,O,REPAIR,
1355,2,the,O,REPAIR,
1355,3,protected,B-IMPREGNATION_STATUS,REPAIR,
1355,4,shoe,O,REPAIR,
1355,5,sole,B-REPAIR_TARGET,REPAIR,
1355,6,with,B-BEFORE_SENTENCE_SPLIT,REPAIR,
1355,7,the,O,REPAIR,
1355,8,sole,B-REPAIR_TOOL_TYPE,REPAIR,
1355,9,glue,I-REPAIR_TOOL_TYPE,REPAIR,
1356,1,repair,O,REPAIR,
1356,2,the,O,REPAIR,
1356,3,cracked,B-MATERIAL_STATUS,REPAIR,
1356,4,leather,B-MATERIAL,REPAIR,
1356,5,on,O,REPAIR,
1356,6,the,O,REPAIR,
1356,7,boot,B-SHOE_TYPE,REPAIR,
1357,1,repair,O,REPAIR,
1357,2,the,O,REPAIR,
1357,3,loose,B-SOLE_STATUS,REPAIR,
1357,4,sole,B-REPAIR_TARGET,REPAIR,
1357,5,before,O,REPAIR,
1357,6,the,O,REPAIR,
1357,7,walk,O,REPAIR,
1358,1,make,O,REPAIR,
1358,2,the,O,REPAIR,
1358,3,brown,B-COLOR,REPAIR,
1358,4,sandal,B-SHOE_TYPE,REPAIR,
1358,5,next,B-NEXT_TO_RELATION,REPAIR,
1358,6,to,I-NEXT_TO_RELATION,REPAIR,
1358,7,rag_4,B-OBJECT_ID,REPAIR,
1358,8,on,B-LOCATION_RELATION,REPAIR,
1358,9,the,O,REPAIR,
1358,10,floor,B-OBJECT_LOCATION,REPAIR,
1358,11,usable,O,REPAIR,
1358,12,again,O,REPAIR,
1358,13,using,B-BEFORE_SENTENCE_SPLIT,REPAIR,
1358,14,the,O,REPAIR,
1358,15,sole,B-REPAIR_TOOL_TYPE,REPAIR,
1358,16,glue,I-REPAIR_TOOL_TYPE,REPAIR,
1359,1,the,O,REPAIR,
1359,2,sole,B-REPAIR_TARGET,REPAIR,
1359,3,is,O,REPAIR,
1359,4,loose,B-SOLE_STATUS,REPAIR,
1359,5,repair,O,REPAIR,
1359,6,brown_boot_6,B-OBJECT_ID,REPAIR,
1359,7,with,B-BEFORE_SENTENCE_SPLIT,REPAIR,
1359,8,glue,B-REPAIR_TOOL_TYPE,REPAIR,
1360,1,the,O,REPAIR,
1360,2,sneaker,B-SHOE_TYPE,REPAIR,
1360,3,is,O,REPAIR,
1360,4,damaged,O,REPAIR,
1360,5,fix,O,REPAIR,
1360,6,it,O,REPAIR,
1360,7,with,B-BEFORE_SENTENCE_SPLIT,REPAIR,
1360,8,needle,B-REPAIR_TOOL_TYPE,REPAIR,
1360,9,and,I-REPAIR_TOOL_TYPE,REPAIR,
1360,10,yarn,I-REPAIR_TOOL_TYPE,REPAIR,
1361,1,fix,O,REPAIR,
1361,2,the,O,REPAIR,
1361,3,loose,B-SOLE_STATUS,REPAIR,
1361,4,sole,B-REPAIR_TARGET,REPAIR,
1361,5,on,O,REPAIR,
1361,6,the,O,REPAIR,
1361,7,yellow,B-COLOR,REPAIR,
1361,8,boot_3,B-OBJECT_ID,REPAIR,
1361,9,with,B-BEFORE_SENTENCE_SPLIT,REPAIR,
1361,10,the,O,REPAIR,
1361,11,sole,B-REPAIR_TOOL_TYPE,REPAIR,
1361,12,glue,I-REPAIR_TOOL_TYPE,REPAIR,
1362,1,fix,O,REPAIR,
1362,2,the,O,REPAIR,
1362,3,loose,B-SOLE_STATUS,REPAIR,
1362,4,sole,B-REPAIR_TARGET,REPAIR,
1362,5,on,O,REPAIR,
1362,6,leather_boot_3,B-OBJECT_ID,REPAIR,
1362,7,with,B-BEFORE_SENTENCE_SPLIT,REPAIR,
1362,8,the,O,REPAIR,
1362,9,sole,B-REPAIR_TOOL_TYPE,REPAIR,
1362,10,glue,I-REPAIR_TOOL_TYPE,REPAIR,
1362,11,next,B-NEXT_TO_RELATION,REPAIR,
1362,12,to,I-NEXT_TO_RELATION,REPAIR,
1362,13,cream_5,B-OBJECT_ID,REPAIR,
1362,14,inside,B-LOCATION_RELATION,REPAIR,
1362,15,the,O,REPAIR,
1362,16,tool,B-OBJECT_LOCATION,REPAIR,
1362,17,area,I-OBJECT_LOCATION,REPAIR,
1363,1,the,O,REPAIR,
1363,2,sole,B-REPAIR_TARGET,REPAIR,
1363,3,is,O,REPAIR,
1363,4,loose,B-SOLE_STATUS,REPAIR,
1363,5,repair,O,REPAIR,
1363,6,the,O,REPAIR,
1363,7,green,B-COLOR,REPAIR,
1363,8,boot,B-SHOE_TYPE,REPAIR,
1363,9,with,B-BEFORE_SENTENCE_SPLIT,REPAIR,
1363,10,glue,B-REPAIR_TOOL_TYPE,REPAIR,
1364,1,fix,O,REPAIR,
1364,2,the,O,REPAIR,
1364,3,broken,B-SOLE_STATUS,REPAIR,
1364,4,part,O,REPAIR,
1364,5,of,O,REPAIR,
1364,6,the,O,REPAIR,
1364,7,leather,B-MATERIAL,REPAIR,
1364,8,sneaker,B-SHOE_TYPE,REPAIR,
1365,1,make,O,REPAIR,
1365,2,the,O,REPAIR,
1365,3,yellow,B-COLOR,REPAIR,
1365,4,boot,B-SHOE_TYPE,REPAIR,
1365,5,next,B-NEXT_TO_RELATION,REPAIR,
1365,6,to,I-NEXT_TO_RELATION,REPAIR,
1365,7,the,O,REPAIR,
1365,8,blue,B-COLOR,REPAIR,
1365,9,sneaker,B-SHOE_TYPE,REPAIR,
1365,10,on,B-LOCATION_RELATION,REPAIR,
1365,11,the,O,REPAIR,
1365,12,middle,B-OBJECT_LOCATION,REPAIR,
1365,13,shelf,I-OBJECT_LOCATION,REPAIR,
1365,14,usable,O,REPAIR,
1365,15,again,O,REPAIR,
1365,16,with,B-BEFORE_SENTENCE_SPLIT,REPAIR,
1365,17,the,O,REPAIR,
1365,18,needle,B-REPAIR_TOOL_TYPE,REPAIR,
1365,19,and,I-REPAIR_TOOL_TYPE,REPAIR,
1365,20,yarn,I-REPAIR_TOOL_TYPE,REPAIR,
1366,1,use,O,REPAIR,
1366,2,the,O,REPAIR,
1366,3,sole,B-REPAIR_TOOL_TYPE,REPAIR,
1366,4,hammer,I-REPAIR_TOOL_TYPE,REPAIR,
1366,5,on,O,REPAIR,
1366,6,the,O,REPAIR,
1366,7,rubber,B-MATERIAL,REPAIR,
1366,8,boot,B-SHOE_TYPE,REPAIR,
1366,9,to,B-AFTER_SENTENCE_SPLIT,REPAIR,
1366,10,fix,O,REPAIR,
1366,11,the,O,REPAIR,
1366,12,sole,B-REPAIR_TARGET,REPAIR,
1367,1,repair,O,REPAIR,
1367,2,the,O,REPAIR,
1367,3,canvas,B-MATERIAL,REPAIR,
1367,4,boot,B-SHOE_TYPE,REPAIR,
1367,5,with,B-BEFORE_SENTENCE_SPLIT,REPAIR,
1367,6,the,O,REPAIR,
1367,7,needle,B-REPAIR_TOOL_TYPE,REPAIR,
1367,8,and,I-REPAIR_TOOL_TYPE,REPAIR,
1367,9,yarn,I-REPAIR_TOOL_TYPE,REPAIR,
1368,1,patch,O,REPAIR,
1368,2,the,O,REPAIR,
1368,3,scratched,B-MATERIAL_STATUS,REPAIR,
1368,4,material,B-REPAIR_TARGET,REPAIR,
1368,5,on,O,REPAIR,
1368,6,the,O,REPAIR,
1368,7,white,B-COLOR,REPAIR,
1368,8,suede,B-MATERIAL,REPAIR,
1368,9,boot,B-SHOE_TYPE,REPAIR,
1368,10,next,B-NEXT_TO_RELATION,REPAIR,
1368,11,to,I-NEXT_TO_RELATION,REPAIR,
1368,12,sole_glue_3,B-OBJECT_ID,REPAIR,
1368,13,in,B-LOCATION_RELATION,REPAIR,
1368,14,the,O,REPAIR,
1368,15,tool,B-OBJECT_LOCATION,REPAIR,
1368,16,area,I-OBJECT_LOCATION,REPAIR,
1369,1,fix,O,REPAIR,
1369,2,the,O,REPAIR,
1369,3,boot,B-SHOE_TYPE,REPAIR,
1369,4,with,B-BEFORE_SENTENCE_SPLIT,REPAIR,
1370,1,use,O,REPAIR,
1370,2,the,O,REPAIR,
1370,3,sole,B-REPAIR_TOOL_TYPE,REPAIR,
1370,4,hammer,I-REPAIR_TOOL_TYPE,REPAIR,
1370,5,on,B-AFTER_SENTENCE_SPLIT,REPAIR,
1370,6,the,O,REPAIR,
1370,7,green,B-COLOR,REPAIR,
1370,8,sandal_3,B-OBJECT_ID,REPAIR,
1370,9,to,O,REPAIR,
1370,10,fix,O,REPAIR,
1370,11,the,O,REPAIR,
1370,12,sole,B-REPAIR_TARGET,REPAIR,
1371,1,the,O,REPAIR,
1371,2,boot_8,B-OBJECT_ID,REPAIR,
1371,3,in,B-LOCATION_RELATION,REPAIR,
1371,4,the,O,REPAIR,
1371,5,drying,B-OBJECT_LOCATION,REPAIR,
1371,6,area,I-OBJECT_LOCATION,REPAIR,
1371,7,next,B-NEXT_TO_RELATION,REPAIR,
1371,8,to,I-NEXT_TO_RELATION,REPAIR,
1371,9,the,O,REPAIR,
1371,10,red,B-COLOR,REPAIR,
1371,11,boot,B-SHOE_TYPE,REPAIR,
1371,12,is,O,REPAIR,
1371,13,damaged,O,REPAIR,
1371,14,fix,O,REPAIR,
1371,15,it,O,REPAIR,
1371,16,with,B-BEFORE_SENTENCE_SPLIT,REPAIR,
1371,17,the,O,REPAIR,
1371,18,sole,B-REPAIR_TOOL_TYPE,REPAIR,
1371,19,hammer,I-REPAIR_TOOL_TYPE,REPAIR,
1372,1,repair,O,REPAIR,
1372,2,the,O,REPAIR,
1372,3,brown,B-COLOR,REPAIR,
1372,4,sandal,B-SHOE_TYPE,REPAIR,
1372,5,with,B-BEFORE_SENTENCE_SPLIT,REPAIR,
1372,6,the,O,REPAIR,
1372,7,needle,B-REPAIR_TOOL_TYPE,REPAIR,
1372,8,and,I-REPAIR_TOOL_TYPE,REPAIR,
1372,9,yarn,I-REPAIR_TOOL_TYPE,REPAIR,
1373,1,repair,O,REPAIR,
1373,2,the,O,REPAIR,
1373,3,sole,B-REPAIR_TARGET,REPAIR,
1373,4,of,O,REPAIR,
1373,5,the,O,REPAIR,
1373,6,clean,B-CLEANING_STATUS,REPAIR,
1373,7,sneaker,B-SHOE_TYPE,REPAIR,
1373,8,with,B-BEFORE_SENTENCE_SPLIT,REPAIR,
1373,9,the,O,REPAIR,
1373,10,sole,B-REPAIR_TOOL_TYPE,REPAIR,
1373,11,glue,I-REPAIR_TOOL_TYPE,REPAIR,
1374,1,use,O,REPAIR,
1374,2,the,O,REPAIR,
1374,3,sole,B-REPAIR_TOOL_TYPE,REPAIR,
1374,4,hammer,I-REPAIR_TOOL_TYPE,REPAIR,
1374,5,on,B-LOCATION_RELATION,REPAIR,
1374,6,the,O,REPAIR,
1374,7,top,B-OBJECT_LOCATION,REPAIR,
1374,8,shelf,I-OBJECT_LOCATION,REPAIR,
1374,9,next,B-NEXT_TO_RELATION,REPAIR,
1374,10,to,I-NEXT_TO_RELATION,REPAIR,
1374,11,brush_12,B-OBJECT_ID,REPAIR,
1374,12,on,B-AFTER_SENTENCE_SPLIT,REPAIR,
1374,13,the,O,REPAIR,
1374,14,black,B-COLOR,REPAIR,
1374,15,boot,B-SHOE_TYPE,REPAIR,
1374,16,to,O,REPAIR,
1374,17,fix,O,REPAIR,
1374,18,the,O,REPAIR,
1374,19,sole,B-REPAIR_TARGET,REPAIR,
1375,1,repair,O,REPAIR,
1375,2,the,O,REPAIR,
1375,3,material,B-REPAIR_TARGET,REPAIR,
1375,4,damage,O,REPAIR,
1375,5,on,O,REPAIR,
1375,6,the,O,REPAIR,
1375,7,black,B-COLOR,REPAIR,
1375,8,suede,B-MATERIAL,REPAIR,
1375,9,sneaker,B-SHOE_TYPE,REPAIR,
1376,1,repair,O,REPAIR,
1376,2,the,O,REPAIR,
1376,3,material,B-REPAIR_TARGET,REPAIR,
1376,4,damage,O,REPAIR,
1376,5,on,O,REPAIR,
1376,6,the,O,REPAIR,
1376,7,suede,B-MATERIAL,REPAIR,
1376,8,boot,B-SHOE_TYPE,REPAIR,
1377,1,repair,O,REPAIR,
1377,2,the,O,REPAIR,
1377,3,sole,B-REPAIR_TARGET,REPAIR,
1377,4,of,O,REPAIR,
1377,5,the,O,REPAIR,
1377,6,yellow,B-COLOR,REPAIR,
1377,7,mid,B-SHOE_HEIGHT,REPAIR,
1377,8,boot,B-SHOE_TYPE,REPAIR,
1377,9,inside,B-LOCATION_RELATION,REPAIR,
1377,10,the,O,REPAIR,
1377,11,tool,B-OBJECT_LOCATION,REPAIR,
1377,12,area,I-OBJECT_LOCATION,REPAIR,
1377,13,next,B-NEXT_TO_RELATION,REPAIR,
1377,14,to,I-NEXT_TO_RELATION,REPAIR,
1377,15,the,O,REPAIR,
1377,16,spray,B-IMPREGNATION_TOOL_TYPE,REPAIR,
1377,17,bottle,O,REPAIR,
1377,18,with,B-BEFORE_SENTENCE_SPLIT,REPAIR,
1377,19,the,O,REPAIR,
1377,20,sole,B-REPAIR_TOOL_TYPE,REPAIR,
1377,21,glue,I-REPAIR_TOOL_TYPE,REPAIR,
1378,1,please,O,REPAIR,
1378,2,repair,O,REPAIR,
1378,3,the,O,REPAIR,
1378,4,green,B-COLOR,REPAIR,
1378,5,leather,B-MATERIAL,REPAIR,
1378,6,low,B-SHOE_HEIGHT,REPAIR,
1378,7,sandal,B-SHOE_TYPE,REPAIR,
1379,1,use,O,REPAIR,
1379,2,sole,B-REPAIR_TOOL_TYPE,REPAIR,
1379,3,glue,I-REPAIR_TOOL_TYPE,REPAIR,
1379,4,to,B-AFTER_SENTENCE_SPLIT,REPAIR,
1379,5,repair,O,REPAIR,
1379,6,the,O,REPAIR,
1379,7,leather,B-MATERIAL,REPAIR,
1379,8,sandal,B-SHOE_TYPE,REPAIR,
1380,1,can,O,REPAIR,
1380,2,you,O,REPAIR,
1380,3,fix,O,REPAIR,
1380,4,the,O,REPAIR,
1380,5,damaged,B-SOLE_STATUS,REPAIR,
1380,6,sole,B-REPAIR_TARGET,REPAIR,
1380,7,on,B-LOCATION_RELATION,REPAIR,
1380,8,sandal_3,B-OBJECT_ID,REPAIR,
1380,9,from,B-LOCATION_RELATION,REPAIR,
1380,10,the,O,REPAIR,
1380,11,middle,B-OBJECT_LOCATION,REPAIR,
1380,12,shelf,I-OBJECT_LOCATION,REPAIR,
1380,13,next,B-NEXT_TO_RELATION,REPAIR,
1380,14,to,I-NEXT_TO_RELATION,REPAIR,
1380,15,the,O,REPAIR,
1380,16,green,B-COLOR,REPAIR,
1380,17,sandal,B-SHOE_TYPE,REPAIR,
1381,1,repair,O,REPAIR,
1381,2,the,O,REPAIR,
1381,3,material,B-REPAIR_TARGET,REPAIR,
1381,4,damage,O,REPAIR,
1381,5,on,O,REPAIR,
1381,6,the,O,REPAIR,
1381,7,blue,B-COLOR,REPAIR,
1381,8,sandal_88,B-OBJECT_ID,REPAIR,
1382,1,patch,O,REPAIR,
1382,2,the,O,REPAIR,
1382,3,scratched,B-MATERIAL_STATUS,REPAIR,
1382,4,material,B-REPAIR_TARGET,REPAIR,
1382,5,on,O,REPAIR,
1382,6,the,O,REPAIR,
1382,7,white,B-COLOR,REPAIR,
1382,8,sandal_4,B-OBJECT_ID,REPAIR,
1383,1,use,O,REPAIR,
1383,2,sole,B-REPAIR_TOOL_TYPE,REPAIR,
1383,3,glue,I-REPAIR_TOOL_TYPE,REPAIR,
1383,4,to,B-AFTER_SENTENCE_SPLIT,REPAIR,
1383,5,repair,O,REPAIR,
1383,6,the,O,REPAIR,
1383,7,red,B-COLOR,REPAIR,
1383,8,sandal,B-SHOE_TYPE,REPAIR,
1384,1,patch,O,REPAIR,
1384,2,the,O,REPAIR,
1384,3,scratched,B-MATERIAL_STATUS,REPAIR,
1384,4,material,B-REPAIR_TARGET,REPAIR,
1384,5,on,O,REPAIR,
1384,6,the,O,REPAIR,
1384,7,white,B-COLOR,REPAIR,
1384,8,leather,B-MATERIAL,REPAIR,
1384,9,sandal,B-SHOE_TYPE,REPAIR,
1384,10,on,B-LOCATION_RELATION,REPAIR,
1384,11,the,O,REPAIR,
1384,12,floor,B-OBJECT_LOCATION,REPAIR,
1384,13,next,B-NEXT_TO_RELATION,REPAIR,
1384,14,to,I-NEXT_TO_RELATION,REPAIR,
1384,15,cleaner_3,B-OBJECT_ID,REPAIR,
1385,1,make,O,REPAIR,
1385,2,the,O,REPAIR,
1385,3,sandal,B-SHOE_TYPE,REPAIR,
1385,4,usable,O,REPAIR,
1385,5,again,O,REPAIR,
1385,6,with,B-BEFORE_SENTENCE_SPLIT,REPAIR,
1385,7,the,O,REPAIR,
1385,8,sole,B-REPAIR_TOOL_TYPE,REPAIR,
1385,9,glue,I-REPAIR_TOOL_TYPE,REPAIR,
1386,1,can,O,REPAIR,
1386,2,you,O,REPAIR,
1386,3,fix,O,REPAIR,
1386,4,the,O,REPAIR,
1386,5,damaged,B-SOLE_STATUS,REPAIR,
1386,6,sole,B-REPAIR_TARGET,REPAIR,
1386,7,on,O,REPAIR,
1386,8,black_boot_5,B-OBJECT_ID,REPAIR,
1387,1,use,O,REPAIR,
1387,2,sole,B-REPAIR_TOOL_TYPE,REPAIR,
1387,3,glue,I-REPAIR_TOOL_TYPE,REPAIR,
1387,4,to,B-AFTER_SENTENCE_SPLIT,REPAIR,
1387,5,repair,O,REPAIR,
1387,6,leather_boot_3,B-OBJECT_ID,REPAIR,
1387,7,next,B-NEXT_TO_RELATION,REPAIR,
1387,8,to,I-NEXT_TO_RELATION,REPAIR,
1387,9,the,O,REPAIR,
1387,10,hammer,B-REPAIR_TOOL_TYPE,REPAIR,
1387,11,inside,B-LOCATION_RELATION,REPAIR,
1387,12,the,O,REPAIR,
1387,13,drying,B-OBJECT_LOCATION,REPAIR,
1387,14,area,I-OBJECT_LOCATION,REPAIR,
1387,15,next,B-NEXT_TO_RELATION,REPAIR,
1387,16,to,I-NEXT_TO_RELATION,REPAIR,
1387,17,spray_7,B-OBJECT_ID,REPAIR,
1388,1,sew,O,REPAIR,
1388,2,the,O,REPAIR,
1388,3,cracked,B-MATERIAL_STATUS,REPAIR,
1388,4,material,B-REPAIR_TARGET,REPAIR,
1388,5,on,O,REPAIR,
1388,6,the,O,REPAIR,
1388,7,high,B-SHOE_HEIGHT,REPAIR,
1388,8,boot,B-SHOE_TYPE,REPAIR,
1388,9,with,B-BEFORE_SENTENCE_SPLIT,REPAIR,
1388,10,needle,B-REPAIR_TOOL_TYPE,REPAIR,
1388,11,and,I-REPAIR_TOOL_TYPE,REPAIR,
1388,12,yarn,I-REPAIR_TOOL_TYPE,REPAIR,
1389,1,use,O,REPAIR,
1389,2,the,O,REPAIR,
1389,3,sole,B-REPAIR_TOOL_TYPE,REPAIR,
1389,4,hammer,I-REPAIR_TOOL_TYPE,REPAIR,
1389,5,on,B-AFTER_SENTENCE_SPLIT,REPAIR,
1389,6,the,O,REPAIR,
1389,7,red,B-COLOR,REPAIR,
1389,8,sandal,B-SHOE_TYPE,REPAIR,
1389,9,to,O,REPAIR,
1389,10,fix,O,REPAIR,
1389,11,the,O,REPAIR,
1389,12,sole,B-REPAIR_TARGET,REPAIR,
1390,1,sew,O,REPAIR,
1390,2,up,O,REPAIR,
1390,3,the,O,REPAIR,
1390,4,damaged,B-SOLE_STATUS,REPAIR,
1390,5,canvas,B-MATERIAL,REPAIR,
1390,6,sneaker,B-SHOE_TYPE,REPAIR,
1390,7,next,B-NEXT_TO_RELATION,REPAIR,
1390,8,to,I-NEXT_TO_RELATION,REPAIR,
1390,9,the,O,REPAIR,
1390,10,canvas,B-MATERIAL,REPAIR,
1390,11,boot,B-SHOE_TYPE,REPAIR,
1390,12,on,B-LOCATION_RELATION,REPAIR,
1390,13,the,O,REPAIR,
1390,14,bottom,B-OBJECT_LOCATION,REPAIR,
1390,15,shelf,I-OBJECT_LOCATION,REPAIR,
1391,1,use,O,REPAIR,
1391,2,sole,B-REPAIR_TOOL_TYPE,REPAIR,
1391,3,glue,I-REPAIR_TOOL_TYPE,REPAIR,
1391,4,to,B-AFTER_SENTENCE_SPLIT,REPAIR,
1391,5,repair,O,REPAIR,
1391,6,the,O,REPAIR,
1391,7,sandal,B-SHOE_TYPE,REPAIR,
1392,1,repair,O,REPAIR,
1392,2,the,O,REPAIR,
1392,3,sole,B-REPAIR_TARGET,REPAIR,
1392,4,of,O,REPAIR,
1392,5,the,O,REPAIR,
1392,6,brown,B-COLOR,REPAIR,
1392,7,sneaker,B-SHOE_TYPE,REPAIR,
1392,8,with,B-BEFORE_SENTENCE_SPLIT,REPAIR,
1392,9,the,O,REPAIR,
1392,10,sole,B-REPAIR_TOOL_TYPE,REPAIR,
1392,11,glue,I-REPAIR_TOOL_TYPE,REPAIR,
1393,1,make,O,REPAIR,
1393,2,the,O,REPAIR,
1393,3,white,B-COLOR,REPAIR,
1393,4,sandal_9,B-OBJECT_ID,REPAIR,
1393,5,usable,O,REPAIR,
1393,6,again,O,REPAIR,
1393,7,with,B-BEFORE_SENTENCE_SPLIT,REPAIR,
1393,8,the,O,REPAIR,
1393,9,sole,B-REPAIR_TOOL_TYPE,REPAIR,
1393,10,hammer,I-REPAIR_TOOL_TYPE,REPAIR,
1393,11,next,B-NEXT_TO_RELATION,REPAIR,
1393,12,to,I-NEXT_TO_RELATION,REPAIR,
1393,13,needle_and_yarn_1,B-OBJECT_ID,REPAIR,
1393,14,in,B-LOCATION_RELATION,REPAIR,
1393,15,the,O,REPAIR,
1393,16,tool,B-OBJECT_LOCATION,REPAIR,
1393,17,area,I-OBJECT_LOCATION,REPAIR,
1394,1,hammer,B-REPAIR_TOOL_TYPE,REPAIR,
1394,2,the,O,REPAIR,
1394,3,sole,B-REPAIR_TARGET,REPAIR,
1394,4,of,O,REPAIR,
1394,5,brown_boot_6,B-OBJECT_ID,REPAIR,
1394,6,back,O,REPAIR,
1394,7,into,O,REPAIR,
1394,8,shape,O,REPAIR,
1395,1,fix,O,REPAIR,
1395,2,the,O,REPAIR,
1395,3,shoe,O,REPAIR,
1395,4,where,O,REPAIR,
1395,5,the,O,REPAIR,
1395,6,material,B-REPAIR_TARGET,REPAIR,
1395,7,is,O,REPAIR,
1395,8,cracked,B-MATERIAL_STATUS,REPAIR,
1396,1,mend,O,REPAIR,
1396,2,the,O,REPAIR,
1396,3,material,B-REPAIR_TARGET,REPAIR,
1396,4,of,O,REPAIR,
1396,5,the,O,REPAIR,
1396,6,black,B-COLOR,REPAIR,
1396,7,boot_5,B-OBJECT_ID,REPAIR,
1396,8,next,B-NEXT_TO_RELATION,REPAIR,
1396,9,to,I-NEXT_TO_RELATION,REPAIR,
1396,10,the,O,REPAIR,
1396,11,brown,B-COLOR,REPAIR,
1396,12,sandal,B-SHOE_TYPE,REPAIR,
1396,13,with,B-BEFORE_SENTENCE_SPLIT,REPAIR,
1396,14,needle,B-REPAIR_TOOL_TYPE,REPAIR,
1396,15,and,I-REPAIR_TOOL_TYPE,REPAIR,
1396,16,yarn,I-REPAIR_TOOL_TYPE,REPAIR,
1397,1,use,O,REPAIR,
1397,2,needle,B-REPAIR_TOOL_TYPE,REPAIR,
1397,3,and,I-REPAIR_TOOL_TYPE,REPAIR,
1397,4,yarn,I-REPAIR_TOOL_TYPE,REPAIR,
1397,5,on,B-AFTER_SENTENCE_SPLIT,REPAIR,
1397,6,brown_sandal_4,B-OBJECT_ID,REPAIR,
1397,7,material,B-REPAIR_TARGET,REPAIR,
1398,1,the,O,REPAIR,
1398,2,sneaker,B-SHOE_TYPE,REPAIR,
1398,3,is,O,REPAIR,
1398,4,damaged,O,REPAIR,
1398,5,fix,O,REPAIR,
1398,6,it,O,REPAIR,
1398,7,with,B-BEFORE_SENTENCE_SPLIT,REPAIR,
1398,8,the,O,REPAIR,
1398,9,sole,B-REPAIR_TOOL_TYPE,REPAIR,
1398,10,hammer,I-REPAIR_TOOL_TYPE,REPAIR,
1399,1,glue,B-REPAIR_TOOL_TYPE,REPAIR,
1399,2,the,O,REPAIR,
1399,3,sole,B-REPAIR_TARGET,REPAIR,
1399,4,back,O,REPAIR,
1399,5,onto,B-AFTER_SENTENCE_SPLIT,REPAIR,
1399,6,blue_sneaker_4,B-OBJECT_ID,REPAIR,
1399,7,next,B-NEXT_TO_RELATION,REPAIR,
1399,8,to,I-NEXT_TO_RELATION,REPAIR,
1399,9,sneaker_12,B-OBJECT_ID,REPAIR,
1400,1,the,O,REPAIR,
1400,2,sneaker,B-SHOE_TYPE,REPAIR,
1400,3,is,O,REPAIR,
1400,4,damaged,O,REPAIR,
1400,5,fix,O,REPAIR,
1400,6,it,O,REPAIR,
1400,7,with,B-BEFORE_SENTENCE_SPLIT,REPAIR,
1400,8,the,O,REPAIR,
1400,9,sole,B-REPAIR_TOOL_TYPE,REPAIR,
1400,10,glue,I-REPAIR_TOOL_TYPE,REPAIR,
1401,1,can,O,REPAIR,
1401,2,you,O,REPAIR,
1401,3,fix,O,REPAIR,
1401,4,the,O,REPAIR,
1401,5,damaged,B-SOLE_STATUS,REPAIR,
1401,6,sole,B-REPAIR_TARGET,REPAIR,
1401,7,on,O,REPAIR,
1401,8,the,O,REPAIR,
1401,9,black,B-COLOR,REPAIR,
1401,10,boot,B-SHOE_TYPE,REPAIR,
1402,1,sew,O,REPAIR,
1402,2,the,O,REPAIR,
1402,3,cracked,B-MATERIAL_STATUS,REPAIR,
1402,4,material,B-REPAIR_TARGET,REPAIR,
1402,5,on,O,REPAIR,
1402,6,the,O,REPAIR,
1402,7,white,B-COLOR,REPAIR,
1402,8,boot,B-SHOE_TYPE,REPAIR,
1402,9,next,B-NEXT_TO_RELATION,REPAIR,
1402,10,to,I-NEXT_TO_RELATION,REPAIR,
1402,11,the,O,REPAIR,
1402,12,cleaning,O,REPAIR,
1402,13,brush,B-CLEANING_TOOL_TYPE,REPAIR,
1402,14,with,B-BEFORE_SENTENCE_SPLIT,REPAIR,
1402,15,needle,B-REPAIR_TOOL_TYPE,REPAIR,
1402,16,and,I-REPAIR_TOOL_TYPE,REPAIR,
1402,17,yarn,I-REPAIR_TOOL_TYPE,REPAIR,
1403,1,make,O,REPAIR,
1403,2,blue_sneaker_4,B-OBJECT_ID,REPAIR,
1403,3,usable,O,REPAIR,
1403,4,again,O,REPAIR,
1403,5,with,B-BEFORE_SENTENCE_SPLIT,REPAIR,
1403,6,the,O,REPAIR,
1403,7,sole,B-REPAIR_TOOL_TYPE,REPAIR,
1403,8,hammer,I-REPAIR_TOOL_TYPE,REPAIR,
1404,1,repair,O,REPAIR,
1404,2,the,O,REPAIR,
1404,3,material,B-REPAIR_TARGET,REPAIR,
1404,4,damage,O,REPAIR,
1404,5,on,O,REPAIR,
1404,6,the,O,REPAIR,
1404,7,suede,B-MATERIAL,REPAIR,
1404,8,sneaker,B-SHOE_TYPE,REPAIR,
1405,1,fix,O,REPAIR,
1405,2,the,O,REPAIR,
1405,3,broken,B-SOLE_STATUS,REPAIR,
1405,4,part,O,REPAIR,
1405,5,of,O,REPAIR,
1405,6,boot_2,B-OBJECT_ID,REPAIR,
1406,1,repair,O,REPAIR,
1406,2,the,O,REPAIR,
1406,3,sole,B-REPAIR_TARGET,REPAIR,
1406,4,of,O,REPAIR,
1406,5,the,O,REPAIR,
1406,6,blue,B-COLOR,REPAIR,
1406,7,boot,B-SHOE_TYPE,REPAIR,
1406,8,with,B-BEFORE_SENTENCE_SPLIT,REPAIR,
1406,9,the,O,REPAIR,
1406,10,sole,B-REPAIR_TOOL_TYPE,REPAIR,
1406,11,glue,I-REPAIR_TOOL_TYPE,REPAIR,
1406,12,next,B-NEXT_TO_RELATION,REPAIR,
1406,13,to,I-NEXT_TO_RELATION,REPAIR,
1406,14,spray_7,B-OBJECT_ID,REPAIR,
1407,1,repair,O,REPAIR,
1407,2,the,O,REPAIR,
1407,3,red,B-COLOR,REPAIR,
1407,4,suede,B-MATERIAL,REPAIR,
1407,5,sandal,B-SHOE_TYPE,REPAIR,
1407,6,with,B-BEFORE_SENTENCE_SPLIT,REPAIR,
1407,7,the,O,REPAIR,
1407,8,sole,B-REPAIR_TOOL_TYPE,REPAIR,
1407,9,hammer,I-REPAIR_TOOL_TYPE,REPAIR,
1408,1,patch,O,REPAIR,
1408,2,the,O,REPAIR,
1408,3,scratched,B-MATERIAL_STATUS,REPAIR,
1408,4,material,B-REPAIR_TARGET,REPAIR,
1408,5,on,O,REPAIR,
1408,6,the,O,REPAIR,
1408,7,suede,B-MATERIAL,REPAIR,
1408,8,boot,B-SHOE_TYPE,REPAIR,
1409,1,the,O,REPAIR,
1409,2,sandal,B-SHOE_TYPE,REPAIR,
1409,3,next,B-NEXT_TO_RELATION,REPAIR,
1409,4,to,I-NEXT_TO_RELATION,REPAIR,
1409,5,the,O,REPAIR,
1409,6,sole,B-REPAIR_TOOL_TYPE,REPAIR,
1409,7,hammer,I-REPAIR_TOOL_TYPE,REPAIR,
1409,8,is,O,REPAIR,
1409,9,damaged,O,REPAIR,
1409,10,fix,O,REPAIR,
1409,11,it,O,REPAIR,
1409,12,with,B-BEFORE_SENTENCE_SPLIT,REPAIR,
1409,13,the,O,REPAIR,
1409,14,sole,B-REPAIR_TOOL_TYPE,REPAIR,
1409,15,glue,I-REPAIR_TOOL_TYPE,REPAIR,
1410,1,patch,O,REPAIR,
1410,2,the,O,REPAIR,
1410,3,scratched,B-MATERIAL_STATUS,REPAIR,
1410,4,material,B-REPAIR_TARGET,REPAIR,
1410,5,on,O,REPAIR,
1410,6,the,O,REPAIR,
1410,7,black,B-COLOR,REPAIR,
1410,8,sandal_3,B-OBJECT_ID,REPAIR,
1411,1,repair,O,REPAIR,
1411,2,the,O,REPAIR,
1411,3,sole,B-REPAIR_TARGET,REPAIR,
1411,4,of,O,REPAIR,
1411,5,the,O,REPAIR,
1411,6,sandal,B-SHOE_TYPE,REPAIR,
1411,7,with,B-BEFORE_SENTENCE_SPLIT,REPAIR,
1411,8,the,O,REPAIR,
1411,9,sole,B-REPAIR_TOOL_TYPE,REPAIR,
1411,10,glue,I-REPAIR_TOOL_TYPE,REPAIR,
1412,1,can,O,REPAIR,
1412,2,you,O,REPAIR,
1412,3,fix,O,REPAIR,
1412,4,the,O,REPAIR,
1412,5,damaged,B-SOLE_STATUS,REPAIR,
1412,6,sole,B-REPAIR_TARGET,REPAIR,
1412,7,on,O,REPAIR,
1412,8,leather_boot_3,B-OBJECT_ID,REPAIR,
1412,9,next,B-NEXT_TO_RELATION,REPAIR,
1412,10,to,I-NEXT_TO_RELATION,REPAIR,
1412,11,the,O,REPAIR,
1412,12,black,B-COLOR,REPAIR,
1412,13,boot,B-SHOE_TYPE,REPAIR,
1412,14,in,B-LOCATION_RELATION,REPAIR,
1412,15,the,O,REPAIR,
1412,16,drying,B-OBJECT_LOCATION,REPAIR,
1412,17,area,I-OBJECT_LOCATION,REPAIR,
1413,1,sew,O,REPAIR,
1413,2,the,O,REPAIR,
1413,3,material,B-REPAIR_TARGET,REPAIR,
1414,1,repair,O,REPAIR,
1414,2,the,O,REPAIR,
1414,3,material,B-REPAIR_TARGET,REPAIR,
1414,4,damage,O,REPAIR,
1414,5,on,O,REPAIR,
1414,6,the,O,REPAIR,
1414,7,leather,B-MATERIAL,REPAIR,
1414,8,sneaker,B-SHOE_TYPE,REPAIR,
1415,1,make,O,REPAIR,
1415,2,the,O,REPAIR,
1415,3,sneaker_4,B-OBJECT_ID,REPAIR,
1415,4,usable,O,REPAIR,
1415,5,again,O,REPAIR,
1415,6,with,B-BEFORE_SENTENCE_SPLIT,REPAIR,
1415,7,the,O,REPAIR,
1415,8,sole,B-REPAIR_TOOL_TYPE,REPAIR,
1415,9,glue,I-REPAIR_TOOL_TYPE,REPAIR,
1416,1,repair,O,REPAIR,
1416,2,the,O,REPAIR,
1416,3,brown,B-COLOR,REPAIR,
1416,4,boot,B-SHOE_TYPE,REPAIR,
1416,5,next,B-NEXT_TO_RELATION,REPAIR,
1416,6,to,I-NEXT_TO_RELATION,REPAIR,
1416,7,rag_4,B-OBJECT_ID,REPAIR,
1416,8,on,B-LOCATION_RELATION,REPAIR,
1416,9,the,O,REPAIR,
1416,10,floor,B-OBJECT_LOCATION,REPAIR,
1416,11,with,B-BEFORE_SENTENCE_SPLIT,REPAIR,
1416,12,the,O,REPAIR,
1416,13,sole,B-REPAIR_TOOL_TYPE,REPAIR,
1416,14,glue,I-REPAIR_TOOL_TYPE,REPAIR,
1417,1,glue,B-REPAIR_TOOL_TYPE,REPAIR,
1417,2,the,O,REPAIR,
1417,3,sole,B-REPAIR_TARGET,REPAIR,
1417,4,back,O,REPAIR,
1417,5,onto,B-AFTER_SENTENCE_SPLIT,REPAIR,
1417,6,the,O,REPAIR,
1417,7,yellow,B-COLOR,REPAIR,
1417,8,canvas,B-MATERIAL,REPAIR,
1417,9,sandal,B-SHOE_TYPE,REPAIR,
1418,1,repair,O,REPAIR,
1418,2,the,O,REPAIR,
1418,3,material,B-REPAIR_TARGET,REPAIR,
1418,4,damage,O,REPAIR,
1418,5,on,O,REPAIR,
1418,6,the,O,REPAIR,
1418,7,sandal,B-SHOE_TYPE,REPAIR,
1419,1,fix,O,REPAIR,
1419,2,the,O,REPAIR,
1419,3,boot,B-SHOE_TYPE,REPAIR,
1419,4,with,B-BEFORE_SENTENCE_SPLIT,REPAIR,
1419,5,the,O,REPAIR,
1419,6,sole,B-REPAIR_TOOL_TYPE,REPAIR,
1419,7,glue,I-REPAIR_TOOL_TYPE,REPAIR,
1419,8,next,B-NEXT_TO_RELATION,REPAIR,
1419,9,to,I-NEXT_TO_RELATION,REPAIR,
1419,10,cream_5,B-OBJECT_ID,REPAIR,
1419,11,inside,B-LOCATION_RELATION,REPAIR,
1419,12,the,O,REPAIR,
1419,13,tool,B-OBJECT_LOCATION,REPAIR,
1419,14,area,I-OBJECT_LOCATION,REPAIR,
1420,1,can,O,REPAIR,
1420,2,you,O,REPAIR,
1420,3,fix,O,REPAIR,
1420,4,the,O,REPAIR,
1420,5,damaged,B-SOLE_STATUS,REPAIR,
1420,6,sole,B-REPAIR_TARGET,REPAIR,
1420,7,on,O,REPAIR,
1420,8,the,O,REPAIR,
1420,9,sandal_3,B-OBJECT_ID,REPAIR,
1421,1,glue,B-REPAIR_TOOL_TYPE,REPAIR,
1421,2,the,O,REPAIR,
1421,3,sole,B-REPAIR_TARGET,REPAIR,
1421,4,back,O,REPAIR,
1421,5,onto,B-AFTER_SENTENCE_SPLIT,REPAIR,
1421,6,the,O,REPAIR,
1421,7,yellow,B-COLOR,REPAIR,
1421,8,sneaker_4,B-OBJECT_ID,REPAIR,
1422,1,glue,B-REPAIR_TOOL_TYPE,REPAIR,
1422,2,the,O,REPAIR,
1422,3,sole,B-REPAIR_TARGET,REPAIR,
1422,4,back,O,REPAIR,
1422,5,onto,B-AFTER_SENTENCE_SPLIT,REPAIR,
1422,6,the,O,REPAIR,
1422,7,black,B-COLOR,REPAIR,
1422,8,suede,B-MATERIAL,REPAIR,
1422,9,sneaker,B-SHOE_TYPE,REPAIR,
1422,10,next,B-NEXT_TO_RELATION,REPAIR,
1422,11,to,I-NEXT_TO_RELATION,REPAIR,
1422,12,the,O,REPAIR,
1422,13,unprotected,B-IMPREGNATION_STATUS,REPAIR,
1422,14,sneaker,B-SHOE_TYPE,REPAIR,
1422,15,on,B-LOCATION_RELATION,REPAIR,
1422,16,the,O,REPAIR,
1422,17,middle,B-OBJECT_LOCATION,REPAIR,
1422,18,shelf,I-OBJECT_LOCATION,REPAIR,
1423,1,fix,O,REPAIR,
1423,2,the,O,REPAIR,
1423,3,shoe,B-SHOE_TYPE,REPAIR,
1424,1,sew,O,REPAIR,
1424,2,the,O,REPAIR,
1424,3,cracked,B-MATERIAL_STATUS,REPAIR,
1424,4,material,B-REPAIR_TARGET,REPAIR,
1424,5,on,O,REPAIR,
1424,6,the,O,REPAIR,
1424,7,boot,B-SHOE_TYPE,REPAIR,
1424,8,with,B-BEFORE_SENTENCE_SPLIT,REPAIR,
1424,9,needle,B-REPAIR_TOOL_TYPE,REPAIR,
1424,10,and,I-REPAIR_TOOL_TYPE,REPAIR,
1424,11,yarn,I-REPAIR_TOOL_TYPE,REPAIR,
1425,1,repair,O,REPAIR,
1425,2,the,O,REPAIR,
1425,3,sole,B-REPAIR_TARGET,REPAIR,
1425,4,of,O,REPAIR,
1425,5,boot_2,B-OBJECT_ID,REPAIR,
1425,6,with,B-BEFORE_SENTENCE_SPLIT,REPAIR,
1425,7,the,O,REPAIR,
1425,8,sole,B-REPAIR_TOOL_TYPE,REPAIR,
1425,9,glue,I-REPAIR_TOOL_TYPE,REPAIR,
1425,10,next,B-NEXT_TO_RELATION,REPAIR,
1425,11,to,I-NEXT_TO_RELATION,REPAIR,
1425,12,sole_glue_3,B-OBJECT_ID,REPAIR,
1425,13,in,B-LOCATION_RELATION,REPAIR,
1425,14,the,O,REPAIR,
1425,15,tool,B-OBJECT_LOCATION,REPAIR,
1425,16,area,I-OBJECT_LOCATION,REPAIR,
1426,1,repair,O,REPAIR,
1426,2,the,O,REPAIR,
1426,3,material,B-REPAIR_TARGET,REPAIR,
1426,4,damage,O,REPAIR,
1426,5,on,O,REPAIR,
1426,6,the,O,REPAIR,
1426,7,white,B-COLOR,REPAIR,
1426,8,sandal,B-SHOE_TYPE,REPAIR,
1427,1,sew,O,REPAIR,
1427,2,the,O,REPAIR,
1427,3,cracked,B-MATERIAL_STATUS,REPAIR,
1427,4,material,B-REPAIR_TARGET,REPAIR,
1427,5,on,O,REPAIR,
1427,6,the,O,REPAIR,
1427,7,yellow,B-COLOR,REPAIR,
1427,8,sandal_4,B-OBJECT_ID,REPAIR,
1427,9,with,B-BEFORE_SENTENCE_SPLIT,REPAIR,
1427,10,needle,B-REPAIR_TOOL_TYPE,REPAIR,
1427,11,and,I-REPAIR_TOOL_TYPE,REPAIR,
1427,12,yarn,I-REPAIR_TOOL_TYPE,REPAIR,
1428,1,please,O,REPAIR,
1428,2,repair,O,REPAIR,
1428,3,the,O,REPAIR,
1428,4,black,B-COLOR,REPAIR,
1428,5,sneaker,B-SHOE_TYPE,REPAIR,
1429,1,repair,O,REPAIR,
1429,2,the,O,REPAIR,
1429,3,material,B-REPAIR_TARGET,REPAIR,
1429,4,damage,O,REPAIR,
1429,5,on,O,REPAIR,
1429,6,the,O,REPAIR,
1429,7,rubber,B-MATERIAL,REPAIR,
1429,8,sneaker,B-SHOE_TYPE,REPAIR,
1429,9,in,B-LOCATION_RELATION,REPAIR,
1429,10,the,O,REPAIR,
1429,11,drying,B-OBJECT_LOCATION,REPAIR,
1429,12,area,I-OBJECT_LOCATION,REPAIR,
1429,13,next,B-NEXT_TO_RELATION,REPAIR,
1429,14,to,I-NEXT_TO_RELATION,REPAIR,
1429,15,the,O,REPAIR,
1429,16,red,B-COLOR,REPAIR,
1429,17,boot,B-SHOE_TYPE,REPAIR,
1430,1,boot_3,B-OBJECT_ID,REPAIR,
1430,2,needs,O,REPAIR,
1430,3,repairing,O,REPAIR,
1430,4,the,O,REPAIR,
1430,5,sole,B-REPAIR_TARGET,REPAIR,
1430,6,is,O,REPAIR,
1430,7,almost,O,REPAIR,
1430,8,loose,B-SOLE_STATUS,REPAIR,
1431,1,the,O,REPAIR,
1431,2,shoe,O,REPAIR,
1431,3,should,O,REPAIR,
1431,4,be,O,REPAIR,
1431,5,fixed,O,REPAIR,
1431,6,with,B-BEFORE_SENTENCE_SPLIT,REPAIR,
1431,7,sole_glue_3,B-OBJECT_ID,REPAIR,
1431,8,especially,O,REPAIR,
1431,9,underneath,O,REPAIR,
1432,1,could,O,REPAIR,
1432,2,you,O,REPAIR,
1432,3,repair,O,REPAIR,
1432,4,the,O,REPAIR,
1432,5,cracked,B-MATERIAL_STATUS,REPAIR,
1432,6,material,B-REPAIR_TARGET,REPAIR,
1432,7,on,O,REPAIR,
1432,8,brown_sandal_4,B-OBJECT_ID,REPAIR,
1432,9,on,B-LOCATION_RELATION,REPAIR,
1432,10,the,O,REPAIR,
1432,11,top,B-OBJECT_LOCATION,REPAIR,
1432,12,shelf,I-OBJECT_LOCATION,REPAIR,
1432,13,next,B-NEXT_TO_RELATION,REPAIR,
1432,14,to,I-NEXT_TO_RELATION,REPAIR,
1432,15,brush_12,B-OBJECT_ID,REPAIR,
1433,1,please,O,REPAIR,
1433,2,get,O,REPAIR,
1433,3,sneaker_14,B-OBJECT_ID,REPAIR,
1433,4,repaired,O,REPAIR,
1433,5,before,O,REPAIR,
1433,6,the,O,REPAIR,
1433,7,walk,O,REPAIR,
1434,1,I,O,REPAIR,
1434,2,want,O,REPAIR,
1434,3,the,O,REPAIR,
1434,4,damaged,B-SOLE_STATUS,REPAIR,
1434,5,sole,B-REPAIR_TARGET,REPAIR,
1434,6,mended,O,REPAIR,
1434,7,with,B-BEFORE_SENTENCE_SPLIT,REPAIR,
1434,8,the,O,REPAIR,
1434,9,repair,O,REPAIR,
1434,10,hammer,B-REPAIR_TOOL_TYPE,REPAIR,
1435,1,fixing,O,REPAIR,
1435,2,is,O,REPAIR,
1435,3,needed,O,REPAIR,
1435,4,on,O,REPAIR,
1435,5,the,O,REPAIR,
1435,6,leather,B-MATERIAL,REPAIR,
1435,7,part,B-REPAIR_TARGET,REPAIR,
1435,8,of,B-LOCATION_RELATION,REPAIR,
1435,9,this,O,REPAIR,
1435,10,boot,B-SHOE_TYPE,REPAIR,
1435,11,inside,B-LOCATION_RELATION,REPAIR,
1435,12,the,O,REPAIR,
1435,13,tool,B-OBJECT_LOCATION,REPAIR,
1435,14,area,I-OBJECT_LOCATION,REPAIR,
1435,15,next,B-NEXT_TO_RELATION,REPAIR,
1435,16,to,I-NEXT_TO_RELATION,REPAIR,
1435,17,the,O,REPAIR,
1435,18,spray,B-IMPREGNATION_TOOL_TYPE,REPAIR,
1435,19,bottle,O,REPAIR,
1436,1,can,O,REPAIR,
1436,2,the,O,REPAIR,
1436,3,loose,B-SOLE_STATUS,REPAIR,
1436,4,bottom,B-REPAIR_TARGET,REPAIR,
1436,5,of,O,REPAIR,
1436,6,the,O,REPAIR,
1436,7,shoe,O,REPAIR,
1436,8,be,O,REPAIR,
1436,9,glued,B-REPAIR_TOOL_TYPE,REPAIR,
1436,10,back,O,REPAIR,
1437,1,please,O,REPAIR,
1437,2,mend,O,REPAIR,
1437,3,the,O,REPAIR,
1437,4,scratched,B-MATERIAL_STATUS,REPAIR,
1437,5,sandal,B-SHOE_TYPE,REPAIR,
1437,6,with,B-BEFORE_SENTENCE_SPLIT,REPAIR,
1437,7,needle_and_yarn_2,B-OBJECT_ID,REPAIR,
1438,1,the,O,REPAIR,
1438,2,worn,B-SOLE_STATUS,REPAIR,
1438,3,sole,B-REPAIR_TARGET,REPAIR,
1438,4,should,O,REPAIR,
1438,5,be,O,REPAIR,
1438,6,repaired,O,REPAIR,
1438,7,not,O,REPAIR,
1438,8,cleaned,O,REPAIR,
1439,1,use,O,REPAIR,
1439,2,the,O,REPAIR,
1439,3,needle,B-REPAIR_TOOL_TYPE,REPAIR,
1439,4,and,I-REPAIR_TOOL_TYPE,REPAIR,
1439,5,yarn,I-REPAIR_TOOL_TYPE,REPAIR,
1439,6,from,B-LOCATION_RELATION,REPAIR,
1439,7,the,O,REPAIR,
1439,8,middle,B-OBJECT_LOCATION,REPAIR,
1439,9,shelf,I-OBJECT_LOCATION,REPAIR,
1439,10,next,B-NEXT_TO_RELATION,REPAIR,
1439,11,to,I-NEXT_TO_RELATION,REPAIR,
1439,12,the,O,REPAIR,
1439,13,green,B-COLOR,REPAIR,
1439,14,sandal,B-SHOE_TYPE,REPAIR,
1439,15,to,B-AFTER_SENTENCE_SPLIT,REPAIR,
1439,16,repair,O,REPAIR,
1439,17,the,O,REPAIR,
1439,18,canvas,B-MATERIAL,REPAIR,
1439,19,sneaker,B-SHOE_TYPE,REPAIR,
1440,1,clean,O,CLEAN,
1440,2,the,O,CLEAN,
1440,3,dirty,B-CLEANING_STATUS,CLEAN,
1440,4,red,B-COLOR,CLEAN,
1440,5,sneaker,B-SHOE_TYPE,CLEAN,
1440,6,next,B-NEXT_TO_RELATION,CLEAN,
1440,7,to,I-NEXT_TO_RELATION,CLEAN,
1440,8,the,O,CLEAN,
1440,9,black,B-COLOR,CLEAN,
1440,10,boot,B-SHOE_TYPE,CLEAN,
1440,11,with,B-BEFORE_SENTENCE_SPLIT,CLEAN,
1440,12,brush_1,B-OBJECT_ID,CLEAN,
1441,1,clean,O,CLEAN,
1441,2,the,O,CLEAN,
1441,3,clean,B-CLEANING_STATUS,CLEAN,
1441,4,black,B-COLOR,CLEAN,
1441,5,boot,B-SHOE_TYPE,CLEAN,
1441,6,on,B-LOCATION_RELATION,CLEAN,
1441,7,the,O,CLEAN,
1441,8,middle,B-OBJECT_LOCATION,CLEAN,
1441,9,shelf,I-OBJECT_LOCATION,CLEAN,
1441,10,with,B-BEFORE_SENTENCE_SPLIT,CLEAN,
1441,11,rag_1,B-OBJECT_ID,CLEAN,
1441,12,next,B-NEXT_TO_RELATION,CLEAN,
1441,13,to,I-NEXT_TO_RELATION,CLEAN,
1441,14,the,O,CLEAN,
1441,15,brush,B-CLEANING_TOOL_TYPE,CLEAN,
1442,1,clean,O,CLEAN,
1442,2,the,O,CLEAN,
1442,3,medium_dirty,B-CLEANING_STATUS,CLEAN,
1442,4,brown,B-COLOR,CLEAN,
1442,5,sandal,B-SHOE_TYPE,CLEAN,
1442,6,next,B-NEXT_TO_RELATION,CLEAN,
1442,7,to,I-NEXT_TO_RELATION,CLEAN,
1442,8,the,O,CLEAN,
1442,9,green,B-COLOR,CLEAN,
1442,10,sneaker,B-SHOE_TYPE,CLEAN,
1442,11,with,B-BEFORE_SENTENCE_SPLIT,CLEAN,
1442,12,cleaner_1,B-OBJECT_ID,CLEAN,
1442,13,inside,B-LOCATION_RELATION,CLEAN,
1442,14,the,O,CLEAN,
1442,15,tool,B-OBJECT_LOCATION,CLEAN,
1442,16,area,I-OBJECT_LOCATION,CLEAN,
1443,1,clean,O,CLEAN,
1443,2,the,O,CLEAN,
1443,3,a_little_dirty,B-CLEANING_STATUS,CLEAN,
1443,4,blue,B-COLOR,CLEAN,
1443,5,sneaker,B-SHOE_TYPE,CLEAN,
1443,6,from,B-LOCATION_RELATION,CLEAN,
1443,7,the,O,CLEAN,
1443,8,bottom,B-OBJECT_LOCATION,CLEAN,
1443,9,shelf,I-OBJECT_LOCATION,CLEAN,
1443,10,with,B-BEFORE_SENTENCE_SPLIT,CLEAN,
1443,11,brush_1,B-OBJECT_ID,CLEAN,
1443,12,next,B-NEXT_TO_RELATION,CLEAN,
1443,13,to,I-NEXT_TO_RELATION,CLEAN,
1443,14,rag_1,B-OBJECT_ID,CLEAN,
1444,1,clean,O,CLEAN,
1444,2,the,O,CLEAN,
1444,3,very_dirty,B-CLEANING_STATUS,CLEAN,
1444,4,green,B-COLOR,CLEAN,
1444,5,boot,B-SHOE_TYPE,CLEAN,
1444,6,next,B-NEXT_TO_RELATION,CLEAN,
1444,7,to,I-NEXT_TO_RELATION,CLEAN,
1444,8,the,O,CLEAN,
1444,9,red,B-COLOR,CLEAN,
1444,10,sandal,B-SHOE_TYPE,CLEAN,
1444,11,with,B-BEFORE_SENTENCE_SPLIT,CLEAN,
1444,12,rag_1,B-OBJECT_ID,CLEAN,
1444,13,in,B-LOCATION_RELATION,CLEAN,
1444,14,the,O,CLEAN,
1444,15,tool,B-OBJECT_LOCATION,CLEAN,
1444,16,area,I-OBJECT_LOCATION,CLEAN,
1445,1,clean,O,CLEAN,
1445,2,the,O,CLEAN,
1445,3,dirty,B-CLEANING_STATUS,CLEAN,
1445,4,red,B-COLOR,CLEAN,
1445,5,sandal,B-SHOE_TYPE,CLEAN,
1445,6,inside,B-LOCATION_RELATION,CLEAN,
1445,7,the,O,CLEAN,
1445,8,drying,B-OBJECT_LOCATION,CLEAN,
1445,9,area,I-OBJECT_LOCATION,CLEAN,
1445,10,with,B-BEFORE_SENTENCE_SPLIT,CLEAN,
1445,11,cleaner_1,B-OBJECT_ID,CLEAN,
1445,12,next,B-NEXT_TO_RELATION,CLEAN,
1445,13,to,I-NEXT_TO_RELATION,CLEAN,
1445,14,the,O,CLEAN,
1445,15,spray,B-IMPREGNATION_TOOL_TYPE,CLEAN,
1446,1,clean,O,CLEAN,
1446,2,the,O,CLEAN,
1446,3,clean,B-CLEANING_STATUS,CLEAN,
1446,4,black,B-COLOR,CLEAN,
1446,5,sneaker,B-SHOE_TYPE,CLEAN,
1446,6,next,B-NEXT_TO_RELATION,CLEAN,
1446,7,to,I-NEXT_TO_RELATION,CLEAN,
1446,8,the,O,CLEAN,
1446,9,brown,B-COLOR,CLEAN,
1446,10,boot,B-SHOE_TYPE,CLEAN,
1446,11,with,B-BEFORE_SENTENCE_SPLIT,CLEAN,
1446,12,brush_1,B-OBJECT_ID,CLEAN,
1446,13,from,B-LOCATION_RELATION,CLEAN,
1446,14,the,O,CLEAN,
1446,15,tool,B-OBJECT_LOCATION,CLEAN,
1446,16,area,I-OBJECT_LOCATION,CLEAN,
1447,1,clean,O,CLEAN,
1447,2,the,O,CLEAN,
1447,3,medium,B-CLEANING_STATUS,CLEAN,
1447,4,dirty,I-CLEANING_STATUS,CLEAN,
1447,5,brown,B-COLOR,CLEAN,
1447,6,boot,B-SHOE_TYPE,CLEAN,
1447,7,on,B-LOCATION_RELATION,CLEAN,
1447,8,the,O,CLEAN,
1447,9,floor,B-OBJECT_LOCATION,CLEAN,
1447,10,with,B-BEFORE_SENTENCE_SPLIT,CLEAN,
1447,11,rag_1,B-OBJECT_ID,CLEAN,
1447,12,next,B-NEXT_TO_RELATION,CLEAN,
1447,13,to,I-NEXT_TO_RELATION,CLEAN,
1447,14,cleaner_1,B-OBJECT_ID,CLEAN,
1448,1,clean,O,CLEAN,
1448,2,the,O,CLEAN,
1448,3,a,B-CLEANING_STATUS,CLEAN,
1448,4,little,I-CLEANING_STATUS,CLEAN,
1448,5,dirty,I-CLEANING_STATUS,CLEAN,
1448,6,blue,B-COLOR,CLEAN,
1448,7,sandal,B-SHOE_TYPE,CLEAN,
1448,8,next,B-NEXT_TO_RELATION,CLEAN,
1448,9,to,I-NEXT_TO_RELATION,CLEAN,
1448,10,the,O,CLEAN,
1448,11,red,B-COLOR,CLEAN,
1448,12,sneaker,B-SHOE_TYPE,CLEAN,
1448,13,with,B-BEFORE_SENTENCE_SPLIT,CLEAN,
1448,14,cleaner_1,B-OBJECT_ID,CLEAN,
1448,15,in,B-LOCATION_RELATION,CLEAN,
1448,16,the,O,CLEAN,
1448,17,top,B-OBJECT_LOCATION,CLEAN,
1448,18,shelf,I-OBJECT_LOCATION,CLEAN,
1449,1,clean,O,CLEAN,
1449,2,the,O,CLEAN,
1449,3,very,B-CLEANING_STATUS,CLEAN,
1449,4,dirty,I-CLEANING_STATUS,CLEAN,
1449,5,green,B-COLOR,CLEAN,
1449,6,sneaker,B-SHOE_TYPE,CLEAN,
1449,7,inside,B-LOCATION_RELATION,CLEAN,
1449,8,the,O,CLEAN,
1449,9,drying,B-OBJECT_LOCATION,CLEAN,
1449,10,area,I-OBJECT_LOCATION,CLEAN,
1449,11,next,B-NEXT_TO_RELATION,CLEAN,
1449,12,to,I-NEXT_TO_RELATION,CLEAN,
1449,13,the,O,CLEAN,
1449,14,boot,B-SHOE_TYPE,CLEAN,
1449,15,with,B-BEFORE_SENTENCE_SPLIT,CLEAN,
1449,16,brush_1,B-OBJECT_ID,CLEAN,
1449,17,next,B-NEXT_TO_RELATION,CLEAN,
1449,18,to,I-NEXT_TO_RELATION,CLEAN,
1449,19,the,O,CLEAN,
1449,20,rag,B-CLEANING_TOOL_TYPE,CLEAN,
1450,1,clean,O,CLEAN,
1450,2,the,O,CLEAN,
1450,3,dirty,B-CLEANING_STATUS,CLEAN,
1450,4,red,B-COLOR,CLEAN,
1450,5,boot,B-SHOE_TYPE,CLEAN,
1450,6,with,B-BEFORE_SENTENCE_SPLIT,CLEAN,
1450,7,rag_1,B-OBJECT_ID,CLEAN,
1451,1,clean,O,CLEAN,
1451,2,the,O,CLEAN,
1451,3,clean,B-CLEANING_STATUS,CLEAN,
1451,4,black,B-COLOR,CLEAN,
1451,5,sandal,B-SHOE_TYPE,CLEAN,
1451,6,with,B-BEFORE_SENTENCE_SPLIT,CLEAN,
1451,7,cleaner_1,B-OBJECT_ID,CLEAN,
1452,1,clean,O,CLEAN,
1452,2,the,O,CLEAN,
1452,3,medium_dirty,B-CLEANING_STATUS,CLEAN,
1452,4,brown,B-COLOR,CLEAN,
1452,5,sneaker,B-SHOE_TYPE,CLEAN,
1452,6,with,B-BEFORE_SENTENCE_SPLIT,CLEAN,
1452,7,brush_1,B-OBJECT_ID,CLEAN,
1453,1,clean,O,CLEAN,
1453,2,the,O,CLEAN,
1453,3,a_little_dirty,B-CLEANING_STATUS,CLEAN,
1453,4,blue,B-COLOR,CLEAN,
1453,5,boot,B-SHOE_TYPE,CLEAN,
1453,6,with,B-BEFORE_SENTENCE_SPLIT,CLEAN,
1453,7,rag_1,B-OBJECT_ID,CLEAN,
1454,1,clean,O,CLEAN,
1454,2,the,O,CLEAN,
1454,3,very_dirty,B-CLEANING_STATUS,CLEAN,
1454,4,green,B-COLOR,CLEAN,
1454,5,sandal,B-SHOE_TYPE,CLEAN,
1454,6,with,B-BEFORE_SENTENCE_SPLIT,CLEAN,
1454,7,cleaner_1,B-OBJECT_ID,CLEAN,
1455,1,pick,O,PICK_UP,
1455,2,up,O,PICK_UP,
1455,3,the,O,PICK_UP,
1455,4,dirty,B-CLEANING_STATUS,PICK_UP,
1455,5,red,B-COLOR,PICK_UP,
1455,6,sneaker,B-SHOE_TYPE,PICK_UP,
1455,7,next,B-NEXT_TO_RELATION,PICK_UP,
1455,8,to,I-NEXT_TO_RELATION,PICK_UP,
1455,9,the,O,PICK_UP,
1455,10,black,B-COLOR,PICK_UP,
1455,11,boot,B-SHOE_TYPE,PICK_UP,
1456,1,pick,O,PICK_UP,
1456,2,up,O,PICK_UP,
1456,3,the,O,PICK_UP,
1456,4,clean,B-CLEANING_STATUS,PICK_UP,
1456,5,black,B-COLOR,PICK_UP,
1456,6,boot,B-SHOE_TYPE,PICK_UP,
1456,7,from,B-LOCATION_RELATION,PICK_UP,
1456,8,the,O,PICK_UP,
1456,9,middle,B-OBJECT_LOCATION,PICK_UP,
1456,10,shelf,I-OBJECT_LOCATION,PICK_UP,
1457,1,pick,O,PICK_UP,
1457,2,up,O,PICK_UP,
1457,3,the,O,PICK_UP,
1457,4,medium,B-CLEANING_STATUS,PICK_UP,
1457,5,dirty,I-CLEANING_STATUS,PICK_UP,
1457,6,brown,B-COLOR,PICK_UP,
1457,7,sandal,B-SHOE_TYPE,PICK_UP,
1457,8,next,B-NEXT_TO_RELATION,PICK_UP,
1457,9,to,I-NEXT_TO_RELATION,PICK_UP,
1457,10,brush_1,B-OBJECT_ID,PICK_UP,
1458,1,pick,O,PICK_UP,
1458,2,up,O,PICK_UP,
1458,3,the,O,PICK_UP,
1458,4,a,B-CLEANING_STATUS,PICK_UP,
1458,5,little,I-CLEANING_STATUS,PICK_UP,
1458,6,dirty,I-CLEANING_STATUS,PICK_UP,
1458,7,blue,B-COLOR,PICK_UP,
1458,8,sneaker,B-SHOE_TYPE,PICK_UP,
1458,9,on,B-LOCATION_RELATION,PICK_UP,
1458,10,the,O,PICK_UP,
1458,11,bottom,B-OBJECT_LOCATION,PICK_UP,
1458,12,shelf,I-OBJECT_LOCATION,PICK_UP,
1459,1,pick,O,PICK_UP,
1459,2,up,O,PICK_UP,
1459,3,the,O,PICK_UP,
1459,4,very,B-CLEANING_STATUS,PICK_UP,
1459,5,dirty,I-CLEANING_STATUS,PICK_UP,
1459,6,green,B-COLOR,PICK_UP,
1459,7,boot,B-SHOE_TYPE,PICK_UP,
1459,8,next,B-NEXT_TO_RELATION,PICK_UP,
1459,9,to,I-NEXT_TO_RELATION,PICK_UP,
1459,10,cleaner_1,B-OBJECT_ID,PICK_UP,
1460,1,pick,O,PICK_UP,
1460,2,up,O,PICK_UP,
1460,3,the,O,PICK_UP,
1460,4,dirty,B-CLEANING_STATUS,PICK_UP,
1460,5,red,B-COLOR,PICK_UP,
1460,6,sandal,B-SHOE_TYPE,PICK_UP,
1460,7,inside,B-LOCATION_RELATION,PICK_UP,
1460,8,the,O,PICK_UP,
1460,9,drying,B-OBJECT_LOCATION,PICK_UP,
1460,10,area,I-OBJECT_LOCATION,PICK_UP,
1461,1,pick,O,PICK_UP,
1461,2,up,O,PICK_UP,
1461,3,the,O,PICK_UP,
1461,4,clean,B-CLEANING_STATUS,PICK_UP,
1461,5,black,B-COLOR,PICK_UP,
1461,6,sneaker,B-SHOE_TYPE,PICK_UP,
1461,7,next,B-NEXT_TO_RELATION,PICK_UP,
1461,8,to,I-NEXT_TO_RELATION,PICK_UP,
1461,9,the,O,PICK_UP,
1461,10,blue,B-COLOR,PICK_UP,
1461,11,boot,B-SHOE_TYPE,PICK_UP,
1462,1,pick,O,PICK_UP,
1462,2,up,O,PICK_UP,
1462,3,the,O,PICK_UP,
1462,4,medium_dirty,B-CLEANING_STATUS,PICK_UP,
1462,5,brown,B-COLOR,PICK_UP,
1462,6,boot,B-SHOE_TYPE,PICK_UP,
1462,7,from,B-LOCATION_RELATION,PICK_UP,
1462,8,the,O,PICK_UP,
1462,9,top,B-OBJECT_LOCATION,PICK_UP,
1462,10,shelf,I-OBJECT_LOCATION,PICK_UP,
1463,1,pick,O,PICK_UP,
1463,2,up,O,PICK_UP,
1463,3,the,O,PICK_UP,
1463,4,a_little_dirty,B-CLEANING_STATUS,PICK_UP,
1463,5,blue,B-COLOR,PICK_UP,
1463,6,sandal,B-SHOE_TYPE,PICK_UP,
1463,7,next,B-NEXT_TO_RELATION,PICK_UP,
1463,8,to,I-NEXT_TO_RELATION,PICK_UP,
1463,9,rag_1,B-OBJECT_ID,PICK_UP,
1464,1,pick,O,PICK_UP,
1464,2,up,O,PICK_UP,
1464,3,the,O,PICK_UP,
1464,4,very_dirty,B-CLEANING_STATUS,PICK_UP,
1464,5,green,B-COLOR,PICK_UP,
1464,6,sneaker,B-SHOE_TYPE,PICK_UP,
1464,7,on,B-LOCATION_RELATION,PICK_UP,
1464,8,the,O,PICK_UP,
1464,9,floor,B-OBJECT_LOCATION,PICK_UP,
1465,1,pick,O,PICK_UP,
1465,2,up,O,PICK_UP,
1465,3,the,O,PICK_UP,
1465,4,dirty,B-CLEANING_STATUS,PICK_UP,
1465,5,red,B-COLOR,PICK_UP,
1465,6,boot,B-SHOE_TYPE,PICK_UP,
1466,1,pick,O,PICK_UP,
1466,2,up,O,PICK_UP,
1466,3,the,O,PICK_UP,
1466,4,clean,B-CLEANING_STATUS,PICK_UP,
1466,5,black,B-COLOR,PICK_UP,
1466,6,sandal,B-SHOE_TYPE,PICK_UP,
1467,1,move,O,MOVE,
1467,2,the,O,MOVE,
1467,3,medium,B-CLEANING_STATUS,MOVE,
1467,4,dirty,I-CLEANING_STATUS,MOVE,
1467,5,brown,B-COLOR,MOVE,
1467,6,sneaker,B-SHOE_TYPE,MOVE,
1467,7,next,B-NEXT_TO_RELATION,MOVE,
1467,8,to,I-NEXT_TO_RELATION,MOVE,
1467,9,spray_1,B-OBJECT_ID,MOVE,
1467,10,to,B-TARGET_LOCATION_RELATION,MOVE,
1467,11,the,O,MOVE,
1467,12,bottom,B-TARGET_LOCATION,MOVE,
1467,13,shelf,I-TARGET_LOCATION,MOVE,
1468,1,move,O,MOVE,
1468,2,the,O,MOVE,
1468,3,a,B-CLEANING_STATUS,MOVE,
1468,4,little,I-CLEANING_STATUS,MOVE,
1468,5,dirty,I-CLEANING_STATUS,MOVE,
1468,6,blue,B-COLOR,MOVE,
1468,7,boot,B-SHOE_TYPE,MOVE,
1468,8,from,B-LOCATION_RELATION,MOVE,
1468,9,the,O,MOVE,
1468,10,top,B-OBJECT_LOCATION,MOVE,
1468,11,shelf,I-OBJECT_LOCATION,MOVE,
1468,12,to,B-TARGET_LOCATION_RELATION,MOVE,
1468,13,the,O,MOVE,
1468,14,drying,B-TARGET_LOCATION,MOVE,
1468,15,area,I-TARGET_LOCATION,MOVE,
1469,1,move,O,MOVE,
1469,2,the,O,MOVE,
1469,3,very,B-CLEANING_STATUS,MOVE,
1469,4,dirty,I-CLEANING_STATUS,MOVE,
1469,5,green,B-COLOR,MOVE,
1469,6,sandal,B-SHOE_TYPE,MOVE,
1469,7,next,B-TARGET_NEXT_TO_RELATION,MOVE,
1469,8,to,I-TARGET_NEXT_TO_RELATION,MOVE,
1469,9,rag_1,B-OBJECT_ID,MOVE,
1470,1,move,O,MOVE,
1470,2,the,O,MOVE,
1470,3,dirty,B-CLEANING_STATUS,MOVE,
1470,4,red,B-COLOR,MOVE,
1470,5,sneaker,B-SHOE_TYPE,MOVE,
1470,6,on,B-LOCATION_RELATION,MOVE,
1470,7,the,O,MOVE,
1470,8,floor,B-OBJECT_LOCATION,MOVE,
1470,9,to,B-TARGET_LOCATION_RELATION,MOVE,
1470,10,the,O,MOVE,
1470,11,top,B-TARGET_LOCATION,MOVE,
1470,12,shelf,I-TARGET_LOCATION,MOVE,
1471,1,move,O,MOVE,
1471,2,the,O,MOVE,
1471,3,clean,B-CLEANING_STATUS,MOVE,
1471,4,black,B-COLOR,MOVE,
1471,5,boot,B-SHOE_TYPE,MOVE,
1471,6,next,B-TARGET_NEXT_TO_RELATION,MOVE,
1471,7,to,I-TARGET_NEXT_TO_RELATION,MOVE,
1471,8,the,O,MOVE,
1471,9,brown,B-COLOR,MOVE,
1471,10,sandal,B-SHOE_TYPE,MOVE,
1472,1,move,O,MOVE,
1472,2,the,O,MOVE,
1472,3,medium_dirty,B-CLEANING_STATUS,MOVE,
1472,4,brown,B-COLOR,MOVE,
1472,5,sandal,B-SHOE_TYPE,MOVE,
1472,6,from,B-LOCATION_RELATION,MOVE,
1472,7,the,O,MOVE,
1472,8,floor,B-OBJECT_LOCATION,MOVE,
1472,9,to,B-TARGET_LOCATION_RELATION,MOVE,
1472,10,the,O,MOVE,
1472,11,bottom,B-TARGET_LOCATION,MOVE,
1472,12,shelf,I-TARGET_LOCATION,MOVE,
1473,1,move,O,MOVE,
1473,2,the,O,MOVE,
1473,3,a_little_dirty,B-CLEANING_STATUS,MOVE,
1473,4,blue,B-COLOR,MOVE,
1473,5,sneaker,B-SHOE_TYPE,MOVE,
1473,6,next,B-TARGET_NEXT_TO_RELATION,MOVE,
1473,7,to,I-TARGET_NEXT_TO_RELATION,MOVE,
1473,8,cleaner_1,B-OBJECT_ID,MOVE,
1474,1,move,O,MOVE,
1474,2,the,O,MOVE,
1474,3,very_dirty,B-CLEANING_STATUS,MOVE,
1474,4,green,B-COLOR,MOVE,
1474,5,boot,B-SHOE_TYPE,MOVE,
1474,6,on,B-LOCATION_RELATION,MOVE,
1474,7,the,O,MOVE,
1474,8,bottom,B-OBJECT_LOCATION,MOVE,
1474,9,shelf,I-OBJECT_LOCATION,MOVE,
1474,10,to,B-TARGET_LOCATION_RELATION,MOVE,
1474,11,the,O,MOVE,
1474,12,tool,B-TARGET_LOCATION,MOVE,
1474,13,area,I-TARGET_LOCATION,MOVE,
1475,1,move,O,MOVE,
1475,2,the,O,MOVE,
1475,3,dirty,B-CLEANING_STATUS,MOVE,
1475,4,red,B-COLOR,MOVE,
1475,5,sandal,B-SHOE_TYPE,MOVE,
1475,6,next,B-TARGET_NEXT_TO_RELATION,MOVE,
1475,7,to,I-TARGET_NEXT_TO_RELATION,MOVE,
1475,8,the,O,MOVE,
1475,9,black,B-COLOR,MOVE,
1475,10,sneaker,B-SHOE_TYPE,MOVE,
1476,1,move,O,MOVE,
1476,2,the,O,MOVE,
1476,3,clean,B-CLEANING_STATUS,MOVE,
1476,4,black,B-COLOR,MOVE,
1476,5,sneaker,B-SHOE_TYPE,MOVE,
1476,6,from,B-LOCATION_RELATION,MOVE,
1476,7,the,O,MOVE,
1476,8,tool,B-OBJECT_LOCATION,MOVE,
1476,9,area,I-OBJECT_LOCATION,MOVE,
1476,10,to,B-TARGET_LOCATION_RELATION,MOVE,
1476,11,the,O,MOVE,
1476,12,middle,B-TARGET_LOCATION,MOVE,
1476,13,shelf,I-TARGET_LOCATION,MOVE,
1477,1,move,O,MOVE,
1477,2,the,O,MOVE,
1477,3,medium,B-CLEANING_STATUS,MOVE,
1477,4,dirty,I-CLEANING_STATUS,MOVE,
1477,5,brown,B-COLOR,MOVE,
1477,6,boot,B-SHOE_TYPE,MOVE,
1477,7,to,B-TARGET_LOCATION_RELATION,MOVE,
1477,8,the,O,MOVE,
1477,9,bottom,B-TARGET_LOCATION,MOVE,
1477,10,shelf,I-TARGET_LOCATION,MOVE,
1478,1,move,O,MOVE,
1478,2,the,O,MOVE,
1478,3,a,B-CLEANING_STATUS,MOVE,
1478,4,little,I-CLEANING_STATUS,MOVE,
1478,5,dirty,I-CLEANING_STATUS,MOVE,
1478,6,blue,B-COLOR,MOVE,
1478,7,sandal,B-SHOE_TYPE,MOVE,
1478,8,to,B-TARGET_LOCATION_RELATION,MOVE,
1478,9,the,O,MOVE,
1478,10,drying,B-TARGET_LOCATION,MOVE,
1478,11,area,I-TARGET_LOCATION,MOVE,
1479,1,put,O,PUT_DOWN,
1479,2,down,O,PUT_DOWN,
1479,3,the,O,PUT_DOWN,
1479,4,very,B-CLEANING_STATUS,PUT_DOWN,
1479,5,dirty,I-CLEANING_STATUS,PUT_DOWN,
1479,6,green,B-COLOR,PUT_DOWN,
1479,7,sneaker,B-SHOE_TYPE,PUT_DOWN,
1479,8,next,B-TARGET_NEXT_TO_RELATION,PUT_DOWN,
1479,9,to,I-TARGET_NEXT_TO_RELATION,PUT_DOWN,
1479,10,the,O,PUT_DOWN,
1479,11,blue,B-COLOR,PUT_DOWN,
1479,12,sandal,B-SHOE_TYPE,PUT_DOWN,
1479,13,in,B-LOCATION_RELATION,PUT_DOWN,
1479,14,the,O,PUT_DOWN,
1479,15,drying,B-OBJECT_LOCATION,PUT_DOWN,
1479,16,area,I-OBJECT_LOCATION,PUT_DOWN,
1480,1,put,O,PUT_DOWN,
1480,2,down,O,PUT_DOWN,
1480,3,the,O,PUT_DOWN,
1480,4,dirty,B-CLEANING_STATUS,PUT_DOWN,
1480,5,red,B-COLOR,PUT_DOWN,
1480,6,boot,B-SHOE_TYPE,PUT_DOWN,
1480,7,from,O,PUT_DOWN,
1480,8,the,O,PUT_DOWN,
1480,9,hand,O,PUT_DOWN,
1480,10,on,B-TARGET_LOCATION_RELATION,PUT_DOWN,
1480,11,the,O,PUT_DOWN,
1480,12,top,B-TARGET_LOCATION,PUT_DOWN,
1480,13,shelf,I-TARGET_LOCATION,PUT_DOWN,
1481,1,put,O,PUT_DOWN,
1481,2,down,O,PUT_DOWN,
1481,3,the,O,PUT_DOWN,
1481,4,clean,B-CLEANING_STATUS,PUT_DOWN,
1481,5,black,B-COLOR,PUT_DOWN,
1481,6,sandal,B-SHOE_TYPE,PUT_DOWN,
1481,7,next,B-TARGET_NEXT_TO_RELATION,PUT_DOWN,
1481,8,to,I-TARGET_NEXT_TO_RELATION,PUT_DOWN,
1481,9,rag_1,B-OBJECT_ID,PUT_DOWN,
1481,10,on,B-LOCATION_RELATION,PUT_DOWN,
1481,11,the,O,PUT_DOWN,
1481,12,middle,B-OBJECT_LOCATION,PUT_DOWN,
1481,13,shelf,I-OBJECT_LOCATION,PUT_DOWN,
1482,1,put,O,PUT_DOWN,
1482,2,down,O,PUT_DOWN,
1482,3,the,O,PUT_DOWN,
1482,4,medium_dirty,B-CLEANING_STATUS,PUT_DOWN,
1482,5,brown,B-COLOR,PUT_DOWN,
1482,6,sneaker,B-SHOE_TYPE,PUT_DOWN,
1482,7,next,B-TARGET_NEXT_TO_RELATION,PUT_DOWN,
1482,8,to,I-TARGET_NEXT_TO_RELATION,PUT_DOWN,
1482,9,brush_1,B-OBJECT_ID,PUT_DOWN,
1482,10,on,B-LOCATION_RELATION,PUT_DOWN,
1482,11,the,O,PUT_DOWN,
1482,12,bottom,B-OBJECT_LOCATION,PUT_DOWN,
1482,13,shelf,I-OBJECT_LOCATION,PUT_DOWN,
1483,1,put,O,PUT_DOWN,
1483,2,down,O,PUT_DOWN,
1483,3,the,O,PUT_DOWN,
1483,4,a_little_dirty,B-CLEANING_STATUS,PUT_DOWN,
1483,5,blue,B-COLOR,PUT_DOWN,
1483,6,boot,B-SHOE_TYPE,PUT_DOWN,
1483,7,inside,O,PUT_DOWN,
1483,8,the,O,PUT_DOWN,
1483,9,drying,O,PUT_DOWN,
1483,10,area,O,PUT_DOWN,
1483,11,next,B-TARGET_NEXT_TO_RELATION,PUT_DOWN,
1483,12,to,I-TARGET_NEXT_TO_RELATION,PUT_DOWN,
1483,13,the,O,PUT_DOWN,
1483,14,green,B-COLOR,PUT_DOWN,
1483,15,sandal,B-SHOE_TYPE,PUT_DOWN,
1484,1,put,O,PUT_DOWN,
1484,2,down,O,PUT_DOWN,
1484,3,the,O,PUT_DOWN,
1484,4,very_dirty,B-CLEANING_STATUS,PUT_DOWN,
1484,5,green,B-COLOR,PUT_DOWN,
1484,6,sandal,B-SHOE_TYPE,PUT_DOWN,
1484,7,next,B-TARGET_NEXT_TO_RELATION,PUT_DOWN,
1484,8,to,I-TARGET_NEXT_TO_RELATION,PUT_DOWN,
1484,9,cleaner_1,B-OBJECT_ID,PUT_DOWN,
1484,10,on,B-LOCATION_RELATION,PUT_DOWN,
1484,11,the,O,PUT_DOWN,
1484,12,tool,B-OBJECT_LOCATION,PUT_DOWN,
1484,13,area,I-OBJECT_LOCATION,PUT_DOWN,
1485,1,put,O,PUT_DOWN,
1485,2,down,O,PUT_DOWN,
1485,3,the,O,PUT_DOWN,
1485,4,dirty,B-CLEANING_STATUS,PUT_DOWN,
1485,5,red,B-COLOR,PUT_DOWN,
1485,6,sneaker,B-SHOE_TYPE,PUT_DOWN,
1485,7,on,B-TARGET_LOCATION_RELATION,PUT_DOWN,
1485,8,the,O,PUT_DOWN,
1485,9,top,B-TARGET_LOCATION,PUT_DOWN,
1485,10,shelf,I-TARGET_LOCATION,PUT_DOWN,
1486,1,put,O,PUT_DOWN,
1486,2,down,O,PUT_DOWN,
1486,3,the,O,PUT_DOWN,
1486,4,clean,B-CLEANING_STATUS,PUT_DOWN,
1486,5,black,B-COLOR,PUT_DOWN,
1486,6,boot,B-SHOE_TYPE,PUT_DOWN,
1486,7,next,B-TARGET_NEXT_TO_RELATION,PUT_DOWN,
1486,8,to,I-TARGET_NEXT_TO_RELATION,PUT_DOWN,
1486,9,the,O,PUT_DOWN,
1486,10,brown,B-COLOR,PUT_DOWN,
1486,11,sandal,B-SHOE_TYPE,PUT_DOWN,
1486,12,on,B-LOCATION_RELATION,PUT_DOWN,
1486,13,the,O,PUT_DOWN,
1486,14,middle,B-OBJECT_LOCATION,PUT_DOWN,
1486,15,shelf,I-OBJECT_LOCATION,PUT_DOWN,
1487,1,put,O,PUT_DOWN,
1487,2,down,O,PUT_DOWN,
1487,3,the,O,PUT_DOWN,
1487,4,medium,B-CLEANING_STATUS,PUT_DOWN,
1487,5,dirty,I-CLEANING_STATUS,PUT_DOWN,
1487,6,brown,B-COLOR,PUT_DOWN,
1487,7,sandal,B-SHOE_TYPE,PUT_DOWN,
1487,8,on,O,PUT_DOWN,
1487,9,the,O,PUT_DOWN,
1487,10,bottom,O,PUT_DOWN,
1487,11,shelf,O,PUT_DOWN,
1487,12,next,B-TARGET_NEXT_TO_RELATION,PUT_DOWN,
1487,13,to,I-TARGET_NEXT_TO_RELATION,PUT_DOWN,
1487,14,spray_1,B-OBJECT_ID,PUT_DOWN,
1488,1,put,O,PUT_DOWN,
1488,2,down,O,PUT_DOWN,
1488,3,the,O,PUT_DOWN,
1488,4,a,B-CLEANING_STATUS,PUT_DOWN,
1488,5,little,I-CLEANING_STATUS,PUT_DOWN,
1488,6,dirty,I-CLEANING_STATUS,PUT_DOWN,
1488,7,blue,B-COLOR,PUT_DOWN,
1488,8,sneaker,B-SHOE_TYPE,PUT_DOWN,
1488,9,inside,O,PUT_DOWN,
1488,10,the,O,PUT_DOWN,
1488,11,drying,O,PUT_DOWN,
1488,12,area,O,PUT_DOWN,
1488,13,next,B-TARGET_NEXT_TO_RELATION,PUT_DOWN,
1488,14,to,I-TARGET_NEXT_TO_RELATION,PUT_DOWN,
1488,15,the,O,PUT_DOWN,
1488,16,black,B-COLOR,PUT_DOWN,
1488,17,boot,B-SHOE_TYPE,PUT_DOWN,
1489,1,protect,O,IMPREGNATE,
1489,2,the,O,IMPREGNATE,
1489,3,unprotected,B-IMPREGNATION_STATUS,IMPREGNATE,
1489,4,red,B-COLOR,IMPREGNATE,
1489,5,canvas,B-MATERIAL,IMPREGNATE,
1489,6,sneaker,B-SHOE_TYPE,IMPREGNATE,
1489,7,next,B-NEXT_TO_RELATION,IMPREGNATE,
1489,8,to,I-NEXT_TO_RELATION,IMPREGNATE,
1489,9,the,O,IMPREGNATE,
1489,10,black,B-COLOR,IMPREGNATE,
1489,11,boot,B-SHOE_TYPE,IMPREGNATE,
1489,12,with,B-BEFORE_SENTENCE_SPLIT,IMPREGNATE,
1489,13,spray_1,B-OBJECT_ID,IMPREGNATE,
1489,14,from,B-LOCATION_RELATION,IMPREGNATE,
1489,15,the,O,IMPREGNATE,
1489,16,tool,B-OBJECT_LOCATION,IMPREGNATE,
1489,17,area,I-OBJECT_LOCATION,IMPREGNATE,
1490,1,protect,O,IMPREGNATE,
1490,2,the,O,IMPREGNATE,
1490,3,protected,B-IMPREGNATION_STATUS,IMPREGNATE,
1490,4,black,B-COLOR,IMPREGNATE,
1490,5,leather,B-MATERIAL,IMPREGNATE,
1490,6,boot,B-SHOE_TYPE,IMPREGNATE,
1490,7,on,B-LOCATION_RELATION,IMPREGNATE,
1490,8,the,O,IMPREGNATE,
1490,9,middle,B-OBJECT_LOCATION,IMPREGNATE,
1490,10,shelf,I-OBJECT_LOCATION,IMPREGNATE,
1490,11,with,B-BEFORE_SENTENCE_SPLIT,IMPREGNATE,
1490,12,cream_1,B-OBJECT_ID,IMPREGNATE,
1490,13,next,B-NEXT_TO_RELATION,IMPREGNATE,
1490,14,to,I-NEXT_TO_RELATION,IMPREGNATE,
1490,15,spray_1,B-OBJECT_ID,IMPREGNATE,
1491,1,protect,O,IMPREGNATE,
1491,2,the,O,IMPREGNATE,
1491,3,partly_protected,B-IMPREGNATION_STATUS,IMPREGNATE,
1491,4,brown,B-COLOR,IMPREGNATE,
1491,5,suede,B-MATERIAL,IMPREGNATE,
1491,6,sandal,B-SHOE_TYPE,IMPREGNATE,
1491,7,next,B-NEXT_TO_RELATION,IMPREGNATE,
1491,8,to,I-NEXT_TO_RELATION,IMPREGNATE,
1491,9,the,O,IMPREGNATE,
1491,10,green,B-COLOR,IMPREGNATE,
1491,11,sneaker,B-SHOE_TYPE,IMPREGNATE,
1491,12,with,B-BEFORE_SENTENCE_SPLIT,IMPREGNATE,
1491,13,spray_1,B-OBJECT_ID,IMPREGNATE,
1491,14,inside,B-LOCATION_RELATION,IMPREGNATE,
1491,15,the,O,IMPREGNATE,
1491,16,tool,B-OBJECT_LOCATION,IMPREGNATE,
1491,17,area,I-OBJECT_LOCATION,IMPREGNATE,
1492,1,protect,O,IMPREGNATE,
1492,2,the,O,IMPREGNATE,
1492,3,unprotected,B-IMPREGNATION_STATUS,IMPREGNATE,
1492,4,blue,B-COLOR,IMPREGNATE,
1492,5,rubber,B-MATERIAL,IMPREGNATE,
1492,6,sneaker,B-SHOE_TYPE,IMPREGNATE,
1492,7,from,B-LOCATION_RELATION,IMPREGNATE,
1492,8,the,O,IMPREGNATE,
1492,9,bottom,B-OBJECT_LOCATION,IMPREGNATE,
1492,10,shelf,I-OBJECT_LOCATION,IMPREGNATE,
1492,11,with,B-BEFORE_SENTENCE_SPLIT,IMPREGNATE,
1492,12,cream_1,B-OBJECT_ID,IMPREGNATE,
1492,13,next,B-NEXT_TO_RELATION,IMPREGNATE,
1492,14,to,I-NEXT_TO_RELATION,IMPREGNATE,
1492,15,the,O,IMPREGNATE,
1492,16,spray,B-IMPREGNATION_TOOL_TYPE,IMPREGNATE,
1493,1,protect,O,IMPREGNATE,
1493,2,the,O,IMPREGNATE,
1493,3,protected,B-IMPREGNATION_STATUS,IMPREGNATE,
1493,4,green,B-COLOR,IMPREGNATE,
1493,5,canvas,B-MATERIAL,IMPREGNATE,
1493,6,boot,B-SHOE_TYPE,IMPREGNATE,
1493,7,next,B-NEXT_TO_RELATION,IMPREGNATE,
1493,8,to,I-NEXT_TO_RELATION,IMPREGNATE,
1493,9,the,O,IMPREGNATE,
1493,10,red,B-COLOR,IMPREGNATE,
1493,11,sandal,B-SHOE_TYPE,IMPREGNATE,
1493,12,using,B-BEFORE_SENTENCE_SPLIT,IMPREGNATE,
1493,13,spray_1,B-OBJECT_ID,IMPREGNATE,
1493,14,on,B-LOCATION_RELATION,IMPREGNATE,
1493,15,the,O,IMPREGNATE,
1493,16,tool,B-OBJECT_LOCATION,IMPREGNATE,
1493,17,area,I-OBJECT_LOCATION,IMPREGNATE,
1494,1,protect,O,IMPREGNATE,
1494,2,the,O,IMPREGNATE,
1494,3,partly,B-IMPREGNATION_STATUS,IMPREGNATE,
1494,4,protected,I-IMPREGNATION_STATUS,IMPREGNATE,
1494,5,red,B-COLOR,IMPREGNATE,
1494,6,leather,B-MATERIAL,IMPREGNATE,
1494,7,sandal,B-SHOE_TYPE,IMPREGNATE,
1494,8,inside,B-LOCATION_RELATION,IMPREGNATE,
1494,9,the,O,IMPREGNATE,
1494,10,drying,B-OBJECT_LOCATION,IMPREGNATE,
1494,11,area,I-OBJECT_LOCATION,IMPREGNATE,
1494,12,with,B-BEFORE_SENTENCE_SPLIT,IMPREGNATE,
1494,13,cream_1,B-OBJECT_ID,IMPREGNATE,
1494,14,next,B-NEXT_TO_RELATION,IMPREGNATE,
1494,15,to,I-NEXT_TO_RELATION,IMPREGNATE,
1494,16,spray_1,B-OBJECT_ID,IMPREGNATE,
1495,1,protect,O,IMPREGNATE,
1495,2,the,O,IMPREGNATE,
1495,3,unprotected,B-IMPREGNATION_STATUS,IMPREGNATE,
1495,4,black,B-COLOR,IMPREGNATE,
1495,5,suede,B-MATERIAL,IMPREGNATE,
1495,6,sneaker,B-SHOE_TYPE,IMPREGNATE,
1495,7,next,B-NEXT_TO_RELATION,IMPREGNATE,
1495,8,to,I-NEXT_TO_RELATION,IMPREGNATE,
1495,9,the,O,IMPREGNATE,
1495,10,brown,B-COLOR,IMPREGNATE,
1495,11,boot,B-SHOE_TYPE,IMPREGNATE,
1495,12,with,B-BEFORE_SENTENCE_SPLIT,IMPREGNATE,
1495,13,spray_1,B-OBJECT_ID,IMPREGNATE,
1495,14,from,B-LOCATION_RELATION,IMPREGNATE,
1495,15,the,O,IMPREGNATE,
1495,16,tool,B-OBJECT_LOCATION,IMPREGNATE,
1495,17,area,I-OBJECT_LOCATION,IMPREGNATE,
1496,1,protect,O,IMPREGNATE,
1496,2,the,O,IMPREGNATE,
1496,3,protected,B-IMPREGNATION_STATUS,IMPREGNATE,
1496,4,brown,B-COLOR,IMPREGNATE,
1496,5,rubber,B-MATERIAL,IMPREGNATE,
1496,6,boot,B-SHOE_TYPE,IMPREGNATE,
1496,7,on,B-LOCATION_RELATION,IMPREGNATE,
1496,8,the,O,IMPREGNATE,
1496,9,floor,B-OBJECT_LOCATION,IMPREGNATE,
1496,10,with,B-BEFORE_SENTENCE_SPLIT,IMPREGNATE,
1496,11,cream_1,B-OBJECT_ID,IMPREGNATE,
1496,12,next,B-NEXT_TO_RELATION,IMPREGNATE,
1496,13,to,I-NEXT_TO_RELATION,IMPREGNATE,
1496,14,the,O,IMPREGNATE,
1496,15,spray,B-IMPREGNATION_TOOL_TYPE,IMPREGNATE,
1497,1,protect,O,IMPREGNATE,
1497,2,the,O,IMPREGNATE,
1497,3,partly_protected,B-IMPREGNATION_STATUS,IMPREGNATE,
1497,4,blue,B-COLOR,IMPREGNATE,
1497,5,canvas,B-MATERIAL,IMPREGNATE,
1497,6,sandal,B-SHOE_TYPE,IMPREGNATE,
1497,7,next,B-NEXT_TO_RELATION,IMPREGNATE,
1497,8,to,I-NEXT_TO_RELATION,IMPREGNATE,
1497,9,the,O,IMPREGNATE,
1497,10,red,B-COLOR,IMPREGNATE,
1497,11,sneaker,B-SHOE_TYPE,IMPREGNATE,
1497,12,with,B-BEFORE_SENTENCE_SPLIT,IMPREGNATE,
1497,13,spray_1,B-OBJECT_ID,IMPREGNATE,
1497,14,on,B-LOCATION_RELATION,IMPREGNATE,
1497,15,the,O,IMPREGNATE,
1497,16,top,B-OBJECT_LOCATION,IMPREGNATE,
1497,17,shelf,I-OBJECT_LOCATION,IMPREGNATE,
1498,1,protect,O,IMPREGNATE,
1498,2,the,O,IMPREGNATE,
1498,3,unprotected,B-IMPREGNATION_STATUS,IMPREGNATE,
1498,4,green,B-COLOR,IMPREGNATE,
1498,5,leather,B-MATERIAL,IMPREGNATE,
1498,6,sneaker,B-SHOE_TYPE,IMPREGNATE,
1498,7,next,B-NEXT_TO_RELATION,IMPREGNATE,
1498,8,to,I-NEXT_TO_RELATION,IMPREGNATE,
1498,9,the,O,IMPREGNATE,
1498,10,boot,B-SHOE_TYPE,IMPREGNATE,
1498,11,inside,B-LOCATION_RELATION,IMPREGNATE,
1498,12,the,O,IMPREGNATE,
1498,13,drying,B-OBJECT_LOCATION,IMPREGNATE,
1498,14,area,I-OBJECT_LOCATION,IMPREGNATE,
1498,15,with,B-BEFORE_SENTENCE_SPLIT,IMPREGNATE,
1498,16,cream_1,B-OBJECT_ID,IMPREGNATE,
1498,17,next,B-NEXT_TO_RELATION,IMPREGNATE,
1498,18,to,I-NEXT_TO_RELATION,IMPREGNATE,
1498,19,spray_1,B-OBJECT_ID,IMPREGNATE,
1499,1,protect,O,IMPREGNATE,
1499,2,the,O,IMPREGNATE,
1499,3,protected,B-IMPREGNATION_STATUS,IMPREGNATE,
1499,4,red,B-COLOR,IMPREGNATE,
1499,5,suede,B-MATERIAL,IMPREGNATE,
1499,6,boot,B-SHOE_TYPE,IMPREGNATE,
1499,7,with,B-BEFORE_SENTENCE_SPLIT,IMPREGNATE,
1499,8,spray_1,B-OBJECT_ID,IMPREGNATE,
1500,1,protect,O,IMPREGNATE,
1500,2,the,O,IMPREGNATE,
1500,3,partly,B-IMPREGNATION_STATUS,IMPREGNATE,
1500,4,protected,I-IMPREGNATION_STATUS,IMPREGNATE,
1500,5,black,B-COLOR,IMPREGNATE,
1500,6,rubber,B-MATERIAL,IMPREGNATE,
1500,7,sandal,B-SHOE_TYPE,IMPREGNATE,
1500,8,with,B-BEFORE_SENTENCE_SPLIT,IMPREGNATE,
1500,9,cream_1,B-OBJECT_ID,IMPREGNATE,
1501,1,protect,O,IMPREGNATE,
1501,2,the,O,IMPREGNATE,
1501,3,unprotected,B-IMPREGNATION_STATUS,IMPREGNATE,
1501,4,brown,B-COLOR,IMPREGNATE,
1501,5,canvas,B-MATERIAL,IMPREGNATE,
1501,6,sneaker,B-SHOE_TYPE,IMPREGNATE,
1501,7,with,B-BEFORE_SENTENCE_SPLIT,IMPREGNATE,
1501,8,spray_1,B-OBJECT_ID,IMPREGNATE,
1502,1,protect,O,IMPREGNATE,
1502,2,the,O,IMPREGNATE,
1502,3,protected,B-IMPREGNATION_STATUS,IMPREGNATE,
1502,4,blue,B-COLOR,IMPREGNATE,
1502,5,leather,B-MATERIAL,IMPREGNATE,
1502,6,boot,B-SHOE_TYPE,IMPREGNATE,
1502,7,using,B-BEFORE_SENTENCE_SPLIT,IMPREGNATE,
1502,8,cream_1,B-OBJECT_ID,IMPREGNATE,
1503,1,protect,O,IMPREGNATE,
1503,2,the,O,IMPREGNATE,
1503,3,partly_protected,B-IMPREGNATION_STATUS,IMPREGNATE,
1503,4,green,B-COLOR,IMPREGNATE,
1503,5,suede,B-MATERIAL,IMPREGNATE,
1503,6,sandal,B-SHOE_TYPE,IMPREGNATE,
1503,7,with,B-BEFORE_SENTENCE_SPLIT,IMPREGNATE,
1503,8,spray_1,B-OBJECT_ID,IMPREGNATE,
1504,1,protect,O,IMPREGNATE,
1504,2,the,O,IMPREGNATE,
1504,3,unprotected,B-IMPREGNATION_STATUS,IMPREGNATE,
1504,4,red,B-COLOR,IMPREGNATE,
1504,5,rubber,B-MATERIAL,IMPREGNATE,
1504,6,sneaker,B-SHOE_TYPE,IMPREGNATE,
1504,7,with,B-BEFORE_SENTENCE_SPLIT,IMPREGNATE,
1504,8,cream_1,B-OBJECT_ID,IMPREGNATE,
1505,1,pick,O,PICK_UP,
1505,2,up,O,PICK_UP,
1505,3,the,O,PICK_UP,
1505,4,protected,B-IMPREGNATION_STATUS,PICK_UP,
1505,5,black,B-COLOR,PICK_UP,
1505,6,boot,B-SHOE_TYPE,PICK_UP,
1506,1,pick,O,PICK_UP,
1506,2,up,O,PICK_UP,
1506,3,the,O,PICK_UP,
1506,4,partly,B-IMPREGNATION_STATUS,PICK_UP,
1506,5,protected,I-IMPREGNATION_STATUS,PICK_UP,
1506,6,brown,B-COLOR,PICK_UP,
1506,7,sandal,B-SHOE_TYPE,PICK_UP,
1507,1,pick,O,PICK_UP,
1507,2,up,O,PICK_UP,
1507,3,the,O,PICK_UP,
1507,4,unprotected,B-IMPREGNATION_STATUS,PICK_UP,
1507,5,blue,B-COLOR,PICK_UP,
1507,6,sneaker,B-SHOE_TYPE,PICK_UP,
1508,1,pick,O,PICK_UP,
1508,2,up,O,PICK_UP,
1508,3,the,O,PICK_UP,
1508,4,protected,B-IMPREGNATION_STATUS,PICK_UP,
1508,5,green,B-COLOR,PICK_UP,
1508,6,boot,B-SHOE_TYPE,PICK_UP,
1509,1,pick,O,PICK_UP,
1509,2,up,O,PICK_UP,
1509,3,the,O,PICK_UP,
1509,4,partly_protected,B-IMPREGNATION_STATUS,PICK_UP,
1509,5,red,B-COLOR,PICK_UP,
1509,6,sandal,B-SHOE_TYPE,PICK_UP,
1510,1,pick,O,PICK_UP,
1510,2,up,O,PICK_UP,
1510,3,the,O,PICK_UP,
1510,4,unprotected,B-IMPREGNATION_STATUS,PICK_UP,
1510,5,black,B-COLOR,PICK_UP,
1510,6,sneaker,B-SHOE_TYPE,PICK_UP,
1511,1,pick,O,PICK_UP,
1511,2,up,O,PICK_UP,
1511,3,the,O,PICK_UP,
1511,4,protected,B-IMPREGNATION_STATUS,PICK_UP,
1511,5,brown,B-COLOR,PICK_UP,
1511,6,boot,B-SHOE_TYPE,PICK_UP,
1512,1,pick,O,PICK_UP,
1512,2,up,O,PICK_UP,
1512,3,the,O,PICK_UP,
1512,4,partly,B-IMPREGNATION_STATUS,PICK_UP,
1512,5,protected,I-IMPREGNATION_STATUS,PICK_UP,
1512,6,blue,B-COLOR,PICK_UP,
1512,7,sandal,B-SHOE_TYPE,PICK_UP,
1513,1,pick,O,PICK_UP,
1513,2,up,O,PICK_UP,
1513,3,the,O,PICK_UP,
1513,4,unprotected,B-IMPREGNATION_STATUS,PICK_UP,
1513,5,green,B-COLOR,PICK_UP,
1513,6,sneaker,B-SHOE_TYPE,PICK_UP,
1514,1,pick,O,PICK_UP,
1514,2,up,O,PICK_UP,
1514,3,the,O,PICK_UP,
1514,4,protected,B-IMPREGNATION_STATUS,PICK_UP,
1514,5,red,B-COLOR,PICK_UP,
1514,6,boot,B-SHOE_TYPE,PICK_UP,
1515,1,move,O,MOVE,
1515,2,the,O,MOVE,
1515,3,partly_protected,B-IMPREGNATION_STATUS,MOVE,
1515,4,black,B-COLOR,MOVE,
1515,5,sandal,B-SHOE_TYPE,MOVE,
1515,6,to,B-TARGET_LOCATION_RELATION,MOVE,
1515,7,the,O,MOVE,
1515,8,middle,B-TARGET_LOCATION,MOVE,
1515,9,shelf,I-TARGET_LOCATION,MOVE,
1516,1,move,O,MOVE,
1516,2,the,O,MOVE,
1516,3,unprotected,B-IMPREGNATION_STATUS,MOVE,
1516,4,brown,B-COLOR,MOVE,
1516,5,sneaker,B-SHOE_TYPE,MOVE,
1516,6,to,B-TARGET_LOCATION_RELATION,MOVE,
1516,7,the,O,MOVE,
1516,8,bottom,B-TARGET_LOCATION,MOVE,
1516,9,shelf,I-TARGET_LOCATION,MOVE,
1517,1,move,O,MOVE,
1517,2,the,O,MOVE,
1517,3,protected,B-IMPREGNATION_STATUS,MOVE,
1517,4,blue,B-COLOR,MOVE,
1517,5,boot,B-SHOE_TYPE,MOVE,
1517,6,to,B-TARGET_LOCATION_RELATION,MOVE,
1517,7,the,O,MOVE,
1517,8,drying,B-TARGET_LOCATION,MOVE,
1517,9,area,I-TARGET_LOCATION,MOVE,
1518,1,move,O,MOVE,
1518,2,the,O,MOVE,
1518,3,partly,B-IMPREGNATION_STATUS,MOVE,
1518,4,protected,I-IMPREGNATION_STATUS,MOVE,
1518,5,green,B-COLOR,MOVE,
1518,6,sandal,B-SHOE_TYPE,MOVE,
1518,7,to,B-TARGET_LOCATION_RELATION,MOVE,
1518,8,the,O,MOVE,
1518,9,tool,B-TARGET_LOCATION,MOVE,
1518,10,area,I-TARGET_LOCATION,MOVE,
1519,1,move,O,MOVE,
1519,2,the,O,MOVE,
1519,3,unprotected,B-IMPREGNATION_STATUS,MOVE,
1519,4,red,B-COLOR,MOVE,
1519,5,sneaker,B-SHOE_TYPE,MOVE,
1519,6,to,B-TARGET_LOCATION_RELATION,MOVE,
1519,7,the,O,MOVE,
1519,8,top,B-TARGET_LOCATION,MOVE,
1519,9,shelf,I-TARGET_LOCATION,MOVE,
1520,1,move,O,MOVE,
1520,2,the,O,MOVE,
1520,3,protected,B-IMPREGNATION_STATUS,MOVE,
1520,4,black,B-COLOR,MOVE,
1520,5,boot,B-SHOE_TYPE,MOVE,
1520,6,to,B-TARGET_LOCATION_RELATION,MOVE,
1520,7,the,O,MOVE,
1520,8,middle,B-TARGET_LOCATION,MOVE,
1520,9,shelf,I-TARGET_LOCATION,MOVE,
1521,1,move,O,MOVE,
1521,2,the,O,MOVE,
1521,3,partly_protected,B-IMPREGNATION_STATUS,MOVE,
1521,4,brown,B-COLOR,MOVE,
1521,5,sandal,B-SHOE_TYPE,MOVE,
1521,6,to,B-TARGET_LOCATION_RELATION,MOVE,
1521,7,the,O,MOVE,
1521,8,bottom,B-TARGET_LOCATION,MOVE,
1521,9,shelf,I-TARGET_LOCATION,MOVE,
1522,1,move,O,MOVE,
1522,2,the,O,MOVE,
1522,3,unprotected,B-IMPREGNATION_STATUS,MOVE,
1522,4,blue,B-COLOR,MOVE,
1522,5,sneaker,B-SHOE_TYPE,MOVE,
1522,6,to,B-TARGET_LOCATION_RELATION,MOVE,
1522,7,the,O,MOVE,
1522,8,drying,B-TARGET_LOCATION,MOVE,
1522,9,area,I-TARGET_LOCATION,MOVE,
1523,1,move,O,MOVE,
1523,2,the,O,MOVE,
1523,3,protected,B-IMPREGNATION_STATUS,MOVE,
1523,4,green,B-COLOR,MOVE,
1523,5,boot,B-SHOE_TYPE,MOVE,
1523,6,to,B-TARGET_LOCATION_RELATION,MOVE,
1523,7,the,O,MOVE,
1523,8,tool,B-TARGET_LOCATION,MOVE,
1523,9,area,I-TARGET_LOCATION,MOVE,
1524,1,move,O,MOVE,
1524,2,the,O,MOVE,
1524,3,partly,B-IMPREGNATION_STATUS,MOVE,
1524,4,protected,I-IMPREGNATION_STATUS,MOVE,
1524,5,red,B-COLOR,MOVE,
1524,6,sandal,B-SHOE_TYPE,MOVE,
1524,7,to,B-TARGET_LOCATION_RELATION,MOVE,
1524,8,the,O,MOVE,
1524,9,top,B-TARGET_LOCATION,MOVE,
1524,10,shelf,I-TARGET_LOCATION,MOVE,
1525,1,go,O,GO_ON_WALK,
1525,2,on,O,GO_ON_WALK,
1525,3,a,O,GO_ON_WALK,
1525,4,short,B-WALK_LENGTH,GO_ON_WALK,
1525,5,walk,O,GO_ON_WALK,
1525,6,with,O,GO_ON_WALK,
1525,7,the,O,GO_ON_WALK,
1525,8,unprotected,B-IMPREGNATION_STATUS,GO_ON_WALK,
1525,9,black,B-COLOR,GO_ON_WALK,
1525,10,sneaker,B-SHOE_TYPE,GO_ON_WALK,
1525,11,next,B-NEXT_TO_RELATION,GO_ON_WALK,
1525,12,to,I-NEXT_TO_RELATION,GO_ON_WALK,
1525,13,the,O,GO_ON_WALK,
1525,14,brown,B-COLOR,GO_ON_WALK,
1525,15,boot,B-SHOE_TYPE,GO_ON_WALK,
1525,16,in,O,GO_ON_WALK,
1525,17,sunny,B-WALK_WEATHER,GO_ON_WALK,
1525,18,weather,I-WALK_WEATHER,GO_ON_WALK,
1526,1,go,O,GO_ON_WALK,
1526,2,on,O,GO_ON_WALK,
1526,3,a,O,GO_ON_WALK,
1526,4,normal,B-WALK_LENGTH,GO_ON_WALK,
1526,5,walk,O,GO_ON_WALK,
1526,6,with,O,GO_ON_WALK,
1526,7,the,O,GO_ON_WALK,
1526,8,protected,B-IMPREGNATION_STATUS,GO_ON_WALK,
1526,9,brown,B-COLOR,GO_ON_WALK,
1526,10,boot,B-SHOE_TYPE,GO_ON_WALK,
1526,11,from,B-LOCATION_RELATION,GO_ON_WALK,
1526,12,the,O,GO_ON_WALK,
1526,13,top,B-OBJECT_LOCATION,GO_ON_WALK,
1526,14,shelf,I-OBJECT_LOCATION,GO_ON_WALK,
1526,15,in,O,GO_ON_WALK,
1526,16,snowy,B-WALK_WEATHER,GO_ON_WALK,
1526,17,weather,I-WALK_WEATHER,GO_ON_WALK,
1527,1,go,O,GO_ON_WALK,
1527,2,on,O,GO_ON_WALK,
1527,3,a,O,GO_ON_WALK,
1527,4,short,B-WALK_LENGTH,GO_ON_WALK,
1527,5,walk,O,GO_ON_WALK,
1527,6,with,O,GO_ON_WALK,
1527,7,the,O,GO_ON_WALK,
1527,8,partly_protected,B-IMPREGNATION_STATUS,GO_ON_WALK,
1527,9,blue,B-COLOR,GO_ON_WALK,
1527,10,sandal,B-SHOE_TYPE,GO_ON_WALK,
1527,11,next,B-NEXT_TO_RELATION,GO_ON_WALK,
1527,12,to,I-NEXT_TO_RELATION,GO_ON_WALK,
1527,13,the,O,GO_ON_WALK,
1527,14,rag,B-CLEANING_TOOL_TYPE,GO_ON_WALK,
1527,15,in,O,GO_ON_WALK,
1527,16,stormy,B-WALK_WEATHER,GO_ON_WALK,
1527,17,weather,I-WALK_WEATHER,GO_ON_WALK,
1528,1,go,O,GO_ON_WALK,
1528,2,on,O,GO_ON_WALK,
1528,3,a,O,GO_ON_WALK,
1528,4,short,B-WALK_LENGTH,GO_ON_WALK,
1528,5,walk,O,GO_ON_WALK,
1528,6,with,O,GO_ON_WALK,
1528,7,the,O,GO_ON_WALK,
1528,8,unprotected,B-IMPREGNATION_STATUS,GO_ON_WALK,
1528,9,green,B-COLOR,GO_ON_WALK,
1528,10,sneaker,B-SHOE_TYPE,GO_ON_WALK,
1528,11,on,B-LOCATION_RELATION,GO_ON_WALK,
1528,12,the,O,GO_ON_WALK,
1528,13,bottom,B-OBJECT_LOCATION,GO_ON_WALK,
1528,14,shelf,I-OBJECT_LOCATION,GO_ON_WALK,
1528,15,in,O,GO_ON_WALK,
1528,16,stormy,B-WALK_WEATHER,GO_ON_WALK,
1528,17,weather,I-WALK_WEATHER,GO_ON_WALK,
1529,1,go,O,GO_ON_WALK,
1529,2,on,O,GO_ON_WALK,
1529,3,a,O,GO_ON_WALK,
1529,4,short,B-WALK_LENGTH,GO_ON_WALK,
1529,5,walk,O,GO_ON_WALK,
1529,6,with,O,GO_ON_WALK,
1529,7,the,O,GO_ON_WALK,
1529,8,protected,B-IMPREGNATION_STATUS,GO_ON_WALK,
1529,9,red,B-COLOR,GO_ON_WALK,
1529,10,boot,B-SHOE_TYPE,GO_ON_WALK,
1529,11,next,B-NEXT_TO_RELATION,GO_ON_WALK,
1529,12,to,I-NEXT_TO_RELATION,GO_ON_WALK,
1529,13,spray_1,B-OBJECT_ID,GO_ON_WALK,
1529,14,in,O,GO_ON_WALK,
1529,15,rainy,B-WALK_WEATHER,GO_ON_WALK,
1529,16,weather,I-WALK_WEATHER,GO_ON_WALK,
1530,1,go,O,GO_ON_WALK,
1530,2,on,O,GO_ON_WALK,
1530,3,a,O,GO_ON_WALK,
1530,4,medium,B-WALK_LENGTH,GO_ON_WALK,
1530,5,long,B-WALK_LENGTH,GO_ON_WALK,
1530,6,walk,O,GO_ON_WALK,
1530,7,with,O,GO_ON_WALK,
1530,8,the,O,GO_ON_WALK,
1530,9,partly,B-IMPREGNATION_STATUS,GO_ON_WALK,
1530,10,protected,I-IMPREGNATION_STATUS,GO_ON_WALK,
1530,11,black,B-COLOR,GO_ON_WALK,
1530,12,sandal,B-SHOE_TYPE,GO_ON_WALK,
1530,13,inside,B-LOCATION_RELATION,GO_ON_WALK,
1530,14,the,O,GO_ON_WALK,
1530,15,drying,B-OBJECT_LOCATION,GO_ON_WALK,
1530,16,area,I-OBJECT_LOCATION,GO_ON_WALK,
1530,17,in,O,GO_ON_WALK,
1530,18,sunny,B-WALK_WEATHER,GO_ON_WALK,
1530,19,weather,I-WALK_WEATHER,GO_ON_WALK,
1531,1,go,O,GO_ON_WALK,
1531,2,on,O,GO_ON_WALK,
1531,3,a,O,GO_ON_WALK,
1531,4,regular,B-WALK_LENGTH,GO_ON_WALK,
1531,5,walk,O,GO_ON_WALK,
1531,6,with,O,GO_ON_WALK,
1531,7,the,O,GO_ON_WALK,
1531,8,unprotected,B-IMPREGNATION_STATUS,GO_ON_WALK,
1531,9,brown,B-COLOR,GO_ON_WALK,
1531,10,sneaker,B-SHOE_TYPE,GO_ON_WALK,
1531,11,next,B-NEXT_TO_RELATION,GO_ON_WALK,
1531,12,to,I-NEXT_TO_RELATION,GO_ON_WALK,
1531,13,the,O,GO_ON_WALK,
1531,14,green,B-COLOR,GO_ON_WALK,
1531,15,boot,B-SHOE_TYPE,GO_ON_WALK,
1531,16,in,O,GO_ON_WALK,
1531,17,snowy,B-WALK_WEATHER,GO_ON_WALK,
1531,18,weather,I-WALK_WEATHER,GO_ON_WALK,
1532,1,go,O,GO_ON_WALK,
1532,2,on,O,GO_ON_WALK,
1532,3,a,O,GO_ON_WALK,
1532,4,short,B-WALK_LENGTH,GO_ON_WALK,
1532,5,walk,O,GO_ON_WALK,
1532,6,with,O,GO_ON_WALK,
1532,7,the,O,GO_ON_WALK,
1532,8,protected,B-IMPREGNATION_STATUS,GO_ON_WALK,
1532,9,blue,B-COLOR,GO_ON_WALK,
1532,10,boot,B-SHOE_TYPE,GO_ON_WALK,
1532,11,from,B-LOCATION_RELATION,GO_ON_WALK,
1532,12,the,O,GO_ON_WALK,
1532,13,middle,B-OBJECT_LOCATION,GO_ON_WALK,
1532,14,shelf,I-OBJECT_LOCATION,GO_ON_WALK,
1532,15,in,O,GO_ON_WALK,
1532,16,cloudy,B-WALK_WEATHER,GO_ON_WALK,
1532,17,weather,I-WALK_WEATHER,GO_ON_WALK,
1533,1,go,O,GO_ON_WALK,
1533,2,on,O,GO_ON_WALK,
1533,3,a,O,GO_ON_WALK,
1533,4,short,B-WALK_LENGTH,GO_ON_WALK,
1533,5,walk,O,GO_ON_WALK,
1533,6,with,O,GO_ON_WALK,
1533,7,the,O,GO_ON_WALK,
1533,8,partly_protected,B-IMPREGNATION_STATUS,GO_ON_WALK,
1533,9,green,B-COLOR,GO_ON_WALK,
1533,10,sandal,B-SHOE_TYPE,GO_ON_WALK,
1533,11,next,B-NEXT_TO_RELATION,GO_ON_WALK,
1533,12,to,I-NEXT_TO_RELATION,GO_ON_WALK,
1533,13,cleaner_1,B-OBJECT_ID,GO_ON_WALK,
1533,14,in,O,GO_ON_WALK,
1533,15,stormy,B-WALK_WEATHER,GO_ON_WALK,
1533,16,weather,I-WALK_WEATHER,GO_ON_WALK,
1534,1,go,O,GO_ON_WALK,
1534,2,on,O,GO_ON_WALK,
1534,3,a,O,GO_ON_WALK,
1534,4,extended,B-WALK_LENGTH,GO_ON_WALK,
1534,5,walk,O,GO_ON_WALK,
1534,6,with,O,GO_ON_WALK,
1534,7,the,O,GO_ON_WALK,
1534,8,unprotected,B-IMPREGNATION_STATUS,GO_ON_WALK,
1534,9,red,B-COLOR,GO_ON_WALK,
1534,10,sneaker,B-SHOE_TYPE,GO_ON_WALK,
1534,11,on,B-LOCATION_RELATION,GO_ON_WALK,
1534,12,the,O,GO_ON_WALK,
1534,13,floor,B-OBJECT_LOCATION,GO_ON_WALK,
1534,14,in,O,GO_ON_WALK,
1534,15,rainy,B-WALK_WEATHER,GO_ON_WALK,
1534,16,weather,I-WALK_WEATHER,GO_ON_WALK,
1535,1,repair,O,REPAIR,
1535,2,the,O,REPAIR,
1535,3,scratched,B-MATERIAL_STATUS,REPAIR,
1535,4,red,B-COLOR,REPAIR,
1535,5,canvas,B-MATERIAL,REPAIR,
1535,6,sneaker,B-SHOE_TYPE,REPAIR,
1535,7,next,B-NEXT_TO_RELATION,REPAIR,
1535,8,to,I-NEXT_TO_RELATION,REPAIR,
1535,9,the,O,REPAIR,
1535,10,brown,B-COLOR,REPAIR,
1535,11,sandal,B-SHOE_TYPE,REPAIR,
1535,12,with,B-BEFORE_SENTENCE_SPLIT,REPAIR,
1535,13,glue_1,B-OBJECT_ID,REPAIR,
1535,14,next,B-NEXT_TO_RELATION,REPAIR,
1535,15,to,I-NEXT_TO_RELATION,REPAIR,
1535,16,needle_1,B-OBJECT_ID,REPAIR,
1536,1,repair,O,REPAIR,
1536,2,the,O,REPAIR,
1536,3,cracked,B-MATERIAL_STATUS,REPAIR,
1536,4,black,B-COLOR,REPAIR,
1536,5,leather,B-MATERIAL,REPAIR,
1536,6,boot,B-SHOE_TYPE,REPAIR,
1536,7,on,B-LOCATION_RELATION,REPAIR,
1536,8,the,O,REPAIR,
1536,9,middle,B-OBJECT_LOCATION,REPAIR,
1536,10,shelf,I-OBJECT_LOCATION,REPAIR,
1536,11,with,B-BEFORE_SENTENCE_SPLIT,REPAIR,
1536,12,needle_1,B-OBJECT_ID,REPAIR,
1536,13,from,B-LOCATION_RELATION,REPAIR,
1536,14,the,O,REPAIR,
1536,15,tool,B-OBJECT_LOCATION,REPAIR,
1536,16,area,I-OBJECT_LOCATION,REPAIR,
1537,1,repair,O,REPAIR,
1537,2,the,O,REPAIR,
1537,3,damaged,B-SOLE_STATUS,REPAIR,
1537,4,brown,B-COLOR,REPAIR,
1537,5,suede,B-MATERIAL,REPAIR,
1537,6,sandal,B-SHOE_TYPE,REPAIR,
1537,7,next,B-NEXT_TO_RELATION,REPAIR,
1537,8,to,I-NEXT_TO_RELATION,REPAIR,
1537,9,the,O,REPAIR,
1537,10,black,B-COLOR,REPAIR,
1537,11,sneaker,B-SHOE_TYPE,REPAIR,
1537,12,with,B-BEFORE_SENTENCE_SPLIT,REPAIR,
1537,13,glue_1,B-OBJECT_ID,REPAIR,
1537,14,inside,B-LOCATION_RELATION,REPAIR,
1537,15,the,O,REPAIR,
1537,16,tool,B-OBJECT_LOCATION,REPAIR,
1537,17,area,I-OBJECT_LOCATION,REPAIR,
1538,1,repair,O,REPAIR,
1538,2,the,O,REPAIR,
1538,3,good,B-MATERIAL_STATUS,REPAIR,
1538,4,blue,B-COLOR,REPAIR,
1538,5,rubber,B-MATERIAL,REPAIR,
1538,6,sneaker,B-SHOE_TYPE,REPAIR,
1538,7,from,B-LOCATION_RELATION,REPAIR,
1538,8,the,O,REPAIR,
1538,9,bottom,B-OBJECT_LOCATION,REPAIR,
1538,10,shelf,I-OBJECT_LOCATION,REPAIR,
1538,11,with,B-BEFORE_SENTENCE_SPLIT,REPAIR,
1538,12,needle_1,B-OBJECT_ID,REPAIR,
1538,13,next,B-NEXT_TO_RELATION,REPAIR,
1538,14,to,I-NEXT_TO_RELATION,REPAIR,
1538,15,glue_1,B-OBJECT_ID,REPAIR,
1539,1,repair,O,REPAIR,
1539,2,the,O,REPAIR,
1539,3,scratched,B-MATERIAL_STATUS,REPAIR,
1539,4,green,B-COLOR,REPAIR,
1539,5,canvas,B-MATERIAL,REPAIR,
1539,6,boot,B-SHOE_TYPE,REPAIR,
1539,7,next,B-NEXT_TO_RELATION,REPAIR,
1539,8,to,I-NEXT_TO_RELATION,REPAIR,
1539,9,the,O,REPAIR,
1539,10,red,B-COLOR,REPAIR,
1539,11,sandal,B-SHOE_TYPE,REPAIR,
1539,12,with,B-BEFORE_SENTENCE_SPLIT,REPAIR,
1539,13,glue_1,B-OBJECT_ID,REPAIR,
1539,14,on,B-LOCATION_RELATION,REPAIR,
1539,15,the,O,REPAIR,
1539,16,tool,B-OBJECT_LOCATION,REPAIR,
1539,17,area,I-OBJECT_LOCATION,REPAIR,
1540,1,repair,O,REPAIR,
1540,2,the,O,REPAIR,
1540,3,cracked,B-MATERIAL_STATUS,REPAIR,
1540,4,red,B-COLOR,REPAIR,
1540,5,leather,B-MATERIAL,REPAIR,
1540,6,sandal,B-SHOE_TYPE,REPAIR,
1540,7,inside,B-LOCATION_RELATION,REPAIR,
1540,8,the,O,REPAIR,
1540,9,drying,B-OBJECT_LOCATION,REPAIR,
1540,10,area,I-OBJECT_LOCATION,REPAIR,
1540,11,with,B-BEFORE_SENTENCE_SPLIT,REPAIR,
1540,12,needle_1,B-OBJECT_ID,REPAIR,
1540,13,next,B-NEXT_TO_RELATION,REPAIR,
1540,14,to,I-NEXT_TO_RELATION,REPAIR,
1540,15,the,O,REPAIR,
1540,16,hammer,B-REPAIR_TOOL_TYPE,REPAIR,
1541,1,repair,O,REPAIR,
1541,2,the,O,REPAIR,
1541,3,damaged,B-SOLE_STATUS,REPAIR,
1541,4,black,B-COLOR,REPAIR,
1541,5,suede,B-MATERIAL,REPAIR,
1541,6,sneaker,B-SHOE_TYPE,REPAIR,
1541,7,next,B-NEXT_TO_RELATION,REPAIR,
1541,8,to,I-NEXT_TO_RELATION,REPAIR,
1541,9,the,O,REPAIR,
1541,10,brown,B-COLOR,REPAIR,
1541,11,boot,B-SHOE_TYPE,REPAIR,
1541,12,with,B-BEFORE_SENTENCE_SPLIT,REPAIR,
1541,13,glue_1,B-OBJECT_ID,REPAIR,
1541,14,from,B-LOCATION_RELATION,REPAIR,
1541,15,the,O,REPAIR,
1541,16,tool,B-OBJECT_LOCATION,REPAIR,
1541,17,area,I-OBJECT_LOCATION,REPAIR,
1542,1,repair,O,REPAIR,
1542,2,the,O,REPAIR,
1542,3,good,B-MATERIAL_STATUS,REPAIR,
1542,4,brown,B-COLOR,REPAIR,
1542,5,rubber,B-MATERIAL,REPAIR,
1542,6,boot,B-SHOE_TYPE,REPAIR,
1542,7,on,B-LOCATION_RELATION,REPAIR,
1542,8,the,O,REPAIR,
1542,9,floor,B-OBJECT_LOCATION,REPAIR,
1542,10,with,B-BEFORE_SENTENCE_SPLIT,REPAIR,
1542,11,needle_1,B-OBJECT_ID,REPAIR,
1542,12,next,B-NEXT_TO_RELATION,REPAIR,
1542,13,to,I-NEXT_TO_RELATION,REPAIR,
1542,14,glue_1,B-OBJECT_ID,REPAIR,
1543,1,repair,O,REPAIR,
1543,2,the,O,REPAIR,
1543,3,scratched,B-MATERIAL_STATUS,REPAIR,
1543,4,blue,B-COLOR,REPAIR,
1543,5,canvas,B-MATERIAL,REPAIR,
1543,6,sandal,B-SHOE_TYPE,REPAIR,
1543,7,next,B-NEXT_TO_RELATION,REPAIR,
1543,8,to,I-NEXT_TO_RELATION,REPAIR,
1543,9,the,O,REPAIR,
1543,10,red,B-COLOR,REPAIR,
1543,11,sneaker,B-SHOE_TYPE,REPAIR,
1543,12,with,B-BEFORE_SENTENCE_SPLIT,REPAIR,
1543,13,glue_1,B-OBJECT_ID,REPAIR,
1543,14,on,B-LOCATION_RELATION,REPAIR,
1543,15,the,O,REPAIR,
1543,16,top,B-OBJECT_LOCATION,REPAIR,
1543,17,shelf,I-OBJECT_LOCATION,REPAIR,
1544,1,repair,O,REPAIR,
1544,2,the,O,REPAIR,
1544,3,cracked,B-MATERIAL_STATUS,REPAIR,
1544,4,green,B-COLOR,REPAIR,
1544,5,leather,B-MATERIAL,REPAIR,
1544,6,sneaker,B-SHOE_TYPE,REPAIR,
1544,7,next,B-NEXT_TO_RELATION,REPAIR,
1544,8,to,I-NEXT_TO_RELATION,REPAIR,
1544,9,the,O,REPAIR,
1544,10,boot,B-SHOE_TYPE,REPAIR,
1544,11,with,B-BEFORE_SENTENCE_SPLIT,REPAIR,
1544,12,needle_1,B-OBJECT_ID,REPAIR,
1544,13,inside,B-LOCATION_RELATION,REPAIR,
1544,14,the,O,REPAIR,
1544,15,drying,B-OBJECT_LOCATION,REPAIR,
1544,16,area,I-OBJECT_LOCATION,REPAIR,
1544,17,next,B-NEXT_TO_RELATION,REPAIR,
1544,18,to,I-NEXT_TO_RELATION,REPAIR,
1544,19,glue_1,B-OBJECT_ID,REPAIR,
1545,1,pick,O,PICK_UP,
1545,2,up,O,PICK_UP,
1545,3,the,O,PICK_UP,
1545,4,damaged,B-SOLE_STATUS,PICK_UP,
1545,5,red,B-COLOR,PICK_UP,
1545,6,boot,B-SHOE_TYPE,PICK_UP,
1546,1,pick,O,PICK_UP,
1546,2,up,O,PICK_UP,
1546,3,the,O,PICK_UP,
1546,4,good,B-MATERIAL_STATUS,PICK_UP,
1546,5,black,B-COLOR,PICK_UP,
1546,6,sandal,B-SHOE_TYPE,PICK_UP,
1547,1,pick,O,PICK_UP,
1547,2,up,O,PICK_UP,
1547,3,the,O,PICK_UP,
1547,4,scratched,B-MATERIAL_STATUS,PICK_UP,
1547,5,brown,B-COLOR,PICK_UP,
1547,6,sneaker,B-SHOE_TYPE,PICK_UP,
1548,1,pick,O,PICK_UP,
1548,2,up,O,PICK_UP,
1548,3,the,O,PICK_UP,
1548,4,cracked,B-MATERIAL_STATUS,PICK_UP,
1548,5,blue,B-COLOR,PICK_UP,
1548,6,boot,B-SHOE_TYPE,PICK_UP,
1549,1,pick,O,PICK_UP,
1549,2,up,O,PICK_UP,
1549,3,the,O,PICK_UP,
1549,4,damaged,B-SOLE_STATUS,PICK_UP,
1549,5,green,B-COLOR,PICK_UP,
1549,6,sandal,B-SHOE_TYPE,PICK_UP,
1550,1,pick,O,PICK_UP,
1550,2,up,O,PICK_UP,
1550,3,the,O,PICK_UP,
1550,4,good,B-MATERIAL_STATUS,PICK_UP,
1550,5,red,B-COLOR,PICK_UP,
1550,6,sneaker,B-SHOE_TYPE,PICK_UP,
1551,1,pick,O,PICK_UP,
1551,2,up,O,PICK_UP,
1551,3,the,O,PICK_UP,
1551,4,scratched,B-MATERIAL_STATUS,PICK_UP,
1551,5,black,B-COLOR,PICK_UP,
1551,6,boot,B-SHOE_TYPE,PICK_UP,
1552,1,pick,O,PICK_UP,
1552,2,up,O,PICK_UP,
1552,3,the,O,PICK_UP,
1552,4,cracked,B-MATERIAL_STATUS,PICK_UP,
1552,5,brown,B-COLOR,PICK_UP,
1552,6,sandal,B-SHOE_TYPE,PICK_UP,
1553,1,move,O,MOVE,
1553,2,the,O,MOVE,
1553,3,damaged,B-SOLE_STATUS,MOVE,
1553,4,blue,B-COLOR,MOVE,
1553,5,sneaker,B-SHOE_TYPE,MOVE,
1553,6,to,B-TARGET_LOCATION_RELATION,MOVE,
1553,7,the,O,MOVE,
1553,8,drying,B-TARGET_LOCATION,MOVE,
1553,9,area,I-TARGET_LOCATION,MOVE,
1554,1,move,O,MOVE,
1554,2,the,O,MOVE,
1554,3,good,B-MATERIAL_STATUS,MOVE,
1554,4,green,B-COLOR,MOVE,
1554,5,boot,B-SHOE_TYPE,MOVE,
1554,6,to,B-TARGET_LOCATION_RELATION,MOVE,
1554,7,the,O,MOVE,
1554,8,tool,B-TARGET_LOCATION,MOVE,
1554,9,area,I-TARGET_LOCATION,MOVE,
1555,1,move,O,MOVE,
1555,2,the,O,MOVE,
1555,3,scratched,B-MATERIAL_STATUS,MOVE,
1555,4,red,B-COLOR,MOVE,
1555,5,sandal,B-SHOE_TYPE,MOVE,
1555,6,to,B-TARGET_LOCATION_RELATION,MOVE,
1555,7,the,O,MOVE,
1555,8,top,B-TARGET_LOCATION,MOVE,
1555,9,shelf,I-TARGET_LOCATION,MOVE,
1556,1,move,O,MOVE,
1556,2,the,O,MOVE,
1556,3,cracked,B-MATERIAL_STATUS,MOVE,
1556,4,black,B-COLOR,MOVE,
1556,5,sneaker,B-SHOE_TYPE,MOVE,
1556,6,to,B-TARGET_LOCATION_RELATION,MOVE,
1556,7,the,O,MOVE,
1556,8,middle,B-TARGET_LOCATION,MOVE,
1556,9,shelf,I-TARGET_LOCATION,MOVE,
1557,1,move,O,MOVE,
1557,2,the,O,MOVE,
1557,3,damaged,B-SOLE_STATUS,MOVE,
1557,4,brown,B-COLOR,MOVE,
1557,5,boot,B-SHOE_TYPE,MOVE,
1557,6,to,B-TARGET_LOCATION_RELATION,MOVE,
1557,7,the,O,MOVE,
1557,8,bottom,B-TARGET_LOCATION,MOVE,
1557,9,shelf,I-TARGET_LOCATION,MOVE,
1558,1,move,O,MOVE,
1558,2,the,O,MOVE,
1558,3,good,B-MATERIAL_STATUS,MOVE,
1558,4,blue,B-COLOR,MOVE,
1558,5,sandal,B-SHOE_TYPE,MOVE,
1558,6,to,B-TARGET_LOCATION_RELATION,MOVE,
1558,7,the,O,MOVE,
1558,8,drying,B-TARGET_LOCATION,MOVE,
1558,9,area,I-TARGET_LOCATION,MOVE,
1559,1,move,O,MOVE,
1559,2,the,O,MOVE,
1559,3,scratched,B-MATERIAL_STATUS,MOVE,
1559,4,green,B-COLOR,MOVE,
1559,5,sneaker,B-SHOE_TYPE,MOVE,
1559,6,to,B-TARGET_LOCATION_RELATION,MOVE,
1559,7,the,O,MOVE,
1559,8,tool,B-TARGET_LOCATION,MOVE,
1559,9,area,I-TARGET_LOCATION,MOVE,
1560,1,move,O,MOVE,
1560,2,the,O,MOVE,
1560,3,cracked,B-MATERIAL_STATUS,MOVE,
1560,4,red,B-COLOR,MOVE,
1560,5,boot,B-SHOE_TYPE,MOVE,
1560,6,to,B-TARGET_LOCATION_RELATION,MOVE,
1560,7,the,O,MOVE,
1560,8,top,B-TARGET_LOCATION,MOVE,
1560,9,shelf,I-TARGET_LOCATION,MOVE,
1561,1,clean,O,CLEAN,
1561,2,the,O,CLEAN,
1561,3,damaged,B-SOLE_STATUS,CLEAN,
1561,4,black,B-COLOR,CLEAN,
1561,5,sandal,B-SHOE_TYPE,CLEAN,
1561,6,with,B-BEFORE_SENTENCE_SPLIT,CLEAN,
1561,7,rag_1,B-OBJECT_ID,CLEAN,
1562,1,clean,O,CLEAN,
1562,2,the,O,CLEAN,
1562,3,good,B-MATERIAL_STATUS,CLEAN,
1562,4,brown,B-COLOR,CLEAN,
1562,5,sneaker,B-SHOE_TYPE,CLEAN,
1562,6,with,B-BEFORE_SENTENCE_SPLIT,CLEAN,
1562,7,rag_1,B-OBJECT_ID,CLEAN,
1563,1,clean,O,CLEAN,
1563,2,the,O,CLEAN,
1563,3,scratched,B-MATERIAL_STATUS,CLEAN,
1563,4,blue,B-COLOR,CLEAN,
1563,5,boot,B-SHOE_TYPE,CLEAN,
1563,6,with,B-BEFORE_SENTENCE_SPLIT,CLEAN,
1563,7,rag_1,B-OBJECT_ID,CLEAN,
1564,1,clean,O,CLEAN,
1564,2,the,O,CLEAN,
1564,3,cracked,B-MATERIAL_STATUS,CLEAN,
1564,4,green,B-COLOR,CLEAN,
1564,5,sandal,B-SHOE_TYPE,CLEAN,
1564,6,with,B-BEFORE_SENTENCE_SPLIT,CLEAN,
1564,7,rag_1,B-OBJECT_ID,CLEAN,
1565,1,clean,O,CLEAN,
1565,2,the,O,CLEAN,
1565,3,damaged,B-SOLE_STATUS,CLEAN,
1565,4,red,B-COLOR,CLEAN,
1565,5,sneaker,B-SHOE_TYPE,CLEAN,
1565,6,with,B-BEFORE_SENTENCE_SPLIT,CLEAN,
1565,7,rag_1,B-OBJECT_ID,CLEAN,
1566,1,clean,O,CLEAN,
1566,2,the,O,CLEAN,
1566,3,good,B-MATERIAL_STATUS,CLEAN,
1566,4,black,B-COLOR,CLEAN,
1566,5,boot,B-SHOE_TYPE,CLEAN,
1566,6,with,B-BEFORE_SENTENCE_SPLIT,CLEAN,
1566,7,rag_1,B-OBJECT_ID,CLEAN,
1567,1,clean,O,CLEAN,
1567,2,the,O,CLEAN,
1567,3,scratched,B-MATERIAL_STATUS,CLEAN,
1567,4,brown,B-COLOR,CLEAN,
1567,5,sandal,B-SHOE_TYPE,CLEAN,
1567,6,with,B-BEFORE_SENTENCE_SPLIT,CLEAN,
1567,7,rag_1,B-OBJECT_ID,CLEAN,
1568,1,dry,O,DRY,
1568,2,the,O,DRY,
1568,3,wet,B-DRY_STATUS,DRY,
1568,4,red,B-COLOR,DRY,
1568,5,sneaker,B-SHOE_TYPE,DRY,
1568,6,next,B-NEXT_TO_RELATION,DRY,
1568,7,to,I-NEXT_TO_RELATION,DRY,
1568,8,the,O,DRY,
1568,9,black,B-COLOR,DRY,
1568,10,boot,B-SHOE_TYPE,DRY,
1569,1,dry,O,DRY,
1569,2,the,O,DRY,
1569,3,dry,B-DRY_STATUS,DRY,
1569,4,black,B-COLOR,DRY,
1569,5,boot,B-SHOE_TYPE,DRY,
1569,6,on,B-LOCATION_RELATION,DRY,
1569,7,the,O,DRY,
1569,8,middle,B-OBJECT_LOCATION,DRY,
1569,9,shelf,I-OBJECT_LOCATION,DRY,
1570,1,dry,O,DRY,
1570,2,the,O,DRY,
1570,3,soaked,B-DRY_STATUS,DRY,
1570,4,brown,B-COLOR,DRY,
1570,5,sandal,B-SHOE_TYPE,DRY,
1570,6,next,B-NEXT_TO_RELATION,DRY,
1570,7,to,I-NEXT_TO_RELATION,DRY,
1570,8,the,O,DRY,
1570,9,green,B-COLOR,DRY,
1570,10,sneaker,B-SHOE_TYPE,DRY,
1571,1,dry,O,DRY,
1571,2,the,O,DRY,
1571,3,wet,B-DRY_STATUS,DRY,
1571,4,blue,B-COLOR,DRY,
1571,5,sneaker,B-SHOE_TYPE,DRY,
1571,6,from,B-LOCATION_RELATION,DRY,
1571,7,the,O,DRY,
1571,8,bottom,B-OBJECT_LOCATION,DRY,
1571,9,shelf,I-OBJECT_LOCATION,DRY,
1572,1,dry,O,DRY,
1572,2,the,O,DRY,
1572,3,dry,B-DRY_STATUS,DRY,
1572,4,green,B-COLOR,DRY,
1572,5,boot,B-SHOE_TYPE,DRY,
1572,6,next,B-NEXT_TO_RELATION,DRY,
1572,7,to,I-NEXT_TO_RELATION,DRY,
1572,8,cleaner_1,B-OBJECT_ID,DRY,
1573,1,dry,O,DRY,
1573,2,the,O,DRY,
1573,3,soaked,B-DRY_STATUS,DRY,
1573,4,red,B-COLOR,DRY,
1573,5,sandal,B-SHOE_TYPE,DRY,
1573,6,inside,B-LOCATION_RELATION,DRY,
1573,7,the,O,DRY,
1573,8,drying,B-OBJECT_LOCATION,DRY,
1573,9,area,I-OBJECT_LOCATION,DRY,
1574,1,dry,O,DRY,
1574,2,the,O,DRY,
1574,3,wet,B-DRY_STATUS,DRY,
1574,4,black,B-COLOR,DRY,
1574,5,sneaker,B-SHOE_TYPE,DRY,
1574,6,next,B-NEXT_TO_RELATION,DRY,
1574,7,to,I-NEXT_TO_RELATION,DRY,
1574,8,the,O,DRY,
1574,9,brown,B-COLOR,DRY,
1574,10,boot,B-SHOE_TYPE,DRY,
1575,1,dry,O,DRY,
1575,2,the,O,DRY,
1575,3,dry,B-DRY_STATUS,DRY,
1575,4,brown,B-COLOR,DRY,
1575,5,boot,B-SHOE_TYPE,DRY,
1575,6,on,B-LOCATION_RELATION,DRY,
1575,7,the,O,DRY,
1575,8,floor,B-OBJECT_LOCATION,DRY,
1576,1,dry,O,DRY,
1576,2,the,O,DRY,
1576,3,soaked,B-DRY_STATUS,DRY,
1576,4,blue,B-COLOR,DRY,
1576,5,sandal,B-SHOE_TYPE,DRY,
1576,6,next,B-NEXT_TO_RELATION,DRY,
1576,7,to,I-NEXT_TO_RELATION,DRY,
1576,8,spray_1,B-OBJECT_ID,DRY,
1577,1,dry,O,DRY,
1577,2,the,O,DRY,
1577,3,wet,B-DRY_STATUS,DRY,
1577,4,green,B-COLOR,DRY,
1577,5,sneaker,B-SHOE_TYPE,DRY,
1577,6,on,B-LOCATION_RELATION,DRY,
1577,7,the,O,DRY,
1577,8,top,B-OBJECT_LOCATION,DRY,
1577,9,shelf,I-OBJECT_LOCATION,DRY,
1578,1,move,O,MOVE,
1578,2,the,O,MOVE,
1578,3,dry,B-DRY_STATUS,MOVE,
1578,4,red,B-COLOR,MOVE,
1578,5,boot,B-SHOE_TYPE,MOVE,
1578,6,to,B-TARGET_LOCATION_RELATION,MOVE,
1578,7,the,O,MOVE,
1578,8,top,B-TARGET_LOCATION,MOVE,
1578,9,shelf,I-TARGET_LOCATION,MOVE,
1579,1,move,O,MOVE,
1579,2,the,O,MOVE,
1579,3,soaked,B-DRY_STATUS,MOVE,
1579,4,black,B-COLOR,MOVE,
1579,5,sandal,B-SHOE_TYPE,MOVE,
1579,6,to,B-TARGET_LOCATION_RELATION,MOVE,
1579,7,the,O,MOVE,
1579,8,middle,B-TARGET_LOCATION,MOVE,
1579,9,shelf,I-TARGET_LOCATION,MOVE,
1580,1,move,O,MOVE,
1580,2,the,O,MOVE,
1580,3,wet,B-DRY_STATUS,MOVE,
1580,4,brown,B-COLOR,MOVE,
1580,5,sneaker,B-SHOE_TYPE,MOVE,
1580,6,to,B-TARGET_LOCATION_RELATION,MOVE,
1580,7,the,O,MOVE,
1580,8,bottom,B-TARGET_LOCATION,MOVE,
1580,9,shelf,I-TARGET_LOCATION,MOVE,
1581,1,move,O,MOVE,
1581,2,the,O,MOVE,
1581,3,dry,B-DRY_STATUS,MOVE,
1581,4,blue,B-COLOR,MOVE,
1581,5,boot,B-SHOE_TYPE,MOVE,
1581,6,to,B-TARGET_LOCATION_RELATION,MOVE,
1581,7,the,O,MOVE,
1581,8,drying,B-TARGET_LOCATION,MOVE,
1581,9,area,I-TARGET_LOCATION,MOVE,
1582,1,move,O,MOVE,
1582,2,the,O,MOVE,
1582,3,soaked,B-DRY_STATUS,MOVE,
1582,4,green,B-COLOR,MOVE,
1582,5,sandal,B-SHOE_TYPE,MOVE,
1582,6,to,B-TARGET_LOCATION_RELATION,MOVE,
1582,7,the,O,MOVE,
1582,8,tool,B-TARGET_LOCATION,MOVE,
1582,9,area,I-TARGET_LOCATION,MOVE,
1583,1,move,O,MOVE,
1583,2,the,O,MOVE,
1583,3,wet,B-DRY_STATUS,MOVE,
1583,4,red,B-COLOR,MOVE,
1583,5,sneaker,B-SHOE_TYPE,MOVE,
1583,6,to,B-TARGET_LOCATION_RELATION,MOVE,
1583,7,the,O,MOVE,
1583,8,top,B-TARGET_LOCATION,MOVE,
1583,9,shelf,I-TARGET_LOCATION,MOVE,
1584,1,move,O,MOVE,
1584,2,the,O,MOVE,
1584,3,dry,B-DRY_STATUS,MOVE,
1584,4,black,B-COLOR,MOVE,
1584,5,boot,B-SHOE_TYPE,MOVE,
1584,6,to,B-TARGET_LOCATION_RELATION,MOVE,
1584,7,the,O,MOVE,
1584,8,middle,B-TARGET_LOCATION,MOVE,
1584,9,shelf,I-TARGET_LOCATION,MOVE,
1585,1,protect,O,IMPREGNATE,
1585,2,the,O,IMPREGNATE,
1585,3,soaked,B-DRY_STATUS,IMPREGNATE,
1585,4,brown,B-COLOR,IMPREGNATE,
1585,5,sandal,B-SHOE_TYPE,IMPREGNATE,
1585,6,with,B-BEFORE_SENTENCE_SPLIT,IMPREGNATE,
1585,7,cream_1,B-OBJECT_ID,IMPREGNATE,
1586,1,protect,O,IMPREGNATE,
1586,2,the,O,IMPREGNATE,
1586,3,wet,B-DRY_STATUS,IMPREGNATE,
1586,4,blue,B-COLOR,IMPREGNATE,
1586,5,sneaker,B-SHOE_TYPE,IMPREGNATE,
1586,6,with,B-BEFORE_SENTENCE_SPLIT,IMPREGNATE,
1586,7,spray_1,B-OBJECT_ID,IMPREGNATE,
1587,1,protect,O,IMPREGNATE,
1587,2,the,O,IMPREGNATE,
1587,3,dry,B-DRY_STATUS,IMPREGNATE,
1587,4,green,B-COLOR,IMPREGNATE,
1587,5,boot,B-SHOE_TYPE,IMPREGNATE,
1587,6,with,B-BEFORE_SENTENCE_SPLIT,IMPREGNATE,
1587,7,cream_1,B-OBJECT_ID,IMPREGNATE,
1588,1,protect,O,IMPREGNATE,
1588,2,the,O,IMPREGNATE,
1588,3,soaked,B-DRY_STATUS,IMPREGNATE,
1588,4,red,B-COLOR,IMPREGNATE,
1588,5,sandal,B-SHOE_TYPE,IMPREGNATE,
1588,6,with,B-BEFORE_SENTENCE_SPLIT,IMPREGNATE,
1588,7,spray_1,B-OBJECT_ID,IMPREGNATE,
1589,1,protect,O,IMPREGNATE,
1589,2,the,O,IMPREGNATE,
1589,3,wet,B-DRY_STATUS,IMPREGNATE,
1589,4,black,B-COLOR,IMPREGNATE,
1589,5,sneaker,B-SHOE_TYPE,IMPREGNATE,
1589,6,with,B-BEFORE_SENTENCE_SPLIT,IMPREGNATE,
1589,7,cream_1,B-OBJECT_ID,IMPREGNATE,
1590,1,protect,O,IMPREGNATE,
1590,2,the,O,IMPREGNATE,
1590,3,dry,B-DRY_STATUS,IMPREGNATE,
1590,4,brown,B-COLOR,IMPREGNATE,
1590,5,boot,B-SHOE_TYPE,IMPREGNATE,
1590,6,with,B-BEFORE_SENTENCE_SPLIT,IMPREGNATE,
1590,7,spray_1,B-OBJECT_ID,IMPREGNATE,
1591,1,pick,O,PICK_UP,
1591,2,up,O,PICK_UP,
1591,3,the,O,PICK_UP,
1591,4,soaked,B-DRY_STATUS,PICK_UP,
1591,5,blue,B-COLOR,PICK_UP,
1591,6,sandal,B-SHOE_TYPE,PICK_UP,
1592,1,pick,O,PICK_UP,
1592,2,up,O,PICK_UP,
1592,3,the,O,PICK_UP,
1592,4,wet,B-DRY_STATUS,PICK_UP,
1592,5,green,B-COLOR,PICK_UP,
1592,6,sneaker,B-SHOE_TYPE,PICK_UP,
1593,1,pick,O,PICK_UP,
1593,2,up,O,PICK_UP,
1593,3,the,O,PICK_UP,
1593,4,dry,B-DRY_STATUS,PICK_UP,
1593,5,red,B-COLOR,PICK_UP,
1593,6,boot,B-SHOE_TYPE,PICK_UP,
1594,1,pick,O,PICK_UP,
1594,2,up,O,PICK_UP,
1594,3,the,O,PICK_UP,
1594,4,soaked,B-DRY_STATUS,PICK_UP,
1594,5,black,B-COLOR,PICK_UP,
1594,6,sandal,B-SHOE_TYPE,PICK_UP,
1595,1,pick,O,PICK_UP,
1595,2,up,O,PICK_UP,
1595,3,the,O,PICK_UP,
1595,4,wet,B-DRY_STATUS,PICK_UP,
1595,5,brown,B-COLOR,PICK_UP,
1595,6,sneaker,B-SHOE_TYPE,PICK_UP,
1596,1,pick,O,PICK_UP,
1596,2,up,O,PICK_UP,
1596,3,the,O,PICK_UP,
1596,4,dry,B-DRY_STATUS,PICK_UP,
1596,5,blue,B-COLOR,PICK_UP,
1596,6,boot,B-SHOE_TYPE,PICK_UP,
1597,1,go,O,GO_ON_WALK,
1597,2,on,O,GO_ON_WALK,
1597,3,a,O,GO_ON_WALK,
1597,4,long,B-WALK_LENGTH,GO_ON_WALK,
1597,5,walk,O,GO_ON_WALK,
1597,6,with,O,GO_ON_WALK,
1597,7,the,O,GO_ON_WALK,
1597,8,red,B-COLOR,GO_ON_WALK,
1597,9,sneaker,B-SHOE_TYPE,GO_ON_WALK,
1597,10,in,O,GO_ON_WALK,
1597,11,rainy,B-WALK_WEATHER,GO_ON_WALK,
1597,12,weather,I-WALK_WEATHER,GO_ON_WALK,
1598,1,go,O,GO_ON_WALK,
1598,2,on,O,GO_ON_WALK,
1598,3,a,O,GO_ON_WALK,
1598,4,short,B-WALK_LENGTH,GO_ON_WALK,
1598,5,walk,O,GO_ON_WALK,
1598,6,with,O,GO_ON_WALK,
1598,7,the,O,GO_ON_WALK,
1598,8,black,B-COLOR,GO_ON_WALK,
1598,9,boot,B-SHOE_TYPE,GO_ON_WALK,
1598,10,in,O,GO_ON_WALK,
1598,11,sunny,B-WALK_WEATHER,GO_ON_WALK,
1598,12,weather,I-WALK_WEATHER,GO_ON_WALK,
1599,1,go,O,GO_ON_WALK,
1599,2,on,O,GO_ON_WALK,
1599,3,a,O,GO_ON_WALK,
1599,4,long,B-WALK_LENGTH,GO_ON_WALK,
1599,5,walk,O,GO_ON_WALK,
1599,6,with,O,GO_ON_WALK,
1599,7,the,O,GO_ON_WALK,
1599,8,brown,B-COLOR,GO_ON_WALK,
1599,9,sandal,B-SHOE_TYPE,GO_ON_WALK,
1599,10,in,O,GO_ON_WALK,
1599,11,snowy,B-WALK_WEATHER,GO_ON_WALK,
1599,12,weather,I-WALK_WEATHER,GO_ON_WALK,
1600,1,go,O,GO_ON_WALK,
1600,2,on,O,GO_ON_WALK,
1600,3,a,O,GO_ON_WALK,
1600,4,short,B-WALK_LENGTH,GO_ON_WALK,
1600,5,walk,O,GO_ON_WALK,
1600,6,with,O,GO_ON_WALK,
1600,7,the,O,GO_ON_WALK,
1600,8,blue,B-COLOR,GO_ON_WALK,
1600,9,sneaker,B-SHOE_TYPE,GO_ON_WALK,
1600,10,in,O,GO_ON_WALK,
1600,11,muddy,B-WALK_WEATHER,GO_ON_WALK,
1600,12,weather,I-WALK_WEATHER,GO_ON_WALK,
1601,1,go,O,GO_ON_WALK,
1601,2,on,O,GO_ON_WALK,
1601,3,a,O,GO_ON_WALK,
1601,4,medium,B-WALK_LENGTH,GO_ON_WALK,
1601,5,long,B-WALK_LENGTH,GO_ON_WALK,
1601,6,walk,O,GO_ON_WALK,
1601,7,with,O,GO_ON_WALK,
1601,8,the,O,GO_ON_WALK,
1601,9,green,B-COLOR,GO_ON_WALK,
1601,10,boot,B-SHOE_TYPE,GO_ON_WALK,
1601,11,in,O,GO_ON_WALK,
1601,12,stormy,B-WALK_WEATHER,GO_ON_WALK,
1601,13,weather,I-WALK_WEATHER,GO_ON_WALK,
1602,1,go,O,GO_ON_WALK,
1602,2,on,O,GO_ON_WALK,
1602,3,a,O,GO_ON_WALK,
1602,4,quick,B-WALK_LENGTH,GO_ON_WALK,
1602,5,walk,O,GO_ON_WALK,
1602,6,with,O,GO_ON_WALK,
1602,7,the,O,GO_ON_WALK,
1602,8,red,B-COLOR,GO_ON_WALK,
1602,9,sandal,B-SHOE_TYPE,GO_ON_WALK,
1602,10,in,O,GO_ON_WALK,
1602,11,rainy,B-WALK_WEATHER,GO_ON_WALK,
1602,12,weather,I-WALK_WEATHER,GO_ON_WALK,
1603,1,go,O,GO_ON_WALK,
1603,2,on,O,GO_ON_WALK,
1603,3,a,O,GO_ON_WALK,
1603,4,long,B-WALK_LENGTH,GO_ON_WALK,
1603,5,walk,O,GO_ON_WALK,
1603,6,with,O,GO_ON_WALK,
1603,7,the,O,GO_ON_WALK,
1603,8,black,B-COLOR,GO_ON_WALK,
1603,9,sneaker,B-SHOE_TYPE,GO_ON_WALK,
1603,10,in,O,GO_ON_WALK,
1603,11,sunny,B-WALK_WEATHER,GO_ON_WALK,
1603,12,weather,I-WALK_WEATHER,GO_ON_WALK,
1604,1,go,O,GO_ON_WALK,
1604,2,on,O,GO_ON_WALK,
1604,3,a,O,GO_ON_WALK,
1604,4,normal,B-WALK_LENGTH,GO_ON_WALK,
1604,5,walk,O,GO_ON_WALK,
1604,6,with,O,GO_ON_WALK,
1604,7,the,O,GO_ON_WALK,
1604,8,brown,B-COLOR,GO_ON_WALK,
1604,9,boot,B-SHOE_TYPE,GO_ON_WALK,
1604,10,in,O,GO_ON_WALK,
1604,11,snowy,B-WALK_WEATHER,GO_ON_WALK,
1604,12,weather,I-WALK_WEATHER,GO_ON_WALK,
1605,1,go,O,GO_ON_WALK,
1605,2,on,O,GO_ON_WALK,
1605,3,a,O,GO_ON_WALK,
1605,4,little,O,GO_ON_WALK,
1605,5,walk,O,GO_ON_WALK,
1605,6,with,O,GO_ON_WALK,
1605,7,the,O,GO_ON_WALK,
1605,8,blue,B-COLOR,GO_ON_WALK,
1605,9,sandal,B-SHOE_TYPE,GO_ON_WALK,
1605,10,in,O,GO_ON_WALK,
1605,11,muddy,B-WALK_WEATHER,GO_ON_WALK,
1605,12,weather,I-WALK_WEATHER,GO_ON_WALK,
1606,1,go,O,GO_ON_WALK,
1606,2,on,O,GO_ON_WALK,
1606,3,a,O,GO_ON_WALK,
1606,4,long,B-WALK_LENGTH,GO_ON_WALK,
1606,5,walk,O,GO_ON_WALK,
1606,6,with,O,GO_ON_WALK,
1606,7,the,O,GO_ON_WALK,
1606,8,green,B-COLOR,GO_ON_WALK,
1606,9,sneaker,B-SHOE_TYPE,GO_ON_WALK,
1606,10,in,O,GO_ON_WALK,
1606,11,stormy,B-WALK_WEATHER,GO_ON_WALK,
1606,12,weather,I-WALK_WEATHER,GO_ON_WALK,
1607,1,go,O,GO_ON_WALK,
1607,2,on,O,GO_ON_WALK,
1607,3,a,O,GO_ON_WALK,
1607,4,fast,B-WALK_LENGTH,GO_ON_WALK,
1607,5,walk,O,GO_ON_WALK,
1607,6,with,O,GO_ON_WALK,
1607,7,the,O,GO_ON_WALK,
1607,8,red,B-COLOR,GO_ON_WALK,
1607,9,boot,B-SHOE_TYPE,GO_ON_WALK,
1607,10,in,O,GO_ON_WALK,
1607,11,rainy,B-WALK_WEATHER,GO_ON_WALK,
1607,12,weather,I-WALK_WEATHER,GO_ON_WALK,
1608,1,go,O,GO_ON_WALK,
1608,2,on,O,GO_ON_WALK,
1608,3,a,O,GO_ON_WALK,
1608,4,long,B-WALK_LENGTH,GO_ON_WALK,
1608,5,walk,O,GO_ON_WALK,
1608,6,with,O,GO_ON_WALK,
1608,7,the,O,GO_ON_WALK,
1608,8,black,B-COLOR,GO_ON_WALK,
1608,9,sandal,B-SHOE_TYPE,GO_ON_WALK,
1608,10,in,O,GO_ON_WALK,
1608,11,sunny,B-WALK_WEATHER,GO_ON_WALK,
1608,12,weather,I-WALK_WEATHER,GO_ON_WALK,
1609,1,dry,O,DRY,
1609,2,the,O,DRY,
1609,3,brown,B-COLOR,DRY,
1609,4,sneaker,B-SHOE_TYPE,DRY,
1609,5,after,O,DRY,
1609,6,snowy,O,DRY,
1609,7,weather,O,DRY,
1610,1,dry,O,DRY,
1610,2,the,O,DRY,
1610,3,blue,B-COLOR,DRY,
1610,4,boot,B-SHOE_TYPE,DRY,
1610,5,after,O,DRY,
1610,6,muddy,O,DRY,
1610,7,weather,O,DRY,
1611,1,dry,O,DRY,
1611,2,the,O,DRY,
1611,3,green,B-COLOR,DRY,
1611,4,sandal,B-SHOE_TYPE,DRY,
1611,5,after,O,DRY,
1611,6,stormy,O,DRY,
1611,7,weather,O,DRY,
1612,1,dry,O,DRY,
1612,2,the,O,DRY,
1612,3,red,B-COLOR,DRY,
1612,4,sneaker,B-SHOE_TYPE,DRY,
1612,5,after,O,DRY,
1612,6,rainy,O,DRY,
1612,7,weather,O,DRY,
1613,1,dry,O,DRY,
1613,2,the,O,DRY,
1613,3,black,B-COLOR,DRY,
1613,4,boot,B-SHOE_TYPE,DRY,
1613,5,after,O,DRY,
1613,6,sunny,O,DRY,
1613,7,weather,O,DRY,
1614,1,dry,O,DRY,
1614,2,the,O,DRY,
1614,3,brown,B-COLOR,DRY,
1614,4,sandal,B-SHOE_TYPE,DRY,
1614,5,after,O,DRY,
1614,6,snowy,O,DRY,
1614,7,weather,O,DRY,
1615,1,protect,O,IMPREGNATE,
1615,2,the,O,IMPREGNATE,
1615,3,blue,B-COLOR,IMPREGNATE,
1615,4,sneaker,B-SHOE_TYPE,IMPREGNATE,
1615,5,before,O,IMPREGNATE,
1615,6,muddy,O,IMPREGNATE,
1615,7,weather,O,IMPREGNATE,
1615,8,with,B-BEFORE_SENTENCE_SPLIT,IMPREGNATE,
1615,9,spray_1,B-OBJECT_ID,IMPREGNATE,
1616,1,protect,O,IMPREGNATE,
1616,2,the,O,IMPREGNATE,
1616,3,green,B-COLOR,IMPREGNATE,
1616,4,boot,B-SHOE_TYPE,IMPREGNATE,
1616,5,before,O,IMPREGNATE,
1616,6,stormy,O,IMPREGNATE,
1616,7,weather,O,IMPREGNATE,
1616,8,with,B-BEFORE_SENTENCE_SPLIT,IMPREGNATE,
1616,9,spray_1,B-OBJECT_ID,IMPREGNATE,
1617,1,protect,O,IMPREGNATE,
1617,2,the,O,IMPREGNATE,
1617,3,red,B-COLOR,IMPREGNATE,
1617,4,sandal,B-SHOE_TYPE,IMPREGNATE,
1617,5,before,O,IMPREGNATE,
1617,6,rainy,O,IMPREGNATE,
1617,7,weather,O,IMPREGNATE,
1617,8,with,B-BEFORE_SENTENCE_SPLIT,IMPREGNATE,
1617,9,spray_1,B-OBJECT_ID,IMPREGNATE,
1618,1,protect,O,IMPREGNATE,
1618,2,the,O,IMPREGNATE,
1618,3,black,B-COLOR,IMPREGNATE,
1618,4,sneaker,B-SHOE_TYPE,IMPREGNATE,
1618,5,before,O,IMPREGNATE,
1618,6,sunny,O,IMPREGNATE,
1618,7,weather,O,IMPREGNATE,
1618,8,with,B-BEFORE_SENTENCE_SPLIT,IMPREGNATE,
1618,9,spray_1,B-OBJECT_ID,IMPREGNATE,
1619,1,protect,O,IMPREGNATE,
1619,2,the,O,IMPREGNATE,
1619,3,brown,B-COLOR,IMPREGNATE,
1619,4,boot,B-SHOE_TYPE,IMPREGNATE,
1619,5,before,O,IMPREGNATE,
1619,6,snowy,O,IMPREGNATE,
1619,7,weather,O,IMPREGNATE,
1619,8,with,B-BEFORE_SENTENCE_SPLIT,IMPREGNATE,
1619,9,spray_1,B-OBJECT_ID,IMPREGNATE,
1620,1,move,O,MOVE,
1620,2,the,O,MOVE,
1620,3,blue,B-COLOR,MOVE,
1620,4,sandal,B-SHOE_TYPE,MOVE,
1620,5,away,O,MOVE,
1620,6,from,B-LOCATION_RELATION,MOVE,
1620,7,muddy,O,MOVE,
1620,8,weather,O,MOVE,
1620,9,to,B-TARGET_LOCATION_RELATION,MOVE,
1620,10,the,O,MOVE,
1620,11,drying,B-TARGET_LOCATION,MOVE,
1620,12,area,I-TARGET_LOCATION,MOVE,
1621,1,move,O,MOVE,
1621,2,the,O,MOVE,
1621,3,green,B-COLOR,MOVE,
1621,4,sneaker,B-SHOE_TYPE,MOVE,
1621,5,away,O,MOVE,
1621,6,from,B-LOCATION_RELATION,MOVE,
1621,7,stormy,O,MOVE,
1621,8,weather,O,MOVE,
1621,9,to,B-TARGET_LOCATION_RELATION,MOVE,
1621,10,the,O,MOVE,
1621,11,tool,B-TARGET_LOCATION,MOVE,
1621,12,area,I-TARGET_LOCATION,MOVE,
1622,1,move,O,MOVE,
1622,2,the,O,MOVE,
1622,3,red,B-COLOR,MOVE,
1622,4,boot,B-SHOE_TYPE,MOVE,
1622,5,away,O,MOVE,
1622,6,from,B-LOCATION_RELATION,MOVE,
1622,7,rainy,O,MOVE,
1622,8,weather,O,MOVE,
1622,9,to,B-TARGET_LOCATION_RELATION,MOVE,
1622,10,the,O,MOVE,
1622,11,top,B-TARGET_LOCATION,MOVE,
1622,12,shelf,I-TARGET_LOCATION,MOVE,
1623,1,move,O,MOVE,
1623,2,the,O,MOVE,
1623,3,black,B-COLOR,MOVE,
1623,4,sandal,B-SHOE_TYPE,MOVE,
1623,5,away,O,MOVE,
1623,6,from,B-LOCATION_RELATION,MOVE,
1623,7,sunny,O,MOVE,
1623,8,weather,O,MOVE,
1623,9,to,B-TARGET_LOCATION_RELATION,MOVE,
1623,10,the,O,MOVE,
1623,11,middle,B-TARGET_LOCATION,MOVE,
1623,12,shelf,I-TARGET_LOCATION,MOVE,
1624,1,move,O,MOVE,
1624,2,the,O,MOVE,
1624,3,brown,B-COLOR,MOVE,
1624,4,sneaker,B-SHOE_TYPE,MOVE,
1624,5,away,O,MOVE,
1624,6,from,B-LOCATION_RELATION,MOVE,
1624,7,snowy,O,MOVE,
1624,8,weather,O,MOVE,
1624,9,to,B-TARGET_LOCATION_RELATION,MOVE,
1624,10,the,O,MOVE,
1624,11,bottom,B-TARGET_LOCATION,MOVE,
1624,12,shelf,I-TARGET_LOCATION,MOVE,
1625,1,clean,O,CLEAN,
1625,2,the,O,CLEAN,
1625,3,red_sneaker_1,B-OBJECT_ID,CLEAN,
1625,4,with,B-BEFORE_SENTENCE_SPLIT,CLEAN,
1625,5,the,O,CLEAN,
1625,6,cleaner_1,B-OBJECT_ID,CLEAN,
1625,7,that,O,CLEAN,
1625,8,is,O,CLEAN,
1625,9,at,O,CLEAN,
1625,10,least,O,CLEAN,
1625,11,10%,B-THRESHOLD,CLEAN,
1625,12,full,O,CLEAN,
1626,1,use,O,CLEAN,
1626,2,the,O,CLEAN,
1626,3,brush,B-CLEANING_TOOL_TYPE,CLEAN,
1626,4,with,O,CLEAN,
1626,5,minimum,O,CLEAN,
1626,6,15%,B-THRESHOLD,CLEAN,
1626,7,full,O,CLEAN,
1626,8,to,B-AFTER_SENTENCE_SPLIT,CLEAN,
1626,9,clean,B-CLEANING_STATUS,CLEAN,
1626,10,the,O,CLEAN,
1626,11,s2,B-OBJECT_ID,CLEAN,
1627,1,please,O,CLEAN,
1627,2,wash,O,CLEAN,
1627,3,the,O,CLEAN,
1627,4,black,B-COLOR,CLEAN,
1627,5,suede,B-MATERIAL,CLEAN,
1627,6,sandal,B-SHOE_TYPE,CLEAN,
1627,7,using,B-BEFORE_SENTENCE_SPLIT,CLEAN,
1627,8,a,O,CLEAN,
1627,9,cleaning,O,CLEAN,
1627,10,rag,B-CLEANING_TOOL_TYPE,CLEAN,
1627,11,that,O,CLEAN,
1627,12,is,O,CLEAN,
1627,13,20,B-THRESHOLD,CLEAN,
1627,14,percent,I-THRESHOLD,CLEAN,
1627,15,full,O,CLEAN,
1628,1,remove,O,CLEAN,
1628,2,dirt,O,CLEAN,
1628,3,from,O,CLEAN,
1628,4,the,O,CLEAN,
1628,5,white,B-COLOR,CLEAN,
1628,6,shoe,B-SHOE_TYPE,CLEAN,
1628,7,with,B-BEFORE_SENTENCE_SPLIT,CLEAN,
1628,8,cleaner_4,B-OBJECT_ID,CLEAN,
1628,9,which,O,CLEAN,
1628,10,is,O,CLEAN,
1628,11,more,O,CLEAN,
1628,12,than,O,CLEAN,
1628,13,25%,B-THRESHOLD,CLEAN,
1628,14,full,O,CLEAN,
1629,1,clean,O,CLEAN,
1629,2,the,O,CLEAN,
1629,3,brown_sneaker_5,B-OBJECT_ID,CLEAN,
1629,4,with,B-BEFORE_SENTENCE_SPLIT,CLEAN,
1629,5,the,O,CLEAN,
1629,6,brush,B-CLEANING_TOOL_TYPE,CLEAN,
1629,7,with,O,CLEAN,
1629,8,at,O,CLEAN,
1629,9,least,O,CLEAN,
1629,10,30%,B-THRESHOLD,CLEAN,
1629,11,full,O,CLEAN,
1629,12,left,O,CLEAN,
1630,1,use,O,CLEAN,
1630,2,the,O,CLEAN,
1630,3,cleaning,O,CLEAN,
1630,4,rag,B-CLEANING_TOOL_TYPE,CLEAN,
1630,5,that,O,CLEAN,
1630,6,is,O,CLEAN,
1630,7,at,O,CLEAN,
1630,8,least,O,CLEAN,
1630,9,40,B-THRESHOLD,CLEAN,
1630,10,percent,I-THRESHOLD,CLEAN,
1630,11,full,O,CLEAN,
1630,12,to,B-BEFORE_SENTENCE_SPLIT,CLEAN,
1630,13,clean,O,CLEAN,
1630,14,the,O,CLEAN,
1630,15,s6,B-OBJECT_ID,CLEAN,
1631,1,please,O,CLEAN,
1631,2,wash,O,CLEAN,
1631,3,the,O,CLEAN,
1631,4,yellow,B-COLOR,CLEAN,
1631,5,suede,B-MATERIAL,CLEAN,
1631,6,sandal,B-SHOE_TYPE,CLEAN,
1631,7,using,B-BEFORE_SENTENCE_SPLIT,CLEAN,
1631,8,a,O,CLEAN,
1631,9,cleaner_7,B-OBJECT_ID,CLEAN,
1631,10,with,O,CLEAN,
1631,11,minimum,O,CLEAN,
1631,12,50%,B-THRESHOLD,CLEAN,
1631,13,full,O,CLEAN,
1632,1,remove,O,CLEAN,
1632,2,dirt,O,CLEAN,
1632,3,from,O,CLEAN,
1632,4,the,O,CLEAN,
1632,5,red,B-COLOR,CLEAN,
1632,6,shoe,B-SHOE_TYPE,CLEAN,
1632,7,with,B-BEFORE_SENTENCE_SPLIT,CLEAN,
1632,8,brush,B-CLEANING_TOOL_TYPE,CLEAN,
1632,9,that,O,CLEAN,
1632,10,is,O,CLEAN,
1632,11,60%,B-THRESHOLD,CLEAN,
1632,12,full,O,CLEAN,
1633,1,clean,O,CLEAN,
1633,2,the,O,CLEAN,
1633,3,blue_sneaker_9,B-OBJECT_ID,CLEAN,
1633,4,with,B-BEFORE_SENTENCE_SPLIT,CLEAN,
1633,5,the,O,CLEAN,
1633,6,cleaning,O,CLEAN,
1633,7,rag,B-CLEANING_TOOL_TYPE,CLEAN,
1633,8,which,O,CLEAN,
1633,9,is,O,CLEAN,
1633,10,more,O,CLEAN,
1633,11,than,O,CLEAN,
1633,12,70,B-THRESHOLD,CLEAN,
1633,13,percent,I-THRESHOLD,CLEAN,
1633,14,full,O,CLEAN,
1634,1,use,O,CLEAN,
1634,2,the,O,CLEAN,
1634,3,cleaner_2,B-OBJECT_ID,CLEAN,
1634,4,with,O,CLEAN,
1634,5,at,O,CLEAN,
1634,6,least,O,CLEAN,
1634,7,80%,B-THRESHOLD,CLEAN,
1634,8,full,O,CLEAN,
1634,9,left,O,CLEAN,
1634,10,to,B-AFTER_SENTENCE_SPLIT,CLEAN,
1634,11,clean,O,CLEAN,
1634,12,the,O,CLEAN,
1634,13,s_3,B-OBJECT_ID,CLEAN,
1635,1,please,O,CLEAN,
1635,2,wash,O,CLEAN,
1635,3,the,O,CLEAN,
1635,4,white,B-COLOR,CLEAN,
1635,5,suede,B-MATERIAL,CLEAN,
1635,6,sandal,B-SHOE_TYPE,CLEAN,
1635,7,using,B-BEFORE_SENTENCE_SPLIT,CLEAN,
1635,8,a,O,CLEAN,
1635,9,brush,B-CLEANING_TOOL_TYPE,CLEAN,
1635,10,that,O,CLEAN,
1635,11,is,O,CLEAN,
1635,12,at,O,CLEAN,
1635,13,least,O,CLEAN,
1635,14,90%,B-THRESHOLD,CLEAN,
1635,15,full,O,CLEAN,
1636,1,remove,O,CLEAN,
1636,2,dirt,O,CLEAN,
1636,3,from,O,CLEAN,
1636,4,the,O,CLEAN,
1636,5,brown,B-COLOR,CLEAN,
1636,6,shoe,B-SHOE_TYPE,CLEAN,
1636,7,with,B-BEFORE_SENTENCE_SPLIT,CLEAN,
1636,8,cleaning,O,CLEAN,
1636,9,rag,B-CLEANING_TOOL_TYPE,CLEAN,
1636,10,with,O,CLEAN,
1636,11,minimum,O,CLEAN,
1636,12,10,B-THRESHOLD,CLEAN,
1636,13,percent,I-THRESHOLD,CLEAN,
1636,14,full,O,CLEAN,
1637,1,clean,O,CLEAN,
1637,2,the,O,CLEAN,
1637,3,green_sneaker_4,B-OBJECT_ID,CLEAN,
1637,4,with,B-BEFORE_SENTENCE_SPLIT,CLEAN,
1637,5,the,O,CLEAN,
1637,6,cleaner_5,B-OBJECT_ID,CLEAN,
1637,7,that,O,CLEAN,
1637,8,is,O,CLEAN,
1637,9,15%,B-THRESHOLD,CLEAN,
1637,10,full,O,CLEAN,
1638,1,use,O,CLEAN,
1638,2,the,O,CLEAN,
1638,3,brush,B-CLEANING_TOOL_TYPE,CLEAN,
1638,4,which,O,CLEAN,
1638,5,is,O,CLEAN,
1638,6,more,O,CLEAN,
1638,7,than,O,CLEAN,
1638,8,20,B-THRESHOLD,CLEAN,
1638,9,%,I-THRESHOLD,CLEAN,
1638,10,full,O,CLEAN,
1638,11,to,B-BEFORE_SENTENCE_SPLIT,CLEAN,
1638,12,clean,O,CLEAN,
1638,13,the,O,CLEAN,
1638,14,s_7,B-OBJECT_ID,CLEAN,
1639,1,please,O,CLEAN,
1639,2,wash,O,CLEAN,
1639,3,the,O,CLEAN,
1639,4,red,B-COLOR,CLEAN,
1639,5,suede,B-MATERIAL,CLEAN,
1639,6,sandal,B-SHOE_TYPE,CLEAN,
1639,7,using,B-BEFORE_SENTENCE_SPLIT,CLEAN,
1639,8,a,O,CLEAN,
1639,9,cleaning,O,CLEAN,
1639,10,rag,B-CLEANING_TOOL_TYPE,CLEAN,
1639,11,with,O,CLEAN,
1639,12,at,O,CLEAN,
1639,13,least,O,CLEAN,
1639,14,25,B-THRESHOLD,CLEAN,
1639,15,percent,I-THRESHOLD,CLEAN,
1639,16,full,O,CLEAN,
1639,17,left,O,CLEAN,
1640,1,remove,O,CLEAN,
1640,2,dirt,O,CLEAN,
1640,3,from,O,CLEAN,
1640,4,the,O,CLEAN,
1640,5,blue,B-COLOR,CLEAN,
1640,6,shoe,B-SHOE_TYPE,CLEAN,
1640,7,with,B-BEFORE_SENTENCE_SPLIT,CLEAN,
1640,8,cleaner_8,B-OBJECT_ID,CLEAN,
1640,9,that,O,CLEAN,
1640,10,is,O,CLEAN,
1640,11,at,O,CLEAN,
1640,12,least,O,CLEAN,
1640,13,30,B-THRESHOLD,CLEAN,
1640,14,%,I-THRESHOLD,CLEAN,
1640,15,full,O,CLEAN,
1641,1,clean,O,CLEAN,
1641,2,the,O,CLEAN,
1641,3,black_sneaker_8,B-OBJECT_ID,CLEAN,
1641,4,with,B-BEFORE_SENTENCE_SPLIT,CLEAN,
1641,5,the,O,CLEAN,
1641,6,brush,B-CLEANING_TOOL_TYPE,CLEAN,
1641,7,with,O,CLEAN,
1641,8,minimum,O,CLEAN,
1641,9,40%,B-THRESHOLD,CLEAN,
1641,10,full,O,CLEAN,
1642,1,use,O,CLEAN,
1642,2,the,O,CLEAN,
1642,3,cleaning,O,CLEAN,
1642,4,rag,B-CLEANING_TOOL_TYPE,CLEAN,
1642,5,that,O,CLEAN,
1642,6,is,O,CLEAN,
1642,7,50,B-THRESHOLD,CLEAN,
1642,8,percent,I-THRESHOLD,CLEAN,
1642,9,full,O,CLEAN,
1642,10,to,B-AFTER_SENTENCE_SPLIT,CLEAN,
1642,11,clean,O,CLEAN,
1642,12,the,O,CLEAN,
1642,13,s4,B-OBJECT_ID,CLEAN,
1643,1,please,O,CLEAN,
1643,2,wash,O,CLEAN,
1643,3,the,O,CLEAN,
1643,4,brown,B-COLOR,CLEAN,
1643,5,suede,B-MATERIAL,CLEAN,
1643,6,sandal,B-SHOE_TYPE,CLEAN,
1643,7,using,B-BEFORE_SENTENCE_SPLIT,CLEAN,
1643,8,a,O,CLEAN,
1643,9,cleaner3,B-OBJECT_ID,CLEAN,
1643,10,which,O,CLEAN,
1643,11,is,O,CLEAN,
1643,12,more,O,CLEAN,
1643,13,than,O,CLEAN,
1643,14,60%,B-THRESHOLD,CLEAN,
1643,15,full,O,CLEAN,
1644,1,remove,O,CLEAN,
1644,2,dirt,O,CLEAN,
1644,3,from,O,CLEAN,
1644,4,the,O,CLEAN,
1644,5,green,B-COLOR,CLEAN,
1644,6,shoe,B-SHOE_TYPE,CLEAN,
1644,7,with,B-BEFORE_SENTENCE_SPLIT,CLEAN,
1644,8,brush,B-CLEANING_TOOL_TYPE,CLEAN,
1644,9,with,O,CLEAN,
1644,10,at,O,CLEAN,
1644,11,least,O,CLEAN,
1644,12,70%,B-THRESHOLD,CLEAN,
1644,13,full,O,CLEAN,
1644,14,left,O,CLEAN,
1645,1,clean,O,CLEAN,
1645,2,the,O,CLEAN,
1645,3,yellow_sneaker_3,B-OBJECT_ID,CLEAN,
1645,4,with,B-BEFORE_SENTENCE_SPLIT,CLEAN,
1645,5,the,O,CLEAN,
1645,6,cleaning,O,CLEAN,
1645,7,rag,B-CLEANING_TOOL_TYPE,CLEAN,
1645,8,that,O,CLEAN,
1645,9,is,O,CLEAN,
1645,10,at,O,CLEAN,
1645,11,least,O,CLEAN,
1645,12,80,B-THRESHOLD,CLEAN,
1645,13,percent,I-THRESHOLD,CLEAN,
1645,14,full,O,CLEAN,
1646,1,use,O,CLEAN,
1646,2,the,O,CLEAN,
1646,3,cleaner_6,B-OBJECT_ID,CLEAN,
1646,4,with,O,CLEAN,
1646,5,minimum,O,CLEAN,
1646,6,90%,B-THRESHOLD,CLEAN,
1646,7,full,O,CLEAN,
1646,8,to,B-AFTER_SENTENCE_SPLIT,CLEAN,
1646,9,clean,O,CLEAN,
1646,10,the,O,CLEAN,
1646,11,s_1,B-OBJECT_ID,CLEAN,
1647,1,please,O,CLEAN,
1647,2,wash,O,CLEAN,
1647,3,the,O,CLEAN,
1647,4,blue,B-COLOR,CLEAN,
1647,5,suede,B-MATERIAL,CLEAN,
1647,6,sandal,B-SHOE_TYPE,CLEAN,
1647,7,using,B-BEFORE_SENTENCE_SPLIT,CLEAN,
1647,8,a,O,CLEAN,
1647,9,brush,B-CLEANING_TOOL_TYPE,CLEAN,
1647,10,that,O,CLEAN,
1647,11,is,O,CLEAN,
1647,12,10%,B-THRESHOLD,CLEAN,
1647,13,full,O,CLEAN,
1648,1,remove,O,CLEAN,
1648,2,dirt,O,CLEAN,
1648,3,from,O,CLEAN,
1648,4,the,O,CLEAN,
1648,5,black,B-COLOR,CLEAN,
1648,6,shoe,B-SHOE_TYPE,CLEAN,
1648,7,with,B-BEFORE_SENTENCE_SPLIT,CLEAN,
1648,8,cleaning,O,CLEAN,
1648,9,rag,B-CLEANING_TOOL_TYPE,CLEAN,
1648,10,which,O,CLEAN,
1648,11,is,O,CLEAN,
1648,12,more,O,CLEAN,
1648,13,than,O,CLEAN,
1648,14,15,B-THRESHOLD,CLEAN,
1648,15,percent,I-THRESHOLD,CLEAN,
1648,16,full,O,CLEAN,
1649,1,clean,O,CLEAN,
1649,2,the,O,CLEAN,
1649,3,white_sneaker7,B-OBJECT_ID,CLEAN,
1649,4,with,B-BEFORE_SENTENCE_SPLIT,CLEAN,
1649,5,the,O,CLEAN,
1649,6,cleaner_1,B-OBJECT_ID,CLEAN,
1649,7,with,O,CLEAN,
1649,8,at,O,CLEAN,
1649,9,least,O,CLEAN,
1649,10,20%,B-THRESHOLD,CLEAN,
1649,11,full,O,CLEAN,
1649,12,left,O,CLEAN,
1650,1,use,O,CLEAN,
1650,2,the,O,CLEAN,
1650,3,brush,B-CLEANING_TOOL_TYPE,CLEAN,
1650,4,that,O,CLEAN,
1650,5,is,O,CLEAN,
1650,6,at,O,CLEAN,
1650,7,least,O,CLEAN,
1650,8,25%,B-THRESHOLD,CLEAN,
1650,9,full,O,CLEAN,
1650,10,to,B-AFTER_SENTENCE_SPLIT,CLEAN,
1650,11,clean,O,CLEAN,
1650,12,the,O,CLEAN,
1650,13,s_5,B-OBJECT_ID,CLEAN,
1651,1,please,O,CLEAN,
1651,2,wash,O,CLEAN,
1651,3,the,O,CLEAN,
1651,4,green,B-COLOR,CLEAN,
1651,5,suede,B-MATERIAL,CLEAN,
1651,6,sandal,B-SHOE_TYPE,CLEAN,
1651,7,using,B-BEFORE_SENTENCE_SPLIT,CLEAN,
1651,8,a,O,CLEAN,
1651,9,cleaning,O,CLEAN,
1651,10,rag,B-CLEANING_TOOL_TYPE,CLEAN,
1651,11,with,O,CLEAN,
1651,12,minimum,O,CLEAN,
1651,13,30,B-THRESHOLD,CLEAN,
1651,14,percent,I-THRESHOLD,CLEAN,
1651,15,full,O,CLEAN,
1652,1,remove,O,CLEAN,
1652,2,dirt,O,CLEAN,
1652,3,from,O,CLEAN,
1652,4,the,O,CLEAN,
1652,5,yellow,B-COLOR,CLEAN,
1652,6,shoe,B-SHOE_TYPE,CLEAN,
1652,7,with,B-BEFORE_SENTENCE_SPLIT,CLEAN,
1652,8,cleaner4,B-OBJECT_ID,CLEAN,
1652,9,that,O,CLEAN,
1652,10,is,O,CLEAN,
1652,11,40%,B-THRESHOLD,CLEAN,
1652,12,full,O,CLEAN,
1653,1,clean,O,CLEAN,
1653,2,the,O,CLEAN,
1653,3,red_sneaker_2,B-OBJECT_ID,CLEAN,
1653,4,with,B-BEFORE_SENTENCE_SPLIT,CLEAN,
1653,5,the,O,CLEAN,
1653,6,brush,B-CLEANING_TOOL_TYPE,CLEAN,
1653,7,which,O,CLEAN,
1653,8,is,O,CLEAN,
1653,9,more,O,CLEAN,
1653,10,than,O,CLEAN,
1653,11,50%,B-THRESHOLD,CLEAN,
1653,12,full,O,CLEAN,
1654,1,use,O,CLEAN,
1654,2,the,O,CLEAN,
1654,3,cleaning,O,CLEAN,
1654,4,rag,B-CLEANING_TOOL_TYPE,CLEAN,
1654,5,with,O,CLEAN,
1654,6,at,O,CLEAN,
1654,7,least,O,CLEAN,
1654,8,60,B-THRESHOLD,CLEAN,
1654,9,percent,I-THRESHOLD,CLEAN,
1654,10,full,O,CLEAN,
1654,11,left,O,CLEAN,
1654,12,to,B-AFTER_SENTENCE_SPLIT,CLEAN,
1654,13,clean,O,CLEAN,
1654,14,the,O,CLEAN,
1654,15,s2,B-OBJECT_ID,CLEAN,
1655,1,please,O,CLEAN,
1655,2,wash,O,CLEAN,
1655,3,the,O,CLEAN,
1655,4,black,B-COLOR,CLEAN,
1655,5,suede,B-MATERIAL,CLEAN,
1655,6,sandal,B-SHOE_TYPE,CLEAN,
1655,7,using,B-BEFORE_SENTENCE_SPLIT,CLEAN,
1655,8,a,O,CLEAN,
1655,9,cleaner7,B-OBJECT_ID,CLEAN,
1655,10,that,O,CLEAN,
1655,11,is,O,CLEAN,
1655,12,at,O,CLEAN,
1655,13,least,O,CLEAN,
1655,14,70%,B-THRESHOLD,CLEAN,
1655,15,full,O,CLEAN,
1656,1,remove,O,CLEAN,
1656,2,dirt,O,CLEAN,
1656,3,from,O,CLEAN,
1656,4,the,O,CLEAN,
1656,5,white,B-COLOR,CLEAN,
1656,6,shoe,B-SHOE_TYPE,CLEAN,
1656,7,with,B-BEFORE_SENTENCE_SPLIT,CLEAN,
1656,8,brush,B-CLEANING_TOOL_TYPE,CLEAN,
1656,9,with,O,CLEAN,
1656,10,minimum,O,CLEAN,
1656,11,80%,B-THRESHOLD,CLEAN,
1656,12,full,O,CLEAN,
1657,1,clean,O,CLEAN,
1657,2,the,O,CLEAN,
1657,3,brown_sneaker6,B-OBJECT_ID,CLEAN,
1657,4,with,B-BEFORE_SENTENCE_SPLIT,CLEAN,
1657,5,the,O,CLEAN,
1657,6,cleaning,O,CLEAN,
1657,7,rag,B-CLEANING_TOOL_TYPE,CLEAN,
1657,8,that,O,CLEAN,
1657,9,is,O,CLEAN,
1657,10,90,B-THRESHOLD,CLEAN,
1657,11,percent,I-THRESHOLD,CLEAN,
1657,12,full,O,CLEAN,
1658,1,use,O,CLEAN,
1658,2,the,O,CLEAN,
1658,3,cleaner_2,B-OBJECT_ID,CLEAN,
1658,4,which,O,CLEAN,
1658,5,is,O,CLEAN,
1658,6,more,O,CLEAN,
1658,7,than,O,CLEAN,
1658,8,10%,B-THRESHOLD,CLEAN,
1658,9,full,O,CLEAN,
1658,10,to,B-AFTER_SENTENCE_SPLIT,CLEAN,
1658,11,clean,O,CLEAN,
1658,12,the,O,CLEAN,
1658,13,s6,B-OBJECT_ID,CLEAN,
1659,1,impregnate,O,IMPREGNATE,
1659,2,the,O,IMPREGNATE,
1659,3,green_sneaker5,B-OBJECT_ID,IMPREGNATE,
1659,4,with,B-BEFORE_SENTENCE_SPLIT,IMPREGNATE,
1659,5,the,O,IMPREGNATE,
1659,6,spray,B-IMPREGNATION_TOOL_TYPE,IMPREGNATE,
1659,7,that,O,IMPREGNATE,
1659,8,is,O,IMPREGNATE,
1659,9,at,O,IMPREGNATE,
1659,10,least,O,IMPREGNATE,
1659,11,60%,B-THRESHOLD,IMPREGNATE,
1659,12,full,O,IMPREGNATE,
1660,1,make,O,IMPREGNATE,
1660,2,the,O,IMPREGNATE,
1660,3,s_7,B-OBJECT_ID,IMPREGNATE,
1660,4,waterproof,O,IMPREGNATE,
1660,5,using,B-BEFORE_SENTENCE_SPLIT,IMPREGNATE,
1660,6,impregnation,O,IMPREGNATE,
1660,7,cream,B-IMPREGNATION_TOOL_TYPE,IMPREGNATE,
1660,8,with,O,IMPREGNATE,
1660,9,minimum,O,IMPREGNATE,
1660,10,70,B-THRESHOLD,IMPREGNATE,
1660,11,percent,I-THRESHOLD,IMPREGNATE,
1660,12,full,O,IMPREGNATE,
1661,1,protect,O,IMPREGNATE,
1661,2,the,O,IMPREGNATE,
1661,3,red,B-COLOR,IMPREGNATE,
1661,4,suede,B-MATERIAL,IMPREGNATE,
1661,5,sandal,B-SHOE_TYPE,IMPREGNATE,
1661,6,with,B-BEFORE_SENTENCE_SPLIT,IMPREGNATE,
1661,7,a,O,IMPREGNATE,
1661,8,spray3,B-OBJECT_ID,IMPREGNATE,
1661,9,that,O,IMPREGNATE,
1661,10,is,O,IMPREGNATE,
1661,11,80%,B-THRESHOLD,IMPREGNATE,
1661,12,full,O,IMPREGNATE,
1662,1,use,O,IMPREGNATE,
1662,2,cream,B-IMPREGNATION_TOOL_TYPE,IMPREGNATE,
1662,3,which,O,IMPREGNATE,
1662,4,is,O,IMPREGNATE,
1662,5,more,O,IMPREGNATE,
1662,6,than,O,IMPREGNATE,
1662,7,90%,B-THRESHOLD,IMPREGNATE,
1662,8,full,O,IMPREGNATE,
1662,9,on,O,IMPREGNATE,
1662,10,the,O,IMPREGNATE,
1662,11,blue,B-COLOR,IMPREGNATE,
1662,12,shoe,B-SHOE_TYPE,IMPREGNATE,
1663,1,impregnate,O,IMPREGNATE,
1663,2,the,O,IMPREGNATE,
1663,3,black_sneaker_9,B-OBJECT_ID,IMPREGNATE,
1663,4,with,B-BEFORE_SENTENCE_SPLIT,IMPREGNATE,
1663,5,the,O,IMPREGNATE,
1663,6,impregnation,O,IMPREGNATE,
1663,7,spray,B-IMPREGNATION_TOOL_TYPE,IMPREGNATE,
1663,8,with,O,IMPREGNATE,
1663,9,at,O,IMPREGNATE,
1663,10,least,O,IMPREGNATE,
1663,11,10,B-THRESHOLD,IMPREGNATE,
1663,12,percent,I-THRESHOLD,IMPREGNATE,
1663,13,full,O,IMPREGNATE,
1663,14,left,O,IMPREGNATE,
1664,1,make,O,IMPREGNATE,
1664,2,the,O,IMPREGNATE,
1664,3,s_4,B-OBJECT_ID,IMPREGNATE,
1664,4,waterproof,O,IMPREGNATE,
1664,5,using,B-BEFORE_SENTENCE_SPLIT,IMPREGNATE,
1664,6,cream6,B-OBJECT_ID,IMPREGNATE,
1664,7,that,O,IMPREGNATE,
1664,8,is,O,IMPREGNATE,
1664,9,at,O,IMPREGNATE,
1664,10,least,O,IMPREGNATE,
1664,11,15%,B-THRESHOLD,IMPREGNATE,
1664,12,full,O,IMPREGNATE,
1665,1,protect,O,IMPREGNATE,
1665,2,the,O,IMPREGNATE,
1665,3,brown,B-COLOR,IMPREGNATE,
1665,4,suede,B-MATERIAL,IMPREGNATE,
1665,5,sandal,B-SHOE_TYPE,IMPREGNATE,
1665,6,with,B-BEFORE_SENTENCE_SPLIT,IMPREGNATE,
1665,7,a,O,IMPREGNATE,
1665,8,spray,B-IMPREGNATION_TOOL_TYPE,IMPREGNATE,
1665,9,with,O,IMPREGNATE,
1665,10,minimum,O,IMPREGNATE,
1665,11,fullness,O,IMPREGNATE,
1665,12,20%,B-THRESHOLD,IMPREGNATE,
1666,1,use,O,IMPREGNATE,
1666,2,impregnation,O,IMPREGNATE,
1666,3,cream,B-IMPREGNATION_TOOL_TYPE,IMPREGNATE,
1666,4,that,O,IMPREGNATE,
1666,5,is,O,IMPREGNATE,
1666,6,25,B-THRESHOLD,IMPREGNATE,
1666,7,percent,I-THRESHOLD,IMPREGNATE,
1666,8,full,O,IMPREGNATE,
1666,9,on,O,IMPREGNATE,
1666,10,the,O,IMPREGNATE,
1666,11,green,B-COLOR,IMPREGNATE,
1666,12,shoe,B-SHOE_TYPE,IMPREGNATE,
1667,1,impregnate,O,IMPREGNATE,
1667,2,the,O,IMPREGNATE,
1667,3,yellow_sneaker_4,B-OBJECT_ID,IMPREGNATE,
1667,4,with,B-BEFORE_SENTENCE_SPLIT,IMPREGNATE,
1667,5,the,O,IMPREGNATE,
1667,6,spray_1,B-OBJECT_ID,IMPREGNATE,
1667,7,which,O,IMPREGNATE,
1667,8,is,O,IMPREGNATE,
1667,9,more,O,IMPREGNATE,
1667,10,than,O,IMPREGNATE,
1667,11,30%,B-THRESHOLD,IMPREGNATE,
1667,12,full,O,IMPREGNATE,
1668,1,make,O,IMPREGNATE,
1668,2,the,O,IMPREGNATE,
1668,3,s_1,B-OBJECT_ID,IMPREGNATE,
1668,4,waterproof,O,IMPREGNATE,
1668,5,using,B-BEFORE_SENTENCE_SPLIT,IMPREGNATE,
1668,6,cream,B-IMPREGNATION_TOOL_TYPE,IMPREGNATE,
1668,7,with,O,IMPREGNATE,
1668,8,at,O,IMPREGNATE,
1668,9,least,O,IMPREGNATE,
1668,10,40%,B-THRESHOLD,IMPREGNATE,
1668,11,full,O,IMPREGNATE,
1668,12,left,O,IMPREGNATE,
1669,1,protect,O,IMPREGNATE,
1669,2,the,O,IMPREGNATE,
1669,3,blue,B-COLOR,IMPREGNATE,
1669,4,suede,B-MATERIAL,IMPREGNATE,
1669,5,sandal,B-SHOE_TYPE,IMPREGNATE,
1669,6,with,B-BEFORE_SENTENCE_SPLIT,IMPREGNATE,
1669,7,a,O,IMPREGNATE,
1669,8,impregnation,O,IMPREGNATE,
1669,9,spray,B-IMPREGNATION_TOOL_TYPE,IMPREGNATE,
1669,10,that,O,IMPREGNATE,
1669,11,is,O,IMPREGNATE,
1669,12,at,O,IMPREGNATE,
1669,13,least,O,IMPREGNATE,
1669,14,50,B-THRESHOLD,IMPREGNATE,
1669,15,percent,I-THRESHOLD,IMPREGNATE,
1669,16,full,O,IMPREGNATE,
1670,1,use,O,IMPREGNATE,
1670,2,cream_4,B-OBJECT_ID,IMPREGNATE,
1670,3,with,O,IMPREGNATE,
1670,4,minimum,O,IMPREGNATE,
1670,5,60%,B-THRESHOLD,IMPREGNATE,
1670,6,full,O,IMPREGNATE,
1670,7,on,B-AFTER_SENTENCE_SPLIT,IMPREGNATE,
1670,8,the,O,IMPREGNATE,
1670,9,black,B-COLOR,IMPREGNATE,
1670,10,shoe,B-SHOE_TYPE,IMPREGNATE,
1671,1,impregnate,O,IMPREGNATE,
1671,2,the,O,IMPREGNATE,
1671,3,white_sneaker8,B-OBJECT_ID,IMPREGNATE,
1671,4,with,B-BEFORE_SENTENCE_SPLIT,IMPREGNATE,
1671,5,the,O,IMPREGNATE,
1671,6,spray,B-IMPREGNATION_TOOL_TYPE,IMPREGNATE,
1671,7,that,O,IMPREGNATE,
1671,8,is,O,IMPREGNATE,
1671,9,70%,B-THRESHOLD,IMPREGNATE,
1671,10,full,O,IMPREGNATE,
1672,1,make,O,IMPREGNATE,
1672,2,the,O,IMPREGNATE,
1672,3,s_5,B-OBJECT_ID,IMPREGNATE,
1672,4,waterproof,O,IMPREGNATE,
1672,5,using,B-BEFORE_SENTENCE_SPLIT,IMPREGNATE,
1672,6,impregnation,O,IMPREGNATE,
1672,7,cream,B-IMPREGNATION_TOOL_TYPE,IMPREGNATE,
1672,8,which,O,IMPREGNATE,
1672,9,is,O,IMPREGNATE,
1672,10,more,O,IMPREGNATE,
1672,11,than,O,IMPREGNATE,
1672,12,80,B-THRESHOLD,IMPREGNATE,
1672,13,percent,I-THRESHOLD,IMPREGNATE,
1672,14,full,O,IMPREGNATE,
1673,1,protect,O,IMPREGNATE,
1673,2,the,O,IMPREGNATE,
1673,3,green,B-COLOR,IMPREGNATE,
1673,4,suede,B-MATERIAL,IMPREGNATE,
1673,5,sandal,B-SHOE_TYPE,IMPREGNATE,
1673,6,with,B-BEFORE_SENTENCE_SPLIT,IMPREGNATE,
1673,7,a,O,IMPREGNATE,
1673,8,spray_7,B-OBJECT_ID,IMPREGNATE,
1673,9,with,O,IMPREGNATE,
1673,10,at,O,IMPREGNATE,
1673,11,least,O,IMPREGNATE,
1673,12,90%,B-THRESHOLD,IMPREGNATE,
1673,13,full,O,IMPREGNATE,
1673,14,left,O,IMPREGNATE,
1674,1,use,O,IMPREGNATE,
1674,2,cream,B-IMPREGNATION_TOOL_TYPE,IMPREGNATE,
1674,3,that,O,IMPREGNATE,
1674,4,is,O,IMPREGNATE,
1674,5,at,O,IMPREGNATE,
1674,6,least,O,IMPREGNATE,
1674,7,10%,B-THRESHOLD,IMPREGNATE,
1674,8,full,O,IMPREGNATE,
1674,9,on,O,IMPREGNATE,
1674,10,the,O,IMPREGNATE,
1674,11,yellow,B-COLOR,IMPREGNATE,
1674,12,shoe,B-SHOE_TYPE,IMPREGNATE,
1675,1,impregnate,O,IMPREGNATE,
1675,2,the,O,IMPREGNATE,
1675,3,red_sneaker_3,B-OBJECT_ID,IMPREGNATE,
1675,4,with,B-BEFORE_SENTENCE_SPLIT,IMPREGNATE,
1675,5,the,O,IMPREGNATE,
1675,6,impregnation,O,IMPREGNATE,
1675,7,spray,B-IMPREGNATION_TOOL_TYPE,IMPREGNATE,
1675,8,with,O,IMPREGNATE,
1675,9,minimum,O,IMPREGNATE,
1675,10,15,B-THRESHOLD,IMPREGNATE,
1675,11,percent,I-THRESHOLD,IMPREGNATE,
1675,12,full,O,IMPREGNATE,
1676,1,make,O,IMPREGNATE,
1676,2,the,O,IMPREGNATE,
1676,3,s_2,B-OBJECT_ID,IMPREGNATE,
1676,4,waterproof,O,IMPREGNATE,
1676,5,using,B-BEFORE_SENTENCE_SPLIT,IMPREGNATE,
1676,6,cream2,B-OBJECT_ID,IMPREGNATE,
1676,7,that,O,IMPREGNATE,
1676,8,is,O,IMPREGNATE,
1676,9,20%,B-THRESHOLD,IMPREGNATE,
1676,10,full,O,IMPREGNATE,
1677,1,protect,O,IMPREGNATE,
1677,2,the,O,IMPREGNATE,
1677,3,black,B-COLOR,IMPREGNATE,
1677,4,suede,B-MATERIAL,IMPREGNATE,
1677,5,sandal,B-SHOE_TYPE,IMPREGNATE,
1677,6,with,B-BEFORE_SENTENCE_SPLIT,IMPREGNATE,
1677,7,a,O,IMPREGNATE,
1677,8,spray,B-IMPREGNATION_TOOL_TYPE,IMPREGNATE,
1677,9,which,O,IMPREGNATE,
1677,10,is,O,IMPREGNATE,
1677,11,more,O,IMPREGNATE,
1677,12,than,O,IMPREGNATE,
1677,13,25%,B-THRESHOLD,IMPREGNATE,
1677,14,full,O,IMPREGNATE,
1678,1,use,O,IMPREGNATE,
1678,2,impregnation,O,IMPREGNATE,
1678,3,cream,B-IMPREGNATION_TOOL_TYPE,IMPREGNATE,
1678,4,with,O,IMPREGNATE,
1678,5,at,O,IMPREGNATE,
1678,6,least,O,IMPREGNATE,
1678,7,30,B-THRESHOLD,IMPREGNATE,
1678,8,percent,I-THRESHOLD,IMPREGNATE,
1678,9,full,O,IMPREGNATE,
1678,10,left,O,IMPREGNATE,
1678,11,on,B-AFTER_SENTENCE_SPLIT,IMPREGNATE,
1678,12,the,O,IMPREGNATE,
1678,13,white,B-COLOR,IMPREGNATE,
1678,14,shoe,B-SHOE_TYPE,IMPREGNATE,
1679,1,impregnate,O,IMPREGNATE,
1679,2,the,O,IMPREGNATE,
1679,3,brown_sneaker_7,B-OBJECT_ID,IMPREGNATE,
1679,4,with,B-BEFORE_SENTENCE_SPLIT,IMPREGNATE,
1679,5,the,O,IMPREGNATE,
1679,6,spray_5,B-OBJECT_ID,IMPREGNATE,
1679,7,that,O,IMPREGNATE,
1679,8,is,O,IMPREGNATE,
1679,9,at,O,IMPREGNATE,
1679,10,least,O,IMPREGNATE,
1679,11,40,B-THRESHOLD,IMPREGNATE,
1679,12,%,I-THRESHOLD,IMPREGNATE,
1679,13,full,O,IMPREGNATE,
1680,1,make,O,IMPREGNATE,
1680,2,the,O,IMPREGNATE,
1680,3,s_6,B-OBJECT_ID,IMPREGNATE,
1680,4,waterproof,O,IMPREGNATE,
1680,5,using,B-BEFORE_SENTENCE_SPLIT,IMPREGNATE,
1680,6,cream,B-IMPREGNATION_TOOL_TYPE,IMPREGNATE,
1680,7,with,O,IMPREGNATE,
1680,8,minimum,O,IMPREGNATE,
1680,9,50%,B-THRESHOLD,IMPREGNATE,
1680,10,full,O,IMPREGNATE,
1681,1,protect,O,IMPREGNATE,
1681,2,the,O,IMPREGNATE,
1681,3,yellow,B-COLOR,IMPREGNATE,
1681,4,suede,B-MATERIAL,IMPREGNATE,
1681,5,sandal,B-SHOE_TYPE,IMPREGNATE,
1681,6,with,B-BEFORE_SENTENCE_SPLIT,IMPREGNATE,
1681,7,a,O,IMPREGNATE,
1681,8,impregnation,O,IMPREGNATE,
1681,9,spray,B-IMPREGNATION_TOOL_TYPE,IMPREGNATE,
1681,10,that,O,IMPREGNATE,
1681,11,is,O,IMPREGNATE,
1681,12,60,B-THRESHOLD,IMPREGNATE,
1681,13,percent,I-THRESHOLD,IMPREGNATE,
1681,14,full,O,IMPREGNATE,
1682,1,use,O,IMPREGNATE,
1682,2,cream_8,B-OBJECT_ID,IMPREGNATE,
1682,3,which,O,IMPREGNATE,
1682,4,is,O,IMPREGNATE,
1682,5,more,O,IMPREGNATE,
1682,6,than,O,IMPREGNATE,
1682,7,70%,B-THRESHOLD,IMPREGNATE,
1682,8,full,O,IMPREGNATE,
1682,9,on,O,IMPREGNATE,
1682,10,the,O,IMPREGNATE,
1682,11,red,B-COLOR,IMPREGNATE,
1682,12,shoe,B-SHOE_TYPE,IMPREGNATE,
1683,1,impregnate,O,IMPREGNATE,
1683,2,the,O,IMPREGNATE,
1683,3,blue_sneaker_2,B-OBJECT_ID,IMPREGNATE,
1683,4,with,B-BEFORE_SENTENCE_SPLIT,IMPREGNATE,
1683,5,the,O,IMPREGNATE,
1683,6,spray,B-IMPREGNATION_TOOL_TYPE,IMPREGNATE,
1683,7,with,O,IMPREGNATE,
1683,8,at,O,IMPREGNATE,
1683,9,least,O,IMPREGNATE,
1683,10,80%,B-THRESHOLD,IMPREGNATE,
1683,11,full,O,IMPREGNATE,
1683,12,left,O,IMPREGNATE,
1684,1,make,O,IMPREGNATE,
1684,2,the,O,IMPREGNATE,
1684,3,s_3,B-OBJECT_ID,IMPREGNATE,
1684,4,waterproof,O,IMPREGNATE,
1684,5,using,B-BEFORE_SENTENCE_SPLIT,IMPREGNATE,
1684,6,impregnation,O,IMPREGNATE,
1684,7,cream,B-IMPREGNATION_TOOL_TYPE,IMPREGNATE,
1684,8,that,O,IMPREGNATE,
1684,9,is,O,IMPREGNATE,
1684,10,at,O,IMPREGNATE,
1684,11,least,O,IMPREGNATE,
1684,12,90,B-THRESHOLD,IMPREGNATE,
1684,13,percent,I-THRESHOLD,IMPREGNATE,
1684,14,full,O,IMPREGNATE,
1685,1,protect,O,IMPREGNATE,
1685,2,the,O,IMPREGNATE,
1685,3,white,B-COLOR,IMPREGNATE,
1685,4,suede,B-MATERIAL,IMPREGNATE,
1685,5,sandal,B-SHOE_TYPE,IMPREGNATE,
1685,6,with,B-BEFORE_SENTENCE_SPLIT,IMPREGNATE,
1685,7,a,O,IMPREGNATE,
1685,8,spray3,B-OBJECT_ID,IMPREGNATE,
1685,9,with,O,IMPREGNATE,
1685,10,minimum,O,IMPREGNATE,
1685,11,10%,B-THRESHOLD,IMPREGNATE,
1685,12,full,O,IMPREGNATE,
1686,1,use,O,IMPREGNATE,
1686,2,cream,B-IMPREGNATION_TOOL_TYPE,IMPREGNATE,
1686,3,that,O,IMPREGNATE,
1686,4,is,O,IMPREGNATE,
1686,5,15%,B-THRESHOLD,IMPREGNATE,
1686,6,full,O,IMPREGNATE,
1686,7,on,B-AFTER_SENTENCE_SPLIT,IMPREGNATE,
1686,8,the,O,IMPREGNATE,
1686,9,brown,B-COLOR,IMPREGNATE,
1686,10,shoe,B-SHOE_TYPE,IMPREGNATE,
1687,1,impregnate,O,IMPREGNATE,
1687,2,the,O,IMPREGNATE,
1687,3,green_sneaker_6,B-OBJECT_ID,IMPREGNATE,
1687,4,with,B-BEFORE_SENTENCE_SPLIT,IMPREGNATE,
1687,5,the,O,IMPREGNATE,
1687,6,impregnation,O,IMPREGNATE,
1687,7,spray,B-IMPREGNATION_TOOL_TYPE,IMPREGNATE,
1687,8,which,O,IMPREGNATE,
1687,9,is,O,IMPREGNATE,
1687,10,more,O,IMPREGNATE,
1687,11,than,O,IMPREGNATE,
1687,12,20,B-THRESHOLD,IMPREGNATE,
1687,13,percent,I-THRESHOLD,IMPREGNATE,
1687,14,full,O,IMPREGNATE,
1688,1,make,O,IMPREGNATE,
1688,2,the,O,IMPREGNATE,
1688,3,s_7,B-OBJECT_ID,IMPREGNATE,
1688,4,waterproof,O,IMPREGNATE,
1688,5,using,B-BEFORE_SENTENCE_SPLIT,IMPREGNATE,
1688,6,cream_6,B-OBJECT_ID,IMPREGNATE,
1688,7,with,O,IMPREGNATE,
1688,8,at,O,IMPREGNATE,
1688,9,least,O,IMPREGNATE,
1688,10,25%,B-THRESHOLD,IMPREGNATE,
1688,11,full,O,IMPREGNATE,
1688,12,left,O,IMPREGNATE,
1689,1,protect,O,IMPREGNATE,
1689,2,the,O,IMPREGNATE,
1689,3,red,B-COLOR,IMPREGNATE,
1689,4,suede,B-MATERIAL,IMPREGNATE,
1689,5,sandal,B-SHOE_TYPE,IMPREGNATE,
1689,6,with,B-BEFORE_SENTENCE_SPLIT,IMPREGNATE,
1689,7,a,O,IMPREGNATE,
1689,8,spray,B-IMPREGNATION_TOOL_TYPE,IMPREGNATE,
1689,9,that,O,IMPREGNATE,
1689,10,is,O,IMPREGNATE,
1689,11,at,O,IMPREGNATE,
1689,12,least,O,IMPREGNATE,
1689,13,30%,B-THRESHOLD,IMPREGNATE,
1689,14,full,O,IMPREGNATE,
1690,1,use,O,IMPREGNATE,
1690,2,impregnation,O,IMPREGNATE,
1690,3,cream,B-IMPREGNATION_TOOL_TYPE,IMPREGNATE,
1690,4,with,O,IMPREGNATE,
1690,5,minimum,O,IMPREGNATE,
1690,6,40,B-THRESHOLD,IMPREGNATE,
1690,7,percent,I-THRESHOLD,IMPREGNATE,
1690,8,full,O,IMPREGNATE,
1690,9,on,B-AFTER_SENTENCE_SPLIT,IMPREGNATE,
1690,10,the,O,IMPREGNATE,
1690,11,blue,B-COLOR,IMPREGNATE,
1690,12,shoe,B-SHOE_TYPE,IMPREGNATE,
1691,1,impregnate,O,IMPREGNATE,
1691,2,the,O,IMPREGNATE,
1691,3,black_sneaker_1,B-OBJECT_ID,IMPREGNATE,
1691,4,with,B-BEFORE_SENTENCE_SPLIT,IMPREGNATE,
1691,5,the,O,IMPREGNATE,
1691,6,spray_1,B-OBJECT_ID,IMPREGNATE,
1691,7,that,O,IMPREGNATE,
1691,8,is,O,IMPREGNATE,
1691,9,50,B-THRESHOLD,IMPREGNATE,
1691,10,%,I-THRESHOLD,IMPREGNATE,
1691,11,full,O,IMPREGNATE,
1692,1,repair,O,REPAIR,
1692,2,the,O,REPAIR,
1692,3,sole,B-REPAIR_TARGET,REPAIR,
1692,4,of,O,REPAIR,
1692,5,the,O,REPAIR,
1692,6,white_sneaker_9,B-OBJECT_ID,REPAIR,
1692,7,with,B-BEFORE_SENTENCE_SPLIT,REPAIR,
1692,8,the,O,REPAIR,
1692,9,needle_and_yarn1,B-OBJECT_ID,REPAIR,
1692,10,that,O,REPAIR,
1692,11,is,O,REPAIR,
1692,12,maximal,O,REPAIR,
1692,13,25%,B-THRESHOLD,REPAIR,
1692,14,damaged,O,REPAIR,
1693,1,fix,O,REPAIR,
1693,2,the,O,REPAIR,
1693,3,s_5,B-OBJECT_ID,REPAIR,
1693,4,using,B-BEFORE_SENTENCE_SPLIT,REPAIR,
1693,5,sole,B-REPAIR_TOOL_TYPE,REPAIR,
1693,6,hammer,I-REPAIR_TOOL_TYPE,REPAIR,
1693,7,with,O,REPAIR,
1693,8,at,O,REPAIR,
1693,9,most,O,REPAIR,
1693,10,30,B-THRESHOLD,REPAIR,
1693,11,percent,I-THRESHOLD,REPAIR,
1693,12,damage,O,REPAIR,
1694,1,restore,O,REPAIR,
1694,2,the,O,REPAIR,
1694,3,material,B-REPAIR_TARGET,REPAIR,
1694,4,of,O,REPAIR,
1694,5,the,O,REPAIR,
1694,6,green,B-COLOR,REPAIR,
1694,7,suede,B-MATERIAL,REPAIR,
1694,8,sandal,B-SHOE_TYPE,REPAIR,
1694,9,with,B-BEFORE_SENTENCE_SPLIT,REPAIR,
1694,10,sole_glue,O,REPAIR,
1694,11,that,O,REPAIR,
1694,12,has,O,REPAIR,
1694,13,maximum,O,REPAIR,
1694,14,40%,B-THRESHOLD,REPAIR,
1694,15,damage,O,REPAIR,
1695,1,use,O,REPAIR,
1695,2,the,O,REPAIR,
1695,3,repair,O,REPAIR,
1695,4,tool,O,REPAIR,
1695,5,which,O,REPAIR,
1695,6,is,O,REPAIR,
1695,7,less,O,REPAIR,
1695,8,than,O,REPAIR,
1695,9,50,B-THRESHOLD,REPAIR,
1695,10,%,I-THRESHOLD,REPAIR,
1695,11,damaged,O,REPAIR,
1695,12,to,B-AFTER_SENTENCE_SPLIT,REPAIR,
1695,13,repair,O,REPAIR,
1695,14,the,O,REPAIR,
1695,15,yellow,B-COLOR,REPAIR,
1695,16,shoe,B-SHOE_TYPE,REPAIR,
1696,1,repair,O,REPAIR,
1696,2,the,O,REPAIR,
1696,3,sole,B-REPAIR_TARGET,REPAIR,
1696,4,of,O,REPAIR,
1696,5,the,O,REPAIR,
1696,6,red_sneaker4,B-OBJECT_ID,REPAIR,
1696,7,with,B-BEFORE_SENTENCE_SPLIT,REPAIR,
1696,8,the,O,REPAIR,
1696,9,sole_hammer_5,B-OBJECT_ID,REPAIR,
1696,10,that,O,REPAIR,
1696,11,is,O,REPAIR,
1696,12,60,B-THRESHOLD,REPAIR,
1696,13,percent,I-THRESHOLD,REPAIR,
1696,14,damaged,O,REPAIR,
1697,1,fix,O,REPAIR,
1697,2,the,O,REPAIR,
1697,3,s_2,B-OBJECT_ID,REPAIR,
1697,4,using,B-BEFORE_SENTENCE_SPLIT,REPAIR,
1697,5,sole,B-REPAIR_TOOL_TYPE,REPAIR,
1697,6,glue,I-REPAIR_TOOL_TYPE,REPAIR,
1697,7,that,O,REPAIR,
1697,8,is,O,REPAIR,
1697,9,maximal,O,REPAIR,
1697,10,70%,B-THRESHOLD,REPAIR,
1697,11,damaged,O,REPAIR,
1698,1,restore,O,REPAIR,
1698,2,the,O,REPAIR,
1698,3,material,B-REPAIR_TARGET,REPAIR,
1698,4,of,O,REPAIR,
1698,5,the,O,REPAIR,
1698,6,black,B-COLOR,REPAIR,
1698,7,suede,B-MATERIAL,REPAIR,
1698,8,sandal,B-SHOE_TYPE,REPAIR,
1698,9,with,B-BEFORE_SENTENCE_SPLIT,REPAIR,
1698,10,needle_and_yarn,O,REPAIR,
1698,11,with,O,REPAIR,
1698,12,at,O,REPAIR,
1698,13,most,O,REPAIR,
1698,14,80%,B-THRESHOLD,REPAIR,
1698,15,damaged,O,REPAIR,
1699,1,use,O,REPAIR,
1699,2,the,O,REPAIR,
1699,3,repair,O,REPAIR,
1699,4,tool,O,REPAIR,
1699,5,that,O,REPAIR,
1699,6,has,O,REPAIR,
1699,7,maximum,O,REPAIR,
1699,8,90,B-THRESHOLD,REPAIR,
1699,9,percent,I-THRESHOLD,REPAIR,
1699,10,damage,O,REPAIR,
1699,11,to,B-BEFORE_SENTENCE_SPLIT,REPAIR,
1699,12,repair,O,REPAIR,
1699,13,the,O,REPAIR,
1699,14,white,B-COLOR,REPAIR,
1699,15,shoe,B-SHOE_TYPE,REPAIR,
1700,1,repair,O,REPAIR,
1700,2,the,O,REPAIR,
1700,3,sole,B-REPAIR_TARGET,REPAIR,
1700,4,of,O,REPAIR,
1700,5,the,O,REPAIR,
1700,6,brown_sneaker8,B-OBJECT_ID,REPAIR,
1700,7,with,B-BEFORE_SENTENCE_SPLIT,REPAIR,
1700,8,the,O,REPAIR,
1700,9,sole_glue_1,B-OBJECT_ID,REPAIR,
1700,10,which,O,REPAIR,
1700,11,is,O,REPAIR,
1700,12,less,O,REPAIR,
1700,13,than,O,REPAIR,
1700,14,10%,B-THRESHOLD,REPAIR,
1700,15,damaged,O,REPAIR,
1701,1,fix,O,REPAIR,
1701,2,the,O,REPAIR,
1701,3,s_6,B-OBJECT_ID,REPAIR,
1701,4,using,B-BEFORE_SENTENCE_SPLIT,REPAIR,
1701,5,needle,B-REPAIR_TOOL_TYPE,REPAIR,
1701,6,and,I-REPAIR_TOOL_TYPE,REPAIR,
1701,7,yarn,I-REPAIR_TOOL_TYPE,REPAIR,
1701,8,that,O,REPAIR,
1701,9,is,O,REPAIR,
1701,10,15%,B-THRESHOLD,REPAIR,
1701,11,damaged,O,REPAIR,
1702,1,restore,O,REPAIR,
1702,2,the,O,REPAIR,
1702,3,material,B-REPAIR_TARGET,REPAIR,
1702,4,of,O,REPAIR,
1702,5,the,O,REPAIR,
1702,6,yellow,B-COLOR,REPAIR,
1702,7,suede,B-MATERIAL,REPAIR,
1702,8,sandal,B-SHOE_TYPE,REPAIR,
1702,9,with,B-BEFORE_SENTENCE_SPLIT,REPAIR,
1702,10,sole_hammer,O,REPAIR,
1702,11,that,O,REPAIR,
1702,12,is,O,REPAIR,
1702,13,maximal,O,REPAIR,
1702,14,20,B-THRESHOLD,REPAIR,
1702,15,percent,I-THRESHOLD,REPAIR,
1702,16,damage,O,REPAIR,
1703,1,use,O,REPAIR,
1703,2,the,O,REPAIR,
1703,3,repair,O,REPAIR,
1703,4,tool,O,REPAIR,
1703,5,with,O,REPAIR,
1703,6,at,O,REPAIR,
1703,7,most,O,REPAIR,
1703,8,25,B-THRESHOLD,REPAIR,
1703,9,%,I-THRESHOLD,REPAIR,
1703,10,damage,O,REPAIR,
1703,11,to,B-AFTER_SENTENCE_SPLIT,REPAIR,
1703,12,repair,O,REPAIR,
1703,13,the,O,REPAIR,
1703,14,red,B-COLOR,REPAIR,
1703,15,shoe,B-SHOE_TYPE,REPAIR,
1704,1,repair,O,REPAIR,
1704,2,the,O,REPAIR,
1704,3,sole,B-REPAIR_TARGET,REPAIR,
1704,4,of,O,REPAIR,
1704,5,the,O,REPAIR,
1704,6,blue_sneaker3,B-OBJECT_ID,REPAIR,
1704,7,with,B-BEFORE_SENTENCE_SPLIT,REPAIR,
1704,8,the,O,REPAIR,
1704,9,needle_and_yarn_5,B-OBJECT_ID,REPAIR,
1704,10,that,O,REPAIR,
1704,11,has,O,REPAIR,
1704,12,maximum,O,REPAIR,
1704,13,30%,B-THRESHOLD,REPAIR,
1704,14,damage,O,REPAIR,
1705,1,fix,O,REPAIR,
1705,2,the,O,REPAIR,
1705,3,s_3,B-OBJECT_ID,REPAIR,
1705,4,using,B-BEFORE_SENTENCE_SPLIT,REPAIR,
1705,5,sole,B-REPAIR_TOOL_TYPE,REPAIR,
1705,6,hammer,I-REPAIR_TOOL_TYPE,REPAIR,
1705,7,which,O,REPAIR,
1705,8,is,O,REPAIR,
1705,9,less,O,REPAIR,
1705,10,than,O,REPAIR,
1705,11,40,B-THRESHOLD,REPAIR,
1705,12,percent,I-THRESHOLD,REPAIR,
1705,13,damage,O,REPAIR,
1706,1,restore,O,REPAIR,
1706,2,the,O,REPAIR,
1706,3,material,B-REPAIR_TARGET,REPAIR,
1706,4,of,O,REPAIR,
1706,5,the,O,REPAIR,
1706,6,white,B-COLOR,REPAIR,
1706,7,suede,B-MATERIAL,REPAIR,
1706,8,sandal,B-SHOE_TYPE,REPAIR,
1706,9,with,B-BEFORE_SENTENCE_SPLIT,REPAIR,
1706,10,sole_glue,O,REPAIR,
1706,11,that,O,REPAIR,
1706,12,is,O,REPAIR,
1706,13,50%,B-THRESHOLD,REPAIR,
1706,14,damaged,O,REPAIR,
1707,1,use,O,REPAIR,
1707,2,the,O,REPAIR,
1707,3,repair,O,REPAIR,
1707,4,tool,O,REPAIR,
1707,5,that,O,REPAIR,
1707,6,is,O,REPAIR,
1707,7,maximal,O,REPAIR,
1707,8,60%,B-THRESHOLD,REPAIR,
1707,9,damaged,O,REPAIR,
1707,10,to,B-AFTER_SENTENCE_SPLIT,REPAIR,
1707,11,repair,O,REPAIR,
1707,12,the,O,REPAIR,
1707,13,brown,B-COLOR,REPAIR,
1707,14,shoe,B-SHOE_TYPE,REPAIR,
1708,1,repair,O,REPAIR,
1708,2,the,O,REPAIR,
1708,3,sole,B-REPAIR_TARGET,REPAIR,
1708,4,of,O,REPAIR,
1708,5,the,O,REPAIR,
1708,6,green_sneaker_7,B-OBJECT_ID,REPAIR,
1708,7,with,B-BEFORE_SENTENCE_SPLIT,REPAIR,
1708,8,the,O,REPAIR,
1708,9,sole_hammer_1,B-OBJECT_ID,REPAIR,
1708,10,with,O,REPAIR,
1708,11,at,O,REPAIR,
1708,12,most,O,REPAIR,
1708,13,70,B-THRESHOLD,REPAIR,
1708,14,percent,I-THRESHOLD,REPAIR,
1708,15,damage,O,REPAIR,
1709,1,fix,O,REPAIR,
1709,2,the,O,REPAIR,
1709,3,s_7,B-OBJECT_ID,REPAIR,
1709,4,using,B-BEFORE_SENTENCE_SPLIT,REPAIR,
1709,5,sole,B-REPAIR_TOOL_TYPE,REPAIR,
1709,6,glue,I-REPAIR_TOOL_TYPE,REPAIR,
1709,7,that,O,REPAIR,
1709,8,has,O,REPAIR,
1709,9,maximum,O,REPAIR,
1709,10,80%,B-THRESHOLD,REPAIR,
1709,11,damage,O,REPAIR,
1710,1,restore,O,REPAIR,
1710,2,the,O,REPAIR,
1710,3,material,B-REPAIR_TARGET,REPAIR,
1710,4,of,O,REPAIR,
1710,5,the,O,REPAIR,
1710,6,red,B-COLOR,REPAIR,
1710,7,suede,B-MATERIAL,REPAIR,
1710,8,sandal,B-SHOE_TYPE,REPAIR,
1710,9,with,B-BEFORE_SENTENCE_SPLIT,REPAIR,
1710,10,needle_and_yarn,B-REPAIR_TOOL_TYPE,REPAIR,
1710,11,which,O,REPAIR,
1710,12,is,O,REPAIR,
1710,13,less,O,REPAIR,
1710,14,than,O,REPAIR,
1710,15,90%,B-THRESHOLD,REPAIR,
1710,16,damaged,O,REPAIR,
1711,1,use,O,REPAIR,
1711,2,the,O,REPAIR,
1711,3,repair,O,REPAIR,
1711,4,tool,O,REPAIR,
1711,5,that,O,REPAIR,
1711,6,is,O,REPAIR,
1711,7,10,B-THRESHOLD,REPAIR,
1711,8,percent,I-THRESHOLD,REPAIR,
1711,9,damaged,O,REPAIR,
1711,10,to,B-AFTER_SENTENCE_SPLIT,REPAIR,
1711,11,repair,O,REPAIR,
1711,12,the,O,REPAIR,
1711,13,blue,B-COLOR,REPAIR,
1711,14,shoe,B-SHOE_TYPE,REPAIR,
1712,1,repair,O,REPAIR,
1712,2,the,O,REPAIR,
1712,3,sole,B-REPAIR_TARGET,REPAIR,
1712,4,of,O,REPAIR,
1712,5,the,O,REPAIR,
1712,6,black_sneaker2,B-OBJECT_ID,REPAIR,
1712,7,with,B-BEFORE_SENTENCE_SPLIT,REPAIR,
1712,8,the,O,REPAIR,
1712,9,sole_glue_5,B-OBJECT_ID,REPAIR,
1712,10,that,O,REPAIR,
1712,11,is,O,REPAIR,
1712,12,maximal,O,REPAIR,
1712,13,15%,B-THRESHOLD,REPAIR,
1712,14,damage,O,REPAIR,
1713,1,fix,O,REPAIR,
1713,2,the,O,REPAIR,
1713,3,s_4,B-OBJECT_ID,REPAIR,
1713,4,using,B-BEFORE_SENTENCE_SPLIT,REPAIR,
1713,5,needle,B-REPAIR_TOOL_TYPE,REPAIR,
1713,6,and,I-REPAIR_TOOL_TYPE,REPAIR,
1713,7,yarn,I-REPAIR_TOOL_TYPE,REPAIR,
1713,8,with,O,REPAIR,
1713,9,at,O,REPAIR,
1713,10,most,O,REPAIR,
1713,11,20%,B-THRESHOLD,REPAIR,
1713,12,damage,O,REPAIR,
1714,1,restore,O,REPAIR,
1714,2,the,O,REPAIR,
1714,3,material,B-REPAIR_TARGET,REPAIR,
1714,4,of,O,REPAIR,
1714,5,the,O,REPAIR,
1714,6,brown,B-COLOR,REPAIR,
1714,7,suede,B-MATERIAL,REPAIR,
1714,8,sandal,B-SHOE_TYPE,REPAIR,
1714,9,with,B-BEFORE_SENTENCE_SPLIT,REPAIR,
1714,10,sole_hammer,O,REPAIR,
1714,11,that,O,REPAIR,
1714,12,has,O,REPAIR,
1714,13,maximum,O,REPAIR,
1714,14,25,B-THRESHOLD,REPAIR,
1714,15,percent,I-THRESHOLD,REPAIR,
1714,16,damaged,O,REPAIR,
1715,1,use,O,REPAIR,
1715,2,the,O,REPAIR,
1715,3,repair,O,REPAIR,
1715,4,tool,O,REPAIR,
1715,5,which,O,REPAIR,
1715,6,is,O,REPAIR,
1715,7,less,O,REPAIR,
1715,8,than,O,REPAIR,
1715,9,30%,B-THRESHOLD,REPAIR,
1715,10,damaged,O,REPAIR,
1715,11,to,B-AFTER_SENTENCE_SPLIT,REPAIR,
1715,12,repair,O,REPAIR,
1715,13,the,O,REPAIR,
1715,14,green,B-COLOR,REPAIR,
1715,15,shoe,B-SHOE_TYPE,REPAIR,
1716,1,repair,O,REPAIR,
1716,2,the,O,REPAIR,
1716,3,sole,B-REPAIR_TARGET,REPAIR,
1716,4,of,O,REPAIR,
1716,5,the,O,REPAIR,
1716,6,yellow_sneaker_6,B-OBJECT_ID,REPAIR,
1716,7,with,B-BEFORE_SENTENCE_SPLIT,REPAIR,
1716,8,the,O,REPAIR,
1716,9,needle_and_yarn_1,B-OBJECT_ID,REPAIR,
1716,10,that,O,REPAIR,
1716,11,is,O,REPAIR,
1716,12,40,B-THRESHOLD,REPAIR,
1716,13,%,I-THRESHOLD,REPAIR,
1716,14,damaged,O,REPAIR,
1717,1,fix,O,REPAIR,
1717,2,the,O,REPAIR,
1717,3,s_1,B-OBJECT_ID,REPAIR,
1717,4,using,B-BEFORE_SENTENCE_SPLIT,REPAIR,
1717,5,sole,B-REPAIR_TOOL_TYPE,REPAIR,
1717,6,hammer,I-REPAIR_TOOL_TYPE,REPAIR,
1717,7,that,O,REPAIR,
1717,8,is,O,REPAIR,
1717,9,maximal,O,REPAIR,
1717,10,50,B-THRESHOLD,REPAIR,
1717,11,percent,I-THRESHOLD,REPAIR,
1717,12,damaged,O,REPAIR,
1718,1,restore,O,REPAIR,
1718,2,the,O,REPAIR,
1718,3,material,B-REPAIR_TARGET,REPAIR,
1718,4,of,O,REPAIR,
1718,5,the,O,REPAIR,
1718,6,blue,B-COLOR,REPAIR,
1718,7,suede,B-MATERIAL,REPAIR,
1718,8,sandal,B-SHOE_TYPE,REPAIR,
1718,9,with,B-BEFORE_SENTENCE_SPLIT,REPAIR,
1718,10,sole_glue,O,REPAIR,
1718,11,with,O,REPAIR,
1718,12,at,O,REPAIR,
1718,13,most,O,REPAIR,
1718,14,60%,B-THRESHOLD,REPAIR,
1718,15,damage,O,REPAIR,
1719,1,use,O,REPAIR,
1719,2,the,O,REPAIR,
1719,3,repair,O,REPAIR,
1719,4,tool,O,REPAIR,
1719,5,that,O,REPAIR,
1719,6,has,O,REPAIR,
1719,7,maximum,O,REPAIR,
1719,8,70%,B-THRESHOLD,REPAIR,
1719,9,damage,O,REPAIR,
1719,10,to,B-AFTER_SENTENCE_SPLIT,REPAIR,
1719,11,repair,O,REPAIR,
1719,12,the,O,REPAIR,
1719,13,black,B-COLOR,REPAIR,
1719,14,shoe,B-SHOE_TYPE,REPAIR,
1720,1,repair,O,REPAIR,
1720,2,the,O,REPAIR,
1720,3,sole,B-REPAIR_TARGET,REPAIR,
1720,4,of,O,REPAIR,
1720,5,the,O,REPAIR,
1720,6,white_sneaker_1,B-OBJECT_ID,REPAIR,
1720,7,with,B-BEFORE_SENTENCE_SPLIT,REPAIR,
1720,8,the,O,REPAIR,
1720,9,sole_hammer_5,B-OBJECT_ID,REPAIR,
1720,10,which,O,REPAIR,
1720,11,is,O,REPAIR,
1720,12,less,O,REPAIR,
1720,13,than,O,REPAIR,
1720,14,80,B-THRESHOLD,REPAIR,
1720,15,percent,I-THRESHOLD,REPAIR,
1720,16,damaged,O,REPAIR,
1721,1,fix,O,REPAIR,
1721,2,the,O,REPAIR,
1721,3,s_5,B-OBJECT_ID,REPAIR,
1721,4,using,B-BEFORE_SENTENCE_SPLIT,REPAIR,
1721,5,sole,B-REPAIR_TOOL_TYPE,REPAIR,
1721,6,glue,I-REPAIR_TOOL_TYPE,REPAIR,
1721,7,that,O,REPAIR,
1721,8,is,O,REPAIR,
1721,9,90,B-THRESHOLD,REPAIR,
1721,10,%,I-THRESHOLD,REPAIR,
1721,11,damaged,O,REPAIR,
1722,1,restore,O,REPAIR,
1722,2,the,O,REPAIR,
1722,3,material,B-REPAIR_TARGET,REPAIR,
1722,4,of,O,REPAIR,
1722,5,the,O,REPAIR,
1722,6,green,B-COLOR,REPAIR,
1722,7,suede,B-MATERIAL,REPAIR,
1722,8,sandal,B-SHOE_TYPE,REPAIR,
1722,9,with,B-BEFORE_SENTENCE_SPLIT,REPAIR,
1722,10,needle_and_yarn,O,REPAIR,
1722,11,that,O,REPAIR,
1722,12,is,O,REPAIR,
1722,13,maximal,O,REPAIR,
1722,14,10%,B-THRESHOLD,REPAIR,
1722,15,damaged,O,REPAIR,
1723,1,use,O,REPAIR,
1723,2,the,O,REPAIR,
1723,3,repair,O,REPAIR,
1723,4,tool,O,REPAIR,
1723,5,with,O,REPAIR,
1723,6,at,O,REPAIR,
1723,7,most,O,REPAIR,
1723,8,15,B-THRESHOLD,REPAIR,
1723,9,percent,I-THRESHOLD,REPAIR,
1723,10,damage,O,REPAIR,
1723,11,to,B-AFTER_SENTENCE_SPLIT,REPAIR,
1723,12,repair,O,REPAIR,
1723,13,the,O,REPAIR,
1723,14,yellow,B-COLOR,REPAIR,
1723,15,shoe,B-SHOE_TYPE,REPAIR,
1724,1,repair,O,REPAIR,
1724,2,the,O,REPAIR,
1724,3,sole,B-REPAIR_TARGET,REPAIR,
1724,4,of,O,REPAIR,
1724,5,the,O,REPAIR,
1724,6,red_sneaker_5,B-OBJECT_ID,REPAIR,
1724,7,with,B-BEFORE_SENTENCE_SPLIT,REPAIR,
1724,8,the,O,REPAIR,
1724,9,sole_glue_1,B-OBJECT_ID,REPAIR,
1724,10,that,O,REPAIR,
1724,11,has,O,REPAIR,
1724,12,maximum,O,REPAIR,
1724,13,20%,B-THRESHOLD,REPAIR,
1724,14,damage,O,REPAIR,
1725,1,protect,O,IMPREGNATE,
1725,2,the,O,IMPREGNATE,
1725,3,boot,B-SHOE_TYPE,IMPREGNATE,
1725,4,with,B-BEFORE_SENTENCE_SPLIT,IMPREGNATE,
1725,5,spray,B-IMPREGNATION_TOOL_TYPE,IMPREGNATE,
1725,6,when,O,IMPREGNATE,
1725,7,fullness,O,IMPREGNATE,
1725,8,is,O,IMPREGNATE,
1725,9,above,O,IMPREGNATE,
1725,10,70%,B-THRESHOLD,IMPREGNATE,
1726,1,impregnate,O,IMPREGNATE,
1726,2,the,O,IMPREGNATE,
1726,3,sneaker,B-SHOE_TYPE,IMPREGNATE,
1726,4,with,B-BEFORE_SENTENCE_SPLIT,IMPREGNATE,
1726,5,cream,B-IMPREGNATION_TOOL_TYPE,IMPREGNATE,
1726,6,if,O,IMPREGNATE,
1726,7,fullness,O,IMPREGNATE,
1726,8,is,O,IMPREGNATE,
1726,9,not,O,IMPREGNATE,
1726,10,below,O,IMPREGNATE,
1726,11,60%,B-THRESHOLD,IMPREGNATE,
1727,1,clean,O,CLEAN,
1727,2,the,O,CLEAN,
1727,3,sandal,B-SHOE_TYPE,CLEAN,
1727,4,with,B-BEFORE_SENTENCE_SPLIT,CLEAN,
1727,5,cleaner,B-CLEANING_TOOL_TYPE,CLEAN,
1727,6,when,O,CLEAN,
1727,7,fullness,O,CLEAN,
1727,8,is,O,CLEAN,
1727,9,over,O,CLEAN,
1727,10,40,B-THRESHOLD,CLEAN,
1727,11,percent,I-THRESHOLD,CLEAN,
1728,1,repair,O,REPAIR,
1728,2,the,O,REPAIR,
1728,3,boot,B-SHOE_TYPE,REPAIR,
1728,4,with,B-BEFORE_SENTENCE_SPLIT,REPAIR,
1728,5,glue,B-REPAIR_TOOL_TYPE,REPAIR,
1728,6,when,O,REPAIR,
1728,7,damage,O,REPAIR,
1728,8,is,O,REPAIR,
1728,9,below,O,REPAIR,
1728,10,25,B-THRESHOLD,REPAIR,
1728,11,%,I-THRESHOLD,REPAIR,
1729,1,repair,O,REPAIR,
1729,2,the,O,REPAIR,
1729,3,shoe,B-SHOE_TYPE,REPAIR,
1729,4,with,B-BEFORE_SENTENCE_SPLIT,REPAIR,
1729,5,hammer,B-REPAIR_TOOL_TYPE,REPAIR,
1729,6,if,O,REPAIR,
1729,7,damage,O,REPAIR,
1729,8,does,O,REPAIR,
1729,9,not,O,REPAIR,
1729,10,exceed,O,REPAIR,
1729,11,30,B-THRESHOLD,REPAIR,
1729,12,percent,I-THRESHOLD,REPAIR,
1730,1,fix,O,REPAIR,
1730,2,the,O,REPAIR,
1730,3,sandal,B-SHOE_TYPE,REPAIR,
1730,4,with,B-BEFORE_SENTENCE_SPLIT,REPAIR,
1730,5,needle,B-REPAIR_TOOL_TYPE,REPAIR,
1730,6,and,I-REPAIR_TOOL_TYPE,REPAIR,
1730,7,yarn,I-REPAIR_TOOL_TYPE,REPAIR,
1730,8,when,O,REPAIR,
1730,9,damage,O,REPAIR,
1730,10,is,O,REPAIR,
1730,11,under,O,REPAIR,
1730,12,15%,B-THRESHOLD,REPAIR,
